transaction_id,timestamp,amount,merchant,category,country,device
TXN00000,2026-01-01 00:00:00,66.56,Uber,Food,IN,Android
TXN00001,2026-01-01 01:00:00,27.77,Swiggy,Bills,IN,Android
TXN00002,2026-01-01 02:00:00,88.92,Amazon,Travel,IN,Android
TXN00003,2026-01-01 03:00:00,100.62,Uber,Shopping,IN,Android
TXN00004,2026-01-01 04:00:00,15.36,Flipkart,Bills,IN,Android
TXN00005,2026-01-01 05:00:00,23.42,Uber,Shopping,IN,Android
TXN00006,2026-01-01 06:00:00,59.33,Reliance,Entertainment,IN,Web
TXN00007,2026-01-01 07:00:00,44.45,Uber,Travel,IN,Android
TXN00008,2026-01-01 08:00:00,54.01,Myntra,Food,IN,Android
TXN00009,2026-01-01 09:00:00,31.36,Amazon,Shopping,IN,Web
TXN00010,2026-01-01 10:00:00,519.3047141742845,Myntra,Shopping,IN,Android
TXN00011,2026-01-01 11:00:00,90.52,Uber,Entertainment,IN,Android
TXN00012,2026-01-01 12:00:00,56.99,Amazon,Travel,IN,iOS
TXN00013,2026-01-01 13:00:00,113.6,Flipkart,Entertainment,IN,iOS
TXN00014,2026-01-01 14:00:00,73.99,Reliance,Entertainment,IN,Android
TXN00015,2026-01-01 15:00:00,31.23,Other,Shopping,IN,iOS
TXN00016,2026-01-01 16:00:00,69.39,Uber,Food,IN,iOS
TXN00017,2026-01-01 17:00:00,29.27,Other,Entertainment,IN,Android
TXN00018,2026-01-01 18:00:00,96.64,Flipkart,Travel,IN,Android
TXN00019,2026-01-01 19:00:00,52.85,Swiggy,Travel,IN,Android
TXN00020,2026-01-01 20:00:00,48.42,Other,Travel,IN,iOS
TXN00021,2026-01-01 21:00:00,35.07,Flipkart,Bills,IN,Android
TXN00022,2026-01-01 22:00:00,120.86,Myntra,Entertainment,IN,Android
TXN00023,2026-01-01 23:00:00,49.38,Flipkart,Entertainment,IN,Android
TXN00024,2026-01-02 00:00:00,41.33,Swiggy,Bills,IN,Web
TXN00025,2026-01-02 01:00:00,43.43,Uber,Travel,IN,Android
TXN00026,2026-01-02 02:00:00,77.17,Swiggy,Food,IN,Android
TXN00027,2026-01-02 03:00:00,69.24,Other,Shopping,IN,Android
TXN00028,2026-01-02 04:00:00,71.4,Other,Bills,IN,iOS
TXN00029,2026-01-02 05:00:00,72.24,Uber,Shopping,IN,Android
TXN00030,2026-01-02 06:00:00,219.66,Uber,Bills,IN,Web
TXN00031,2026-01-02 07:00:00,41.92,Amazon,Travel,IN,Android
TXN00032,2026-01-02 08:00:00,39.14,Flipkart,Bills,IN,Android
TXN00033,2026-01-02 09:00:00,32.17,Amazon,Entertainment,IN,Android
TXN00034,2026-01-02 10:00:00,81.48,Reliance,Travel,IN,Android
TXN00035,2026-01-02 11:00:00,113.73,Flipkart,Travel,IN,Android
TXN00036,2026-01-02 12:00:00,670.4534369914336,Swiggy,Travel,IN,iOS
TXN00037,2026-01-02 13:00:00,31.62,Reliance,Food,IN,Android
TXN00038,2026-01-02 14:00:00,31.95,Myntra,Shopping,IN,iOS
TXN00039,2026-01-02 15:00:00,83.34,Myntra,Shopping,IN,Android
TXN00040,2026-01-02 16:00:00,88.51,Amazon,Bills,IN,iOS
TXN00041,2026-01-02 17:00:00,77.72,Uber,Entertainment,IN,Android
TXN00042,2026-01-02 18:00:00,35.43,Uber,Shopping,IN,Android
TXN00043,2026-01-02 19:00:00,63.49,Swiggy,Food,IN,Android
TXN00044,2026-01-02 20:00:00,58.9,Reliance,Bills,IN,Web
TXN00045,2026-01-02 21:00:00,62.94,Other,Bills,IN,Web
TXN00046,2026-01-02 22:00:00,96.2,Flipkart,Bills,IN,iOS
TXN00047,2026-01-02 23:00:00,63.14,Swiggy,Bills,IN,Web
TXN00048,2026-01-03 00:00:00,84.88,Swiggy,Shopping,IN,Android
TXN00049,2026-01-03 01:00:00,57.05,Reliance,Food,IN,Android
TXN00050,2026-01-03 02:00:00,65.89,Amazon,Travel,IN,Android
TXN00051,2026-01-03 03:00:00,82.3,Other,Shopping,IN,Web
TXN00052,2026-01-03 04:00:00,21.18,Reliance,Food,IN,Android
TXN00053,2026-01-03 05:00:00,44.35,Uber,Food,IN,Android
TXN00054,2026-01-03 06:00:00,40.22,Myntra,Entertainment,IN,iOS
TXN00055,2026-01-03 07:00:00,36.04,Other,Food,IN,Android
TXN00056,2026-01-03 08:00:00,45.66,Reliance,Entertainment,IN,iOS
TXN00057,2026-01-03 09:00:00,144.27,Flipkart,Bills,IN,Android
TXN00058,2026-01-03 10:00:00,31.1,Amazon,Bills,IN,iOS
TXN00059,2026-01-03 11:00:00,102.45,Myntra,Entertainment,IN,Web
TXN00060,2026-01-03 12:00:00,18.29,Flipkart,Entertainment,IN,iOS
TXN00061,2026-01-03 13:00:00,43.92,Amazon,Food,IN,Android
TXN00062,2026-01-03 14:00:00,60.69,Other,Travel,IN,Android
TXN00063,2026-01-03 15:00:00,79.92,Uber,Travel,IN,Android
TXN00064,2026-01-03 16:00:00,86.69,Myntra,Entertainment,IN,Android
TXN00065,2026-01-03 17:00:00,91.44,Flipkart,Shopping,IN,iOS
TXN00066,2026-01-03 18:00:00,43.52,Amazon,Travel,IN,Android
TXN00067,2026-01-03 19:00:00,40.43,Amazon,Food,IN,Android
TXN00068,2026-01-03 20:00:00,95.36,Swiggy,Food,IN,Android
TXN00069,2026-01-03 21:00:00,48.21,Amazon,Bills,IN,Web
TXN00070,2026-01-03 22:00:00,23.83,Swiggy,Food,IN,Android
TXN00071,2026-01-03 23:00:00,26.14,Swiggy,Bills,IN,Android
TXN00072,2026-01-04 00:00:00,30.03,Uber,Entertainment,IN,Android
TXN00073,2026-01-04 01:00:00,75.43,Myntra,Bills,IN,Android
TXN00074,2026-01-04 02:00:00,59.89,Swiggy,Shopping,IN,Web
TXN00075,2026-01-04 03:00:00,85.53,Uber,Shopping,IN,Android
TXN00076,2026-01-04 04:00:00,41.36,Amazon,Travel,IN,iOS
TXN00077,2026-01-04 05:00:00,60.52,Swiggy,Travel,IN,iOS
TXN00078,2026-01-04 06:00:00,81.99,Other,Bills,IN,iOS
TXN00079,2026-01-04 07:00:00,44.65,Other,Travel,IN,iOS
TXN00080,2026-01-04 08:00:00,73.47,Uber,Shopping,IN,iOS
TXN00081,2026-01-04 09:00:00,35.51,Other,Entertainment,IN,Android
TXN00082,2026-01-04 10:00:00,43.12,Uber,Entertainment,IN,Android
TXN00083,2026-01-04 11:00:00,42.6,Amazon,Bills,IN,iOS
TXN00084,2026-01-04 12:00:00,25.1,Other,Bills,IN,iOS
TXN00085,2026-01-04 13:00:00,74.93,Swiggy,Entertainment,IN,Android
TXN00086,2026-01-04 14:00:00,40.24,Myntra,Travel,IN,Android
TXN00087,2026-01-04 15:00:00,55.04,Myntra,Shopping,IN,Android
TXN00088,2026-01-04 16:00:00,74.63,Swiggy,Bills,IN,Android
TXN00089,2026-01-04 17:00:00,72.98,Reliance,Travel,IN,Android
TXN00090,2026-01-04 18:00:00,744.2422816242707,Uber,Bills,IN,Android
TXN00091,2026-01-04 19:00:00,51.21,Swiggy,Bills,IN,Android
TXN00092,2026-01-04 20:00:00,41.47,Swiggy,Travel,IN,iOS
TXN00093,2026-01-04 21:00:00,51.84,Reliance,Food,IN,iOS
TXN00094,2026-01-04 22:00:00,18.23,Flipkart,Travel,IN,iOS
TXN00095,2026-01-04 23:00:00,21.31,Amazon,Bills,IN,iOS
TXN00096,2026-01-05 00:00:00,23.11,Other,Bills,IN,Android
TXN00097,2026-01-05 01:00:00,28.55,Swiggy,Travel,IN,Android
TXN00098,2026-01-05 02:00:00,70.8,Myntra,Travel,IN,iOS
TXN00099,2026-01-05 03:00:00,30.31,Reliance,Entertainment,IN,iOS
TXN00100,2026-01-05 04:00:00,42.7,Reliance,Food,IN,iOS
TXN00101,2026-01-05 05:00:00,127.04,Myntra,Shopping,IN,iOS
TXN00102,2026-01-05 06:00:00,43.31,Myntra,Bills,IN,iOS
TXN00103,2026-01-05 07:00:00,88.18,Reliance,Entertainment,IN,iOS
TXN00104,2026-01-05 08:00:00,29.76,Other,Bills,IN,iOS
TXN00105,2026-01-05 09:00:00,47.77,Amazon,Travel,IN,iOS
TXN00106,2026-01-05 10:00:00,29.44,Reliance,Food,IN,Android
TXN00107,2026-01-05 11:00:00,43.8,Flipkart,Travel,IN,Android
TXN00108,2026-01-05 12:00:00,94.27,Other,Shopping,IN,Android
TXN00109,2026-01-05 13:00:00,17.77,Amazon,Travel,IN,Android
TXN00110,2026-01-05 14:00:00,72.41,Flipkart,Food,IN,iOS
TXN00111,2026-01-05 15:00:00,63.72,Flipkart,Food,IN,Android
TXN00112,2026-01-05 16:00:00,37.11,Myntra,Travel,IN,Android
TXN00113,2026-01-05 17:00:00,21.33,Amazon,Entertainment,IN,iOS
TXN00114,2026-01-05 18:00:00,57.22,Amazon,Food,IN,Android
TXN00115,2026-01-05 19:00:00,38.7,Uber,Entertainment,IN,iOS
TXN00116,2026-01-05 20:00:00,63.51,Other,Travel,IN,Android
TXN00117,2026-01-05 21:00:00,55.38,Uber,Entertainment,IN,Android
TXN00118,2026-01-05 22:00:00,154.65,Uber,Food,IN,Android
TXN00119,2026-01-05 23:00:00,46.73,Myntra,Entertainment,IN,Android
TXN00120,2026-01-06 00:00:00,28.07,Uber,Bills,IN,Android
TXN00121,2026-01-06 01:00:00,61.35,Swiggy,Bills,IN,Android
TXN00122,2026-01-06 02:00:00,62.99,Myntra,Travel,IN,Android
TXN00123,2026-01-06 03:00:00,132.09,Amazon,Travel,IN,Android
TXN00124,2026-01-06 04:00:00,93.96,Flipkart,Travel,IN,iOS
TXN00125,2026-01-06 05:00:00,68.85,Myntra,Entertainment,IN,Android
TXN00126,2026-01-06 06:00:00,141.34,Swiggy,Bills,IN,Android
TXN00127,2026-01-06 07:00:00,25.21,Amazon,Shopping,IN,Android
TXN00128,2026-01-06 08:00:00,36.02,Amazon,Bills,IN,Web
TXN00129,2026-01-06 09:00:00,29.9,Other,Entertainment,IN,iOS
TXN00130,2026-01-06 10:00:00,42.38,Swiggy,Bills,IN,Web
TXN00131,2026-01-06 11:00:00,22.31,Amazon,Travel,IN,Web
TXN00132,2026-01-06 12:00:00,82.5,Reliance,Food,IN,Android
TXN00133,2026-01-06 13:00:00,47.25,Uber,Bills,IN,iOS
TXN00134,2026-01-06 14:00:00,20.99,Uber,Bills,IN,Android
TXN00135,2026-01-06 15:00:00,28.22,Other,Food,IN,Web
TXN00136,2026-01-06 16:00:00,66.94,Swiggy,Travel,IN,Android
TXN00137,2026-01-06 17:00:00,94.14,Myntra,Food,IN,Android
TXN00138,2026-01-06 18:00:00,199.91,Reliance,Shopping,IN,Web
TXN00139,2026-01-06 19:00:00,362.86,Myntra,Shopping,IN,iOS
TXN00140,2026-01-06 20:00:00,71.48,Flipkart,Shopping,IN,Web
TXN00141,2026-01-06 21:00:00,28.7,Myntra,Travel,IN,Android
TXN00142,2026-01-06 22:00:00,13.66,Reliance,Travel,IN,Android
TXN00143,2026-01-06 23:00:00,64.98,Amazon,Travel,IN,Android
TXN00144,2026-01-07 00:00:00,32.19,Flipkart,Entertainment,IN,Android
TXN00145,2026-01-07 01:00:00,41.68,Myntra,Food,IN,Android
TXN00146,2026-01-07 02:00:00,36.68,Amazon,Food,IN,Android
TXN00147,2026-01-07 03:00:00,49.82,Other,Food,IN,iOS
TXN00148,2026-01-07 04:00:00,109.17,Amazon,Food,IN,Android
TXN00149,2026-01-07 05:00:00,60.47,Other,Travel,IN,iOS
TXN00150,2026-01-07 06:00:00,49.25,Myntra,Food,IN,Web
TXN00151,2026-01-07 07:00:00,27.85,Uber,Food,IN,iOS
TXN00152,2026-01-07 08:00:00,18.38,Flipkart,Bills,IN,Android
TXN00153,2026-01-07 09:00:00,39.8,Swiggy,Entertainment,IN,Android
TXN00154,2026-01-07 10:00:00,52.72,Reliance,Food,IN,Android
TXN00155,2026-01-07 11:00:00,172.29,Reliance,Shopping,IN,iOS
TXN00156,2026-01-07 12:00:00,59.42,Flipkart,Food,IN,Android
TXN00157,2026-01-07 13:00:00,103.42,Uber,Travel,IN,Android
TXN00158,2026-01-07 14:00:00,39.47,Other,Entertainment,IN,Web
TXN00159,2026-01-07 15:00:00,25.27,Flipkart,Shopping,IN,iOS
TXN00160,2026-01-07 16:00:00,29.16,Myntra,Shopping,IN,iOS
TXN00161,2026-01-07 17:00:00,34.08,Flipkart,Travel,IN,Android
TXN00162,2026-01-07 18:00:00,217.78,Reliance,Entertainment,IN,Web
TXN00163,2026-01-07 19:00:00,32.01,Flipkart,Travel,IN,Android
TXN00164,2026-01-07 20:00:00,94.16,Swiggy,Entertainment,IN,Android
TXN00165,2026-01-07 21:00:00,30.36,Uber,Bills,IN,Web
TXN00166,2026-01-07 22:00:00,100.04,Swiggy,Shopping,IN,Web
TXN00167,2026-01-07 23:00:00,70.12,Flipkart,Travel,IN,Android
TXN00168,2026-01-08 00:00:00,49.31,Myntra,Bills,IN,Android
TXN00169,2026-01-08 01:00:00,53.17,Amazon,Travel,IN,Android
TXN00170,2026-01-08 02:00:00,35.67,Other,Shopping,IN,iOS
TXN00171,2026-01-08 03:00:00,72.96,Amazon,Shopping,IN,iOS
TXN00172,2026-01-08 04:00:00,40.62,Swiggy,Bills,IN,Android
TXN00173,2026-01-08 05:00:00,24.62,Other,Travel,IN,Android
TXN00174,2026-01-08 06:00:00,23.79,Flipkart,Travel,IN,iOS
TXN00175,2026-01-08 07:00:00,61.08,Amazon,Food,IN,iOS
TXN00176,2026-01-08 08:00:00,152.38,Reliance,Food,IN,Android
TXN00177,2026-01-08 09:00:00,60.58,Amazon,Bills,IN,iOS
TXN00178,2026-01-08 10:00:00,50.55,Other,Shopping,IN,Web
TXN00179,2026-01-08 11:00:00,65.75,Uber,Travel,IN,Android
TXN00180,2026-01-08 12:00:00,127.6,Other,Food,IN,iOS
TXN00181,2026-01-08 13:00:00,62.97,Flipkart,Bills,IN,iOS
TXN00182,2026-01-08 14:00:00,41.8,Amazon,Bills,IN,Android
TXN00183,2026-01-08 15:00:00,112.07,Other,Travel,IN,Web
TXN00184,2026-01-08 16:00:00,72.15,Reliance,Food,IN,iOS
TXN00185,2026-01-08 17:00:00,148.15,Other,Food,IN,Android
TXN00186,2026-01-08 18:00:00,61.5,Swiggy,Food,IN,Android
TXN00187,2026-01-08 19:00:00,24.63,Swiggy,Food,IN,iOS
TXN00188,2026-01-08 20:00:00,22.44,Myntra,Bills,IN,Android
TXN00189,2026-01-08 21:00:00,159.67,Uber,Shopping,IN,Android
TXN00190,2026-01-08 22:00:00,167.4,Flipkart,Shopping,IN,Android
TXN00191,2026-01-08 23:00:00,48.58,Swiggy,Travel,IN,iOS
TXN00192,2026-01-09 00:00:00,42.56,Myntra,Food,IN,Web
TXN00193,2026-01-09 01:00:00,141.17,Amazon,Entertainment,IN,iOS
TXN00194,2026-01-09 02:00:00,26.59,Swiggy,Bills,IN,iOS
TXN00195,2026-01-09 03:00:00,30.52,Swiggy,Bills,IN,Android
TXN00196,2026-01-09 04:00:00,82.94,Amazon,Travel,IN,Android
TXN00197,2026-01-09 05:00:00,42.25,Amazon,Travel,IN,Web
TXN00198,2026-01-09 06:00:00,54.42,Uber,Travel,IN,Android
TXN00199,2026-01-09 07:00:00,49.1,Amazon,Shopping,IN,iOS
TXN00200,2026-01-09 08:00:00,67.99,Swiggy,Travel,IN,Android
TXN00201,2026-01-09 09:00:00,136.3,Uber,Entertainment,IN,Android
TXN00202,2026-01-09 19:00:00,563.9854112700684,Other,Food,IN,iOS
TXN00203,2026-01-09 11:00:00,82.98,Amazon,Shopping,IN,Android
TXN00204,2026-01-09 12:00:00,14.4,Uber,Travel,IN,Android
TXN00205,2026-01-09 13:00:00,52.9,Amazon,Food,IN,Android
TXN00206,2026-01-09 14:00:00,31.56,Uber,Bills,IN,Android
TXN00207,2026-01-09 15:00:00,24.72,Uber,Entertainment,IN,Android
TXN00208,2026-01-09 16:00:00,30.85,Reliance,Entertainment,IN,Web
TXN00209,2026-01-09 17:00:00,43.94,Uber,Food,IN,Android
TXN00210,2026-01-09 18:00:00,99.02,Other,Entertainment,IN,iOS
TXN00211,2026-01-09 19:00:00,23.05,Amazon,Shopping,IN,iOS
TXN00212,2026-01-09 20:00:00,55.7,Amazon,Food,IN,Android
TXN00213,2026-01-09 21:00:00,39.86,Amazon,Food,IN,Android
TXN00214,2026-01-09 22:00:00,44.12,Swiggy,Entertainment,IN,Web
TXN00215,2026-01-09 23:00:00,104.77,Flipkart,Bills,IN,iOS
TXN00216,2026-01-10 00:00:00,77.46,Amazon,Food,IN,Web
TXN00217,2026-01-10 01:00:00,130.23,Flipkart,Shopping,IN,Android
TXN00218,2026-01-10 02:00:00,49.38,Other,Bills,IN,iOS
TXN00219,2026-01-10 03:00:00,34.73,Reliance,Bills,IN,iOS
TXN00220,2026-01-10 04:00:00,47.2,Amazon,Entertainment,IN,Web
TXN00221,2026-01-10 05:00:00,63.92,Other,Travel,IN,Android
TXN00222,2026-01-10 06:00:00,61.24,Flipkart,Shopping,IN,Web
TXN00223,2026-01-10 07:00:00,26.98,Swiggy,Food,IN,Android
TXN00224,2026-01-10 08:00:00,57.91,Swiggy,Bills,IN,iOS
TXN00225,2026-01-10 09:00:00,63.33,Swiggy,Food,IN,Android
TXN00226,2026-01-10 10:00:00,280.44,Reliance,Shopping,IN,iOS
TXN00227,2026-01-10 11:00:00,184.92,Myntra,Entertainment,IN,Android
TXN00228,2026-01-10 12:00:00,31.36,Myntra,Travel,IN,iOS
TXN00229,2026-01-10 13:00:00,45.3,Myntra,Food,IN,Android
TXN00230,2026-01-10 14:00:00,21.09,Reliance,Travel,IN,Android
TXN00231,2026-01-10 15:00:00,37.19,Flipkart,Bills,IN,iOS
TXN00232,2026-01-10 16:00:00,67.03,Swiggy,Shopping,IN,iOS
TXN00233,2026-01-10 17:00:00,119.56,Amazon,Travel,IN,Android
TXN00234,2026-01-10 18:00:00,33.99,Myntra,Food,IN,iOS
TXN00235,2026-01-10 19:00:00,35.69,Uber,Shopping,IN,Android
TXN00236,2026-01-10 20:00:00,13.52,Myntra,Shopping,IN,iOS
TXN00237,2026-01-10 21:00:00,49.12,Uber,Travel,IN,iOS
TXN00238,2026-01-10 22:00:00,27.37,Flipkart,Travel,IN,iOS
TXN00239,2026-01-10 23:00:00,38.7,Amazon,Travel,IN,iOS
TXN00240,2026-01-11 00:00:00,30.88,Other,Bills,IN,Android
TXN00241,2026-01-11 01:00:00,51.35,Swiggy,Travel,IN,Android
TXN00242,2026-01-11 02:00:00,17.42,Amazon,Travel,IN,iOS
TXN00243,2026-01-11 03:00:00,21.04,Swiggy,Entertainment,IN,Android
TXN00244,2026-01-11 04:00:00,217.89,Other,Bills,IN,Android
TXN00245,2026-01-11 05:00:00,23.65,Flipkart,Entertainment,IN,iOS
TXN00246,2026-01-11 06:00:00,26.76,Other,Food,IN,Android
TXN00247,2026-01-11 07:00:00,180.19,Uber,Bills,IN,Android
TXN00248,2026-01-11 08:00:00,360.79,Other,Bills,IN,Web
TXN00249,2026-01-11 09:00:00,25.49,Myntra,Travel,IN,Android
TXN00250,2026-01-11 10:00:00,42.98,Amazon,Shopping,IN,Android
TXN00251,2026-01-11 11:00:00,68.17,Uber,Travel,IN,Android
TXN00252,2026-01-11 12:00:00,167.95,Swiggy,Entertainment,IN,Android
TXN00253,2026-01-11 13:00:00,28.75,Flipkart,Bills,IN,iOS
TXN00254,2026-01-11 14:00:00,46.55,Uber,Shopping,IN,iOS
TXN00255,2026-01-11 15:00:00,90.49,Amazon,Food,IN,iOS
TXN00256,2026-01-11 16:00:00,72.43,Myntra,Travel,IN,Android
TXN00257,2026-01-11 17:00:00,42.76,Reliance,Entertainment,IN,Android
TXN00258,2026-01-11 18:00:00,50.05,Amazon,Travel,IN,Android
TXN00259,2026-01-12 17:00:00,322.27616708463165,Uber,Entertainment,IN,iOS
TXN00260,2026-01-11 20:00:00,46.77,Myntra,Bills,IN,iOS
TXN00261,2026-01-11 21:00:00,45.92,Amazon,Food,IN,Android
TXN00262,2026-01-11 22:00:00,63.49,Swiggy,Shopping,IN,iOS
TXN00263,2026-01-11 23:00:00,38.06,Flipkart,Entertainment,IN,iOS
TXN00264,2026-01-12 00:00:00,74.18,Amazon,Travel,IN,Android
TXN00265,2026-01-12 01:00:00,105.45,Reliance,Entertainment,IN,iOS
TXN00266,2026-01-12 02:00:00,60.4,Uber,Entertainment,IN,iOS
TXN00267,2026-01-12 03:00:00,68.62,Reliance,Travel,IN,Android
TXN00268,2026-01-12 04:00:00,56.52,Myntra,Shopping,IN,Android
TXN00269,2026-01-12 05:00:00,54.6,Other,Entertainment,IN,iOS
TXN00270,2026-01-12 06:00:00,34.16,Other,Travel,IN,Web
TXN00271,2026-01-12 07:00:00,67.07,Myntra,Shopping,IN,iOS
TXN00272,2026-01-12 08:00:00,51.25,Swiggy,Travel,IN,iOS
TXN00273,2026-01-12 09:00:00,212.84,Swiggy,Shopping,IN,iOS
TXN00274,2026-01-12 10:00:00,151.82,Reliance,Food,IN,Android
TXN00275,2026-01-12 11:00:00,70.16,Swiggy,Food,IN,Android
TXN00276,2026-01-12 12:00:00,33.25,Uber,Travel,IN,Android
TXN00277,2026-01-12 13:00:00,26.49,Flipkart,Travel,IN,Web
TXN00278,2026-01-12 14:00:00,118.42,Other,Entertainment,IN,iOS
TXN00279,2026-01-12 15:00:00,64.77,Myntra,Food,IN,Web
TXN00280,2026-01-12 16:00:00,74.6,Swiggy,Bills,IN,Android
TXN00281,2026-01-12 17:00:00,17.57,Myntra,Entertainment,IN,Android
TXN00282,2026-01-12 18:00:00,99.77,Swiggy,Bills,IN,iOS
TXN00283,2026-01-12 19:00:00,73.36,Flipkart,Food,IN,Android
TXN00284,2026-01-12 20:00:00,26.53,Other,Bills,IN,Android
TXN00285,2026-01-12 21:00:00,397.6409787520477,Other,Food,IN,iOS
TXN00286,2026-01-12 22:00:00,64.81,Reliance,Travel,IN,iOS
TXN00287,2026-01-12 23:00:00,56.49,Swiggy,Bills,IN,iOS
TXN00288,2026-01-13 00:00:00,45.15,Flipkart,Food,IN,Android
TXN00289,2026-01-13 01:00:00,51.05,Amazon,Shopping,IN,Android
TXN00290,2026-01-13 02:00:00,46.35,Reliance,Entertainment,IN,Android
TXN00291,2026-01-13 03:00:00,60.29,Swiggy,Bills,IN,Android
TXN00292,2026-01-13 04:00:00,142.09,Other,Shopping,IN,Android
TXN00293,2026-01-13 05:00:00,10.3,Other,Food,IN,Android
TXN00294,2026-01-13 06:00:00,46.81,Amazon,Food,IN,Web
TXN00295,2026-01-13 07:00:00,61.24,Other,Entertainment,IN,Android
TXN00296,2026-01-13 08:00:00,66.18,Amazon,Entertainment,IN,Android
TXN00297,2026-01-13 09:00:00,42.87,Uber,Bills,IN,Android
TXN00298,2026-01-13 10:00:00,17.43,Uber,Travel,IN,iOS
TXN00299,2026-01-13 11:00:00,67.57,Other,Shopping,IN,Android
TXN00300,2026-01-13 12:00:00,167.8,Myntra,Food,IN,Android
TXN00301,2026-01-13 13:00:00,20.15,Other,Shopping,IN,Android
TXN00302,2026-01-13 14:00:00,95.73,Myntra,Bills,IN,Android
TXN00303,2026-01-13 15:00:00,44.1,Reliance,Shopping,IN,iOS
TXN00304,2026-01-13 16:00:00,452.4530093824276,Reliance,Bills,IN,Android
TXN00305,2026-01-13 17:00:00,27.54,Other,Entertainment,IN,Android
TXN00306,2026-01-13 18:00:00,43.93,Swiggy,Food,IN,iOS
TXN00307,2026-01-14 09:00:00,1686.2359761661348,Swiggy,Bills,IN,Android
TXN00308,2026-01-13 20:00:00,79.74,Other,Entertainment,IN,iOS
TXN00309,2026-01-13 21:00:00,168.34,Reliance,Travel,IN,Android
TXN00310,2026-01-13 22:00:00,117.37,Other,Travel,IN,iOS
TXN00311,2026-01-13 23:00:00,72.63,Myntra,Food,IN,Android
TXN00312,2026-01-14 00:00:00,169.62,Other,Travel,IN,Android
TXN00313,2026-01-14 01:00:00,72.63,Reliance,Entertainment,IN,Android
TXN00314,2026-01-14 02:00:00,93.52,Reliance,Bills,IN,Web
TXN00315,2026-01-14 03:00:00,45.03,Flipkart,Food,IN,Android
TXN00316,2026-01-14 04:00:00,57.01,Uber,Travel,IN,Web
TXN00317,2026-01-14 05:00:00,34.7,Reliance,Bills,IN,Web
TXN00318,2026-01-14 06:00:00,103.88,Reliance,Shopping,IN,Android
TXN00319,2026-01-14 07:00:00,25.38,Other,Bills,IN,Android
TXN00320,2026-01-14 08:00:00,90.79,Swiggy,Food,IN,Android
TXN00321,2026-01-14 09:00:00,48.23,Swiggy,Food,IN,Web
TXN00322,2026-01-14 10:00:00,116.9,Other,Travel,IN,iOS
TXN00323,2026-01-14 11:00:00,88.95,Other,Travel,IN,Android
TXN00324,2026-01-14 12:00:00,178.29,Flipkart,Entertainment,IN,Android
TXN00325,2026-01-14 13:00:00,87.79,Swiggy,Food,IN,iOS
TXN00326,2026-01-14 14:00:00,19.65,Other,Food,IN,Android
TXN00327,2026-01-14 15:00:00,52.27,Flipkart,Food,IN,Android
TXN00328,2026-01-14 16:00:00,25.49,Reliance,Entertainment,IN,Android
TXN00329,2026-01-14 17:00:00,38.98,Amazon,Entertainment,IN,Android
TXN00330,2026-01-14 18:00:00,145.81,Flipkart,Travel,IN,Web
TXN00331,2026-01-14 19:00:00,82.63,Reliance,Bills,IN,iOS
TXN00332,2026-01-14 20:00:00,34.66,Myntra,Entertainment,IN,Android
TXN00333,2026-01-15 18:00:00,384.727299440989,Uber,Entertainment,IN,Android
TXN00334,2026-01-14 22:00:00,55.77,Reliance,Bills,IN,iOS
TXN00335,2026-01-14 23:00:00,24.76,Swiggy,Travel,IN,Android
TXN00336,2026-01-15 00:00:00,35.3,Uber,Entertainment,IN,Android
TXN00337,2026-01-15 01:00:00,66.87,Myntra,Food,IN,Android
TXN00338,2026-01-15 02:00:00,115.69,Reliance,Food,IN,iOS
TXN00339,2026-01-15 03:00:00,81.1,Swiggy,Bills,IN,Web
TXN00340,2026-01-15 04:00:00,12.31,Myntra,Shopping,IN,iOS
TXN00341,2026-01-15 05:00:00,66.54,Uber,Travel,IN,Android
TXN00342,2026-01-15 06:00:00,57.22,Uber,Entertainment,IN,iOS
TXN00343,2026-01-15 07:00:00,569.990703164075,Other,Shopping,IN,Android
TXN00344,2026-01-15 08:00:00,2204.999764208993,Swiggy,Entertainment,IN,Web
TXN00345,2026-01-15 09:00:00,14.28,Myntra,Travel,IN,Android
TXN00346,2026-01-15 10:00:00,37.18,Other,Entertainment,IN,Android
TXN00347,2026-01-15 11:00:00,80.17,Reliance,Bills,IN,Android
TXN00348,2026-01-15 12:00:00,19.53,Other,Shopping,IN,Android
TXN00349,2026-01-15 13:00:00,142.5,Myntra,Bills,IN,Android
TXN00350,2026-01-15 14:00:00,69.37,Flipkart,Shopping,IN,iOS
TXN00351,2026-01-15 15:00:00,94.66,Other,Food,IN,iOS
TXN00352,2026-01-15 16:00:00,37.67,Myntra,Entertainment,IN,iOS
TXN00353,2026-01-15 17:00:00,92.66,Flipkart,Entertainment,IN,Android
TXN00354,2026-01-15 18:00:00,109.34,Swiggy,Shopping,IN,Android
TXN00355,2026-01-15 19:00:00,63.52,Flipkart,Food,IN,Android
TXN00356,2026-01-15 20:00:00,63.58,Reliance,Shopping,IN,Android
TXN00357,2026-01-15 21:00:00,65.09,Amazon,Food,IN,Android
TXN00358,2026-01-15 22:00:00,31.15,Reliance,Entertainment,IN,Web
TXN00359,2026-01-15 23:00:00,49.61,Uber,Shopping,IN,Web
TXN00360,2026-01-16 00:00:00,49.44,Amazon,Bills,IN,Android
TXN00361,2026-01-16 01:00:00,70.05,Myntra,Entertainment,IN,iOS
TXN00362,2026-01-16 02:00:00,104.57,Reliance,Entertainment,IN,iOS
TXN00363,2026-01-16 03:00:00,27.44,Reliance,Food,IN,Android
TXN00364,2026-01-16 04:00:00,50.34,Uber,Bills,IN,iOS
TXN00365,2026-01-16 05:00:00,143.01,Swiggy,Travel,IN,Android
TXN00366,2026-01-16 06:00:00,33.67,Flipkart,Shopping,IN,Android
TXN00367,2026-01-16 07:00:00,31.99,Amazon,Food,IN,Web
TXN00368,2026-01-16 15:00:00,905.2760092739558,Swiggy,Bills,IN,iOS
TXN00369,2026-01-16 09:00:00,94.52,Myntra,Bills,IN,Android
TXN00370,2026-01-16 10:00:00,55.01,Amazon,Travel,IN,Android
TXN00371,2026-01-16 11:00:00,129.52,Other,Bills,IN,Web
TXN00372,2026-01-16 12:00:00,95.29,Myntra,Bills,IN,Android
TXN00373,2026-01-16 13:00:00,94.37,Swiggy,Food,IN,Web
TXN00374,2026-01-16 14:00:00,78.27,Other,Food,IN,Web
TXN00375,2026-01-16 15:00:00,247.89,Flipkart,Entertainment,IN,Android
TXN00376,2026-01-17 04:00:00,633.7712417935181,Other,Entertainment,IN,iOS
TXN00377,2026-01-16 17:00:00,199.93586975852895,Flipkart,Shopping,IN,iOS
TXN00378,2026-01-16 18:00:00,154.9,Swiggy,Bills,IN,iOS
TXN00379,2026-01-16 19:00:00,40.55,Swiggy,Shopping,IN,Android
TXN00380,2026-01-16 20:00:00,58.56,Other,Entertainment,IN,Android
TXN00381,2026-01-16 21:00:00,127.89,Flipkart,Travel,IN,Android
TXN00382,2026-01-16 22:00:00,19.27,Other,Bills,IN,iOS
TXN00383,2026-01-16 23:00:00,24.2,Swiggy,Bills,IN,iOS
TXN00384,2026-01-17 00:00:00,19.28,Flipkart,Bills,IN,iOS
TXN00385,2026-01-17 01:00:00,32.58,Myntra,Food,IN,iOS
TXN00386,2026-01-17 02:00:00,72.66,Myntra,Entertainment,IN,Android
TXN00387,2026-01-17 03:00:00,76.76,Swiggy,Travel,IN,Android
TXN00388,2026-01-17 04:00:00,65.34,Amazon,Travel,IN,iOS
TXN00389,2026-01-17 05:00:00,21.8,Swiggy,Food,IN,Android
TXN00390,2026-01-17 06:00:00,12.16,Uber,Shopping,IN,iOS
TXN00391,2026-01-17 07:00:00,56.56,Amazon,Travel,IN,Android
TXN00392,2026-01-17 08:00:00,40.18,Amazon,Food,IN,Android
TXN00393,2026-01-17 09:00:00,73.6,Other,Bills,IN,Web
TXN00394,2026-01-17 10:00:00,86.17,Amazon,Food,IN,Android
TXN00395,2026-01-17 11:00:00,59.73,Swiggy,Entertainment,IN,Android
TXN00396,2026-01-17 12:00:00,89.49,Reliance,Bills,IN,iOS
TXN00397,2026-01-17 13:00:00,63.37,Swiggy,Travel,IN,iOS
TXN00398,2026-01-17 14:00:00,77.06,Uber,Bills,IN,Web
TXN00399,2026-01-17 15:00:00,34.53,Amazon,Bills,IN,Web
TXN00400,2026-01-17 16:00:00,48.58,Reliance,Bills,IN,iOS
TXN00401,2026-01-17 17:00:00,62.05,Myntra,Travel,IN,Android
TXN00402,2026-01-17 18:00:00,583.6567787412378,Reliance,Entertainment,IN,Android
TXN00403,2026-01-17 19:00:00,42.27,Other,Food,IN,Web
TXN00404,2026-01-17 20:00:00,76.61,Swiggy,Travel,IN,Android
TXN00405,2026-01-17 21:00:00,45.93,Amazon,Food,IN,Web
TXN00406,2026-01-17 22:00:00,50.58,Swiggy,Travel,IN,iOS
TXN00407,2026-01-17 23:00:00,93.61,Flipkart,Entertainment,IN,Android
TXN00408,2026-01-18 00:00:00,14.95,Uber,Bills,IN,Android
TXN00409,2026-01-18 01:00:00,23.51,Flipkart,Food,IN,iOS
TXN00410,2026-01-18 02:00:00,20.83,Other,Entertainment,IN,Android
TXN00411,2026-01-18 03:00:00,11.98,Myntra,Bills,IN,Android
TXN00412,2026-01-18 04:00:00,35.13,Flipkart,Travel,IN,iOS
TXN00413,2026-01-18 05:00:00,88.87,Other,Shopping,IN,Android
TXN00414,2026-01-18 06:00:00,45.37,Reliance,Travel,IN,Android
TXN00415,2026-01-18 07:00:00,62.09,Uber,Entertainment,IN,iOS
TXN00416,2026-01-18 08:00:00,110.83,Flipkart,Travel,IN,iOS
TXN00417,2026-01-18 09:00:00,129.41,Swiggy,Shopping,IN,Android
TXN00418,2026-01-18 10:00:00,52.2,Myntra,Shopping,IN,Web
TXN00419,2026-01-18 11:00:00,131.61,Reliance,Entertainment,IN,Web
TXN00420,2026-01-18 12:00:00,57.97,Flipkart,Travel,IN,Android
TXN00421,2026-01-18 13:00:00,31.68,Reliance,Bills,IN,Android
TXN00422,2026-01-18 14:00:00,37.1,Flipkart,Food,IN,iOS
TXN00423,2026-01-18 15:00:00,20.86,Flipkart,Shopping,IN,Android
TXN00424,2026-01-18 16:00:00,30.65,Uber,Travel,IN,iOS
TXN00425,2026-01-18 17:00:00,43.26,Flipkart,Bills,IN,iOS
TXN00426,2026-01-18 18:00:00,92.05,Swiggy,Food,IN,Android
TXN00427,2026-01-18 19:00:00,167.08,Swiggy,Bills,IN,iOS
TXN00428,2026-01-18 20:00:00,22.23,Flipkart,Travel,IN,Android
TXN00429,2026-01-18 21:00:00,70.48,Reliance,Food,IN,Web
TXN00430,2026-01-18 22:00:00,27.76,Swiggy,Food,IN,Android
TXN00431,2026-01-18 23:00:00,74.33,Myntra,Food,IN,Web
TXN00432,2026-01-19 00:00:00,50.14,Reliance,Food,IN,Android
TXN00433,2026-01-19 01:00:00,16.61,Myntra,Bills,IN,iOS
TXN00434,2026-01-19 02:00:00,99.82,Flipkart,Food,IN,Web
TXN00435,2026-01-19 03:00:00,36.85,Reliance,Bills,IN,Android
TXN00436,2026-01-19 04:00:00,277.9164578368226,Flipkart,Food,IN,Android
TXN00437,2026-01-19 05:00:00,27.24,Flipkart,Food,IN,iOS
TXN00438,2026-01-19 06:00:00,35.68,Other,Entertainment,IN,iOS
TXN00439,2026-01-19 07:00:00,72.11,Swiggy,Entertainment,IN,Android
TXN00440,2026-01-19 08:00:00,681.4210458034742,Myntra,Travel,IN,Android
TXN00441,2026-01-19 09:00:00,67.6,Amazon,Food,IN,iOS
TXN00442,2026-01-19 10:00:00,69.08,Myntra,Bills,IN,Android
TXN00443,2026-01-19 11:00:00,128.82,Other,Shopping,IN,iOS
TXN00444,2026-01-20 10:00:00,595.3166379844723,Myntra,Travel,IN,Android
TXN00445,2026-01-19 13:00:00,20.91,Myntra,Travel,IN,Android
TXN00446,2026-01-19 14:00:00,109.26,Reliance,Bills,IN,iOS
TXN00447,2026-01-19 15:00:00,44.02,Swiggy,Shopping,IN,Android
TXN00448,2026-01-19 16:00:00,112.67,Swiggy,Shopping,IN,Web
TXN00449,2026-01-19 17:00:00,70.05,Amazon,Food,IN,iOS
TXN00450,2026-01-19 18:00:00,50.14,Myntra,Shopping,IN,Android
TXN00451,2026-01-19 19:00:00,68.49,Reliance,Travel,IN,Android
TXN00452,2026-01-19 20:00:00,194.06,Reliance,Entertainment,IN,Android
TXN00453,2026-01-19 21:00:00,210.62,Reliance,Food,IN,iOS
TXN00454,2026-01-19 22:00:00,57.12,Amazon,Travel,IN,iOS
TXN00455,2026-01-19 23:00:00,60.59,Myntra,Food,IN,iOS
TXN00456,2026-01-20 00:00:00,109.9,Reliance,Shopping,IN,Android
TXN00457,2026-01-20 01:00:00,31.51,Flipkart,Bills,IN,Android
TXN00458,2026-01-20 02:00:00,67.8,Uber,Food,IN,Android
TXN00459,2026-01-20 03:00:00,53.69,Other,Travel,IN,iOS
TXN00460,2026-01-20 04:00:00,66.96,Swiggy,Bills,IN,Android
TXN00461,2026-01-20 05:00:00,31.76,Reliance,Entertainment,IN,Android
TXN00462,2026-01-20 06:00:00,19.43,Uber,Shopping,IN,Android
TXN00463,2026-01-20 07:00:00,14.19,Myntra,Travel,IN,Android
TXN00464,2026-01-20 08:00:00,26.41,Myntra,Entertainment,IN,iOS
TXN00465,2026-01-20 09:00:00,40.52,Myntra,Travel,IN,iOS
TXN00466,2026-01-20 10:00:00,45.12,Reliance,Shopping,IN,Web
TXN00467,2026-01-20 11:00:00,192.33,Other,Food,IN,Android
TXN00468,2026-01-20 12:00:00,112.04,Swiggy,Bills,IN,iOS
TXN00469,2026-01-20 13:00:00,29.21,Other,Bills,IN,Android
TXN00470,2026-01-20 14:00:00,68.44,Myntra,Food,IN,iOS
TXN00471,2026-01-20 15:00:00,41.9,Myntra,Shopping,IN,iOS
TXN00472,2026-01-20 16:00:00,45.38,Swiggy,Food,IN,Android
TXN00473,2026-01-20 17:00:00,61.59,Swiggy,Food,IN,iOS
TXN00474,2026-01-20 18:00:00,81.65,Myntra,Bills,IN,Android
TXN00475,2026-01-20 19:00:00,43.79,Swiggy,Entertainment,IN,Android
TXN00476,2026-01-20 20:00:00,109.02,Swiggy,Shopping,IN,Android
TXN00477,2026-01-20 21:00:00,25.99,Reliance,Bills,IN,Android
TXN00478,2026-01-20 22:00:00,54.82,Swiggy,Bills,IN,Web
TXN00479,2026-01-20 23:00:00,295.45,Myntra,Bills,IN,iOS
TXN00480,2026-01-21 00:00:00,63.12,Amazon,Entertainment,IN,iOS
TXN00481,2026-01-21 01:00:00,138.6,Amazon,Shopping,IN,Web
TXN00482,2026-01-21 02:00:00,57.94,Reliance,Bills,IN,iOS
TXN00483,2026-01-21 03:00:00,79.64,Amazon,Shopping,IN,Android
TXN00484,2026-01-21 04:00:00,52.62,Reliance,Entertainment,IN,Android
TXN00485,2026-01-21 05:00:00,48.87,Other,Travel,IN,Android
TXN00486,2026-01-21 06:00:00,32.9,Uber,Shopping,IN,Web
TXN00487,2026-01-21 07:00:00,72.22,Other,Bills,IN,Web
TXN00488,2026-01-21 08:00:00,31.39,Swiggy,Bills,IN,iOS
TXN00489,2026-01-21 09:00:00,84.15,Other,Travel,IN,Android
TXN00490,2026-01-21 10:00:00,110.55,Flipkart,Food,IN,Android
TXN00491,2026-01-21 11:00:00,69.29,Swiggy,Shopping,IN,Web
TXN00492,2026-01-21 12:00:00,45.33,Swiggy,Entertainment,IN,Android
TXN00493,2026-01-21 13:00:00,73.34,Reliance,Shopping,IN,iOS
TXN00494,2026-01-21 14:00:00,44.67,Amazon,Entertainment,IN,Android
TXN00495,2026-01-22 11:00:00,1071.6721148386712,Reliance,Travel,IN,Android
TXN00496,2026-01-21 16:00:00,16.6,Amazon,Bills,IN,iOS
TXN00497,2026-01-21 17:00:00,43.9,Swiggy,Bills,IN,Web
TXN00498,2026-01-21 18:00:00,14.97,Myntra,Entertainment,IN,iOS
TXN00499,2026-01-21 19:00:00,20.66,Flipkart,Shopping,IN,Android
TXN00500,2026-01-21 20:00:00,132.49,Uber,Entertainment,IN,Android
TXN00501,2026-01-21 21:00:00,97.7,Other,Shopping,IN,Web
TXN00502,2026-01-21 22:00:00,34.2,Reliance,Entertainment,IN,iOS
TXN00503,2026-01-21 23:00:00,20.56,Amazon,Food,IN,Android
TXN00504,2026-01-22 00:00:00,7.95,Myntra,Entertainment,IN,iOS
TXN00505,2026-01-22 01:00:00,38.35,Myntra,Shopping,IN,Android
TXN00506,2026-01-22 02:00:00,263.29,Amazon,Travel,IN,Android
TXN00507,2026-01-22 03:00:00,72.43,Myntra,Travel,IN,Web
TXN00508,2026-01-22 04:00:00,37.95,Uber,Entertainment,IN,iOS
TXN00509,2026-01-22 05:00:00,73.87,Myntra,Shopping,IN,Android
TXN00510,2026-01-22 06:00:00,19.79,Swiggy,Shopping,IN,Android
TXN00511,2026-01-22 07:00:00,45.0,Flipkart,Bills,IN,Web
TXN00512,2026-01-22 08:00:00,58.25,Reliance,Shopping,IN,iOS
TXN00513,2026-01-22 09:00:00,51.63,Reliance,Bills,IN,iOS
TXN00514,2026-01-22 10:00:00,91.29,Flipkart,Shopping,IN,Android
TXN00515,2026-01-22 11:00:00,68.31,Flipkart,Entertainment,IN,Web
TXN00516,2026-01-22 12:00:00,84.3,Myntra,Travel,IN,Web
TXN00517,2026-01-22 13:00:00,34.9,Reliance,Entertainment,IN,Android
TXN00518,2026-01-22 14:00:00,97.86,Flipkart,Shopping,IN,Android
TXN00519,2026-01-22 15:00:00,157.4,Flipkart,Food,IN,iOS
TXN00520,2026-01-22 16:00:00,29.06,Reliance,Travel,IN,iOS
TXN00521,2026-01-22 17:00:00,30.66,Myntra,Shopping,IN,iOS
TXN00522,2026-01-22 18:00:00,130.09,Other,Shopping,IN,Web
TXN00523,2026-01-22 19:00:00,48.21,Reliance,Food,IN,iOS
TXN00524,2026-01-22 20:00:00,135.98,Other,Bills,IN,Android
TXN00525,2026-01-22 21:00:00,40.95,Flipkart,Bills,IN,Android
TXN00526,2026-01-22 22:00:00,140.58,Flipkart,Shopping,IN,iOS
TXN00527,2026-01-22 23:00:00,59.47,Flipkart,Shopping,IN,Android
TXN00528,2026-01-23 00:00:00,64.58,Amazon,Bills,IN,Android
TXN00529,2026-01-23 01:00:00,150.97,Reliance,Food,IN,iOS
TXN00530,2026-01-23 02:00:00,43.16,Myntra,Bills,IN,Android
TXN00531,2026-01-23 03:00:00,29.61,Amazon,Food,IN,iOS
TXN00532,2026-01-23 04:00:00,40.79,Flipkart,Food,IN,Android
TXN00533,2026-01-23 05:00:00,73.26,Flipkart,Food,IN,Android
TXN00534,2026-01-23 06:00:00,19.73,Swiggy,Food,IN,Android
TXN00535,2026-01-23 07:00:00,82.63,Uber,Bills,IN,iOS
TXN00536,2026-01-23 08:00:00,38.47,Swiggy,Travel,IN,iOS
TXN00537,2026-01-23 09:00:00,115.13,Other,Bills,IN,Android
TXN00538,2026-01-23 10:00:00,11.52,Flipkart,Shopping,IN,Android
TXN00539,2026-01-23 11:00:00,32.74,Uber,Travel,IN,Android
TXN00540,2026-01-23 12:00:00,18.24,Uber,Travel,IN,iOS
TXN00541,2026-01-23 13:00:00,31.91,Swiggy,Entertainment,IN,Web
TXN00542,2026-01-23 14:00:00,64.13,Reliance,Travel,IN,iOS
TXN00543,2026-01-23 15:00:00,48.59,Other,Shopping,IN,Android
TXN00544,2026-01-23 16:00:00,46.31,Amazon,Bills,IN,iOS
TXN00545,2026-01-23 17:00:00,49.23,Uber,Shopping,IN,Android
TXN00546,2026-01-23 18:00:00,62.32,Amazon,Entertainment,IN,Android
TXN00547,2026-01-23 19:00:00,28.35,Uber,Food,IN,Android
TXN00548,2026-01-23 20:00:00,86.44,Myntra,Bills,IN,Android
TXN00549,2026-01-23 21:00:00,83.99,Swiggy,Bills,IN,Android
TXN00550,2026-01-23 22:00:00,70.12,Swiggy,Travel,IN,iOS
TXN00551,2026-01-23 23:00:00,78.39,Swiggy,Travel,IN,Android
TXN00552,2026-01-24 00:00:00,912.24907116457,Swiggy,Shopping,IN,iOS
TXN00553,2026-01-24 01:00:00,204.96,Swiggy,Shopping,IN,Web
TXN00554,2026-01-24 02:00:00,51.59,Swiggy,Bills,IN,iOS
TXN00555,2026-01-24 03:00:00,44.72,Myntra,Entertainment,IN,Android
TXN00556,2026-01-24 04:00:00,33.46,Amazon,Entertainment,IN,iOS
TXN00557,2026-01-24 05:00:00,27.91,Amazon,Food,IN,Android
TXN00558,2026-01-24 06:00:00,24.31,Uber,Food,IN,Android
TXN00559,2026-01-24 07:00:00,30.64,Myntra,Food,IN,Android
TXN00560,2026-01-24 08:00:00,52.15,Flipkart,Bills,IN,iOS
TXN00561,2026-01-24 09:00:00,67.85,Flipkart,Bills,IN,iOS
TXN00562,2026-01-24 10:00:00,287.8922793289673,Myntra,Bills,IN,iOS
TXN00563,2026-01-24 11:00:00,33.2,Swiggy,Entertainment,IN,iOS
TXN00564,2026-01-24 12:00:00,98.01,Reliance,Food,IN,Android
TXN00565,2026-01-24 13:00:00,88.29,Flipkart,Bills,IN,iOS
TXN00566,2026-01-24 14:00:00,49.22,Amazon,Travel,IN,Web
TXN00567,2026-01-24 15:00:00,35.72,Uber,Entertainment,IN,Android
TXN00568,2026-01-24 16:00:00,77.98,Swiggy,Food,IN,Web
TXN00569,2026-01-24 17:00:00,61.69,Reliance,Shopping,IN,Web
TXN00570,2026-01-24 18:00:00,21.3,Uber,Food,IN,Android
TXN00571,2026-01-24 19:00:00,52.24,Swiggy,Bills,IN,Android
TXN00572,2026-01-24 20:00:00,64.74,Flipkart,Entertainment,IN,Android
TXN00573,2026-01-24 21:00:00,30.42,Flipkart,Entertainment,IN,iOS
TXN00574,2026-01-24 22:00:00,61.77,Reliance,Shopping,IN,Android
TXN00575,2026-01-24 23:00:00,21.21,Flipkart,Travel,IN,Android
TXN00576,2026-01-25 00:00:00,130.13,Uber,Shopping,IN,iOS
TXN00577,2026-01-25 01:00:00,122.87,Reliance,Food,IN,Web
TXN00578,2026-01-25 02:00:00,46.33,Other,Entertainment,IN,iOS
TXN00579,2026-01-25 03:00:00,69.15,Flipkart,Entertainment,IN,iOS
TXN00580,2026-01-25 04:00:00,11.4,Amazon,Shopping,IN,Android
TXN00581,2026-01-25 05:00:00,25.75,Reliance,Shopping,IN,Android
TXN00582,2026-01-25 06:00:00,45.11,Myntra,Bills,IN,iOS
TXN00583,2026-01-25 07:00:00,27.2,Swiggy,Travel,IN,Android
TXN00584,2026-01-25 08:00:00,86.87,Myntra,Travel,IN,iOS
TXN00585,2026-01-25 09:00:00,199.99,Flipkart,Entertainment,IN,Web
TXN00586,2026-01-25 10:00:00,25.41,Myntra,Entertainment,IN,iOS
TXN00587,2026-01-25 11:00:00,31.68,Reliance,Entertainment,IN,iOS
TXN00588,2026-01-25 12:00:00,63.63,Swiggy,Bills,IN,iOS
TXN00589,2026-01-25 13:00:00,155.59,Uber,Entertainment,IN,iOS
TXN00590,2026-01-25 14:00:00,24.67,Swiggy,Bills,IN,Android
TXN00591,2026-01-25 15:00:00,64.19,Amazon,Entertainment,IN,Android
TXN00592,2026-01-25 16:00:00,178.37,Amazon,Travel,IN,Android
TXN00593,2026-01-25 17:00:00,18.66,Other,Shopping,IN,iOS
TXN00594,2026-01-25 18:00:00,23.74,Uber,Entertainment,IN,Android
TXN00595,2026-01-25 19:00:00,41.46,Flipkart,Entertainment,IN,Android
TXN00596,2026-01-25 20:00:00,38.92,Amazon,Food,IN,iOS
TXN00597,2026-01-26 18:00:00,634.2792608699692,Swiggy,Travel,IN,Android
TXN00598,2026-01-25 22:00:00,63.88,Other,Travel,IN,iOS
TXN00599,2026-01-25 23:00:00,17.22,Swiggy,Bills,IN,Android
TXN00600,2026-01-26 00:00:00,76.33,Other,Bills,IN,Android
TXN00601,2026-01-26 01:00:00,37.51,Uber,Food,IN,Android
TXN00602,2026-01-26 02:00:00,125.01,Reliance,Entertainment,IN,Android
TXN00603,2026-01-26 03:00:00,36.31,Reliance,Entertainment,IN,Web
TXN00604,2026-01-26 04:00:00,36.1,Amazon,Entertainment,IN,Web
TXN00605,2026-01-26 05:00:00,77.61,Amazon,Travel,IN,iOS
TXN00606,2026-01-26 06:00:00,89.65,Other,Shopping,IN,iOS
TXN00607,2026-01-26 07:00:00,73.06,Other,Entertainment,IN,iOS
TXN00608,2026-01-26 08:00:00,18.25,Amazon,Shopping,IN,Web
TXN00609,2026-01-26 09:00:00,77.46,Myntra,Shopping,IN,Android
TXN00610,2026-01-26 10:00:00,27.87,Other,Food,IN,Android
TXN00611,2026-01-26 11:00:00,63.62,Other,Shopping,IN,iOS
TXN00612,2026-01-26 12:00:00,21.64,Swiggy,Bills,IN,Web
TXN00613,2026-01-26 13:00:00,72.97,Reliance,Travel,IN,Android
TXN00614,2026-01-26 14:00:00,32.32,Myntra,Food,IN,Android
TXN00615,2026-01-26 15:00:00,23.72,Other,Shopping,IN,Android
TXN00616,2026-01-26 16:00:00,86.83,Flipkart,Food,IN,Android
TXN00617,2026-01-26 17:00:00,63.88,Myntra,Bills,IN,iOS
TXN00618,2026-01-26 18:00:00,36.63,Amazon,Bills,IN,Android
TXN00619,2026-01-26 19:00:00,140.23,Swiggy,Food,IN,Web
TXN00620,2026-01-26 20:00:00,41.0,Amazon,Shopping,IN,iOS
TXN00621,2026-01-26 21:00:00,55.75,Uber,Travel,IN,Android
TXN00622,2026-01-26 22:00:00,65.03,Reliance,Bills,IN,iOS
TXN00623,2026-01-26 23:00:00,208.33761120305962,Myntra,Shopping,IN,iOS
TXN00624,2026-01-27 00:00:00,600.0654751423056,Swiggy,Bills,IN,Android
TXN00625,2026-01-27 01:00:00,38.6,Swiggy,Shopping,IN,Android
TXN00626,2026-01-27 02:00:00,41.78,Swiggy,Food,IN,iOS
TXN00627,2026-01-27 03:00:00,132.39,Reliance,Bills,IN,Android
TXN00628,2026-01-27 04:00:00,27.76,Flipkart,Shopping,IN,Android
TXN00629,2026-01-27 05:00:00,11.38,Amazon,Food,IN,Android
TXN00630,2026-01-27 06:00:00,155.57,Uber,Shopping,IN,Android
TXN00631,2026-01-27 07:00:00,286.31,Reliance,Food,IN,iOS
TXN00632,2026-01-27 08:00:00,41.95,Uber,Bills,IN,Android
TXN00633,2026-01-27 09:00:00,15.5,Flipkart,Food,IN,iOS
TXN00634,2026-01-27 10:00:00,44.62,Amazon,Shopping,IN,Android
TXN00635,2026-01-27 11:00:00,45.33,Other,Food,IN,iOS
TXN00636,2026-01-27 12:00:00,48.26,Reliance,Shopping,IN,Android
TXN00637,2026-01-27 13:00:00,26.48,Flipkart,Bills,IN,Web
TXN00638,2026-01-27 14:00:00,79.58,Amazon,Entertainment,IN,Web
TXN00639,2026-01-27 15:00:00,76.78,Amazon,Shopping,IN,Android
TXN00640,2026-01-27 16:00:00,20.67,Swiggy,Bills,IN,iOS
TXN00641,2026-01-27 17:00:00,86.01,Reliance,Food,IN,Android
TXN00642,2026-01-27 18:00:00,207.32,Flipkart,Shopping,IN,iOS
TXN00643,2026-01-27 19:00:00,61.05,Reliance,Bills,IN,iOS
TXN00644,2026-01-27 20:00:00,43.85,Amazon,Food,IN,Android
TXN00645,2026-01-27 21:00:00,49.78,Reliance,Travel,IN,Android
TXN00646,2026-01-27 22:00:00,81.44,Flipkart,Travel,IN,Android
TXN00647,2026-01-27 23:00:00,17.73,Other,Travel,IN,iOS
TXN00648,2026-01-28 00:00:00,60.76,Uber,Shopping,IN,iOS
TXN00649,2026-01-28 01:00:00,42.36,Flipkart,Food,IN,Android
TXN00650,2026-01-28 02:00:00,181.47,Flipkart,Bills,IN,Android
TXN00651,2026-01-28 03:00:00,48.75,Reliance,Entertainment,IN,Android
TXN00652,2026-01-28 04:00:00,161.44,Swiggy,Shopping,IN,iOS
TXN00653,2026-01-28 05:00:00,26.64,Swiggy,Travel,IN,Android
TXN00654,2026-01-28 06:00:00,79.98,Reliance,Entertainment,IN,Android
TXN00655,2026-01-28 07:00:00,67.2,Uber,Food,IN,Web
TXN00656,2026-01-28 08:00:00,31.04,Myntra,Travel,IN,Android
TXN00657,2026-01-28 09:00:00,61.27,Uber,Entertainment,IN,iOS
TXN00658,2026-01-28 10:00:00,120.08,Amazon,Entertainment,IN,Android
TXN00659,2026-01-28 11:00:00,44.24,Amazon,Bills,IN,Android
TXN00660,2026-01-28 12:00:00,18.18,Amazon,Bills,IN,iOS
TXN00661,2026-01-28 13:00:00,53.98,Myntra,Bills,IN,Android
TXN00662,2026-01-28 14:00:00,30.37,Uber,Food,IN,Android
TXN00663,2026-01-28 15:00:00,43.71,Reliance,Entertainment,IN,Web
TXN00664,2026-01-28 16:00:00,51.78,Other,Shopping,IN,Web
TXN00665,2026-01-28 17:00:00,18.02,Flipkart,Shopping,IN,iOS
TXN00666,2026-01-28 18:00:00,19.1,Other,Bills,IN,Android
TXN00667,2026-01-28 19:00:00,412.6707890384374,Other,Entertainment,IN,Android
TXN00668,2026-01-28 20:00:00,38.87,Myntra,Entertainment,IN,Android
TXN00669,2026-01-28 21:00:00,10.31,Uber,Bills,IN,Web
TXN00670,2026-01-28 22:00:00,90.94,Flipkart,Food,IN,iOS
TXN00671,2026-01-28 23:00:00,65.17,Flipkart,Food,IN,Android
TXN00672,2026-01-29 00:00:00,34.33,Amazon,Travel,IN,Web
TXN00673,2026-01-29 01:00:00,23.2,Myntra,Food,IN,Android
TXN00674,2026-01-29 02:00:00,94.0,Uber,Travel,IN,iOS
TXN00675,2026-01-29 03:00:00,68.52,Flipkart,Shopping,IN,Android
TXN00676,2026-01-29 04:00:00,256.9,Amazon,Food,IN,Android
TXN00677,2026-01-29 05:00:00,71.75,Amazon,Entertainment,IN,Web
TXN00678,2026-01-29 06:00:00,70.25,Myntra,Bills,IN,Web
TXN00679,2026-01-29 07:00:00,48.98,Myntra,Shopping,IN,Android
TXN00680,2026-01-29 08:00:00,92.84,Myntra,Food,IN,Android
TXN00681,2026-01-29 09:00:00,81.97,Amazon,Food,IN,iOS
TXN00682,2026-01-29 10:00:00,123.18,Amazon,Food,IN,Android
TXN00683,2026-01-29 11:00:00,38.91,Amazon,Bills,IN,iOS
TXN00684,2026-01-29 12:00:00,41.14,Reliance,Entertainment,IN,iOS
TXN00685,2026-01-29 13:00:00,39.99,Reliance,Bills,IN,Android
TXN00686,2026-01-29 14:00:00,91.29,Swiggy,Travel,IN,Android
TXN00687,2026-01-29 15:00:00,144.6,Amazon,Shopping,IN,Android
TXN00688,2026-01-29 16:00:00,40.52,Swiggy,Shopping,IN,Web
TXN00689,2026-01-29 17:00:00,41.43,Reliance,Entertainment,IN,Android
TXN00690,2026-01-29 18:00:00,66.96,Flipkart,Bills,IN,iOS
TXN00691,2026-01-29 19:00:00,46.54,Reliance,Travel,IN,Android
TXN00692,2026-01-29 20:00:00,101.38,Uber,Travel,IN,iOS
TXN00693,2026-01-29 21:00:00,12.63,Amazon,Entertainment,IN,Android
TXN00694,2026-01-29 22:00:00,31.9,Other,Entertainment,IN,Android
TXN00695,2026-01-29 23:00:00,32.83,Uber,Shopping,IN,iOS
TXN00696,2026-01-30 00:00:00,12.08,Myntra,Food,IN,iOS
TXN00697,2026-01-30 01:00:00,29.18,Amazon,Shopping,IN,Android
TXN00698,2026-01-30 02:00:00,30.12,Swiggy,Food,IN,Android
TXN00699,2026-01-30 03:00:00,47.91,Myntra,Bills,IN,Web
TXN00700,2026-01-30 04:00:00,112.55,Myntra,Food,IN,Android
TXN00701,2026-01-30 05:00:00,46.56,Amazon,Shopping,IN,Android
TXN00702,2026-01-30 06:00:00,27.94,Myntra,Travel,IN,Android
TXN00703,2026-01-30 07:00:00,52.61,Other,Travel,IN,Android
TXN00704,2026-01-30 08:00:00,107.98,Reliance,Bills,IN,iOS
TXN00705,2026-01-30 09:00:00,28.95,Flipkart,Shopping,IN,iOS
TXN00706,2026-01-30 10:00:00,30.21,Other,Food,IN,Android
TXN00707,2026-01-30 11:00:00,78.5,Myntra,Bills,IN,iOS
TXN00708,2026-01-30 12:00:00,47.28,Amazon,Bills,IN,Android
TXN00709,2026-01-30 13:00:00,83.17,Amazon,Entertainment,IN,iOS
TXN00710,2026-01-30 14:00:00,54.12,Other,Entertainment,IN,Android
TXN00711,2026-01-30 15:00:00,86.15,Flipkart,Entertainment,IN,Android
TXN00712,2026-01-30 16:00:00,27.86,Amazon,Travel,IN,iOS
TXN00713,2026-01-30 17:00:00,54.17,Uber,Entertainment,IN,Android
TXN00714,2026-01-30 18:00:00,47.61,Uber,Travel,IN,Android
TXN00715,2026-01-30 19:00:00,24.77,Myntra,Entertainment,IN,Android
TXN00716,2026-01-30 20:00:00,19.76,Myntra,Food,IN,iOS
TXN00717,2026-01-30 21:00:00,85.26,Other,Travel,IN,Android
TXN00718,2026-01-31 14:00:00,611.131231375735,Reliance,Bills,IN,iOS
TXN00719,2026-01-30 23:00:00,28.09,Amazon,Food,IN,iOS
TXN00720,2026-01-31 11:00:00,283.72765854715584,Amazon,Shopping,IN,iOS
TXN00721,2026-01-31 01:00:00,113.66,Amazon,Entertainment,IN,Android
TXN00722,2026-01-31 02:00:00,12.4,Swiggy,Travel,IN,iOS
TXN00723,2026-01-31 03:00:00,20.64,Swiggy,Entertainment,IN,Android
TXN00724,2026-01-31 04:00:00,29.97,Other,Food,IN,Web
TXN00725,2026-01-31 05:00:00,141.14,Swiggy,Entertainment,IN,iOS
TXN00726,2026-01-31 06:00:00,65.61,Amazon,Bills,IN,Android
TXN00727,2026-01-31 07:00:00,89.91,Other,Bills,IN,iOS
TXN00728,2026-01-31 08:00:00,26.02,Flipkart,Bills,IN,Android
TXN00729,2026-01-31 09:00:00,26.37,Other,Food,IN,Android
TXN00730,2026-01-31 10:00:00,73.05,Reliance,Entertainment,IN,Android
TXN00731,2026-01-31 11:00:00,56.71,Other,Entertainment,IN,iOS
TXN00732,2026-01-31 12:00:00,78.0,Reliance,Bills,IN,iOS
TXN00733,2026-01-31 13:00:00,48.33,Flipkart,Entertainment,IN,Web
TXN00734,2026-01-31 14:00:00,65.42,Myntra,Entertainment,IN,Android
TXN00735,2026-01-31 15:00:00,60.51,Swiggy,Bills,IN,iOS
TXN00736,2026-01-31 16:00:00,90.52,Myntra,Travel,IN,iOS
TXN00737,2026-01-31 17:00:00,92.25,Reliance,Entertainment,IN,iOS
TXN00738,2026-01-31 18:00:00,19.05,Uber,Shopping,IN,Android
TXN00739,2026-01-31 19:00:00,12.67,Swiggy,Travel,IN,Android
TXN00740,2026-01-31 20:00:00,104.7,Other,Entertainment,IN,iOS
TXN00741,2026-01-31 21:00:00,118.16,Myntra,Entertainment,IN,Android
TXN00742,2026-01-31 22:00:00,28.12,Other,Food,IN,Android
TXN00743,2026-01-31 23:00:00,16.3,Flipkart,Shopping,IN,Android
TXN00744,2026-02-01 00:00:00,58.23,Reliance,Food,IN,Android
TXN00745,2026-02-01 01:00:00,99.99,Swiggy,Entertainment,IN,Android
TXN00746,2026-02-01 02:00:00,175.64,Uber,Travel,IN,Android
TXN00747,2026-02-01 03:00:00,76.37,Other,Shopping,IN,iOS
TXN00748,2026-02-01 04:00:00,42.88,Swiggy,Shopping,IN,Web
TXN00749,2026-02-01 05:00:00,30.55,Flipkart,Food,IN,Android
TXN00750,2026-02-01 06:00:00,55.01,Other,Food,IN,Android
TXN00751,2026-02-01 07:00:00,44.95,Other,Shopping,IN,iOS
TXN00752,2026-02-01 08:00:00,147.48626672089867,Swiggy,Travel,IN,Android
TXN00753,2026-02-01 09:00:00,206.79,Swiggy,Travel,IN,Web
TXN00754,2026-02-01 10:00:00,174.23,Flipkart,Shopping,IN,iOS
TXN00755,2026-02-01 11:00:00,114.25,Amazon,Food,IN,Android
TXN00756,2026-02-01 12:00:00,30.01,Uber,Bills,IN,Android
TXN00757,2026-02-01 13:00:00,95.18,Flipkart,Entertainment,IN,Android
TXN00758,2026-02-01 14:00:00,82.74,Reliance,Entertainment,IN,iOS
TXN00759,2026-02-01 15:00:00,72.8,Flipkart,Travel,IN,Android
TXN00760,2026-02-01 16:00:00,123.01,Myntra,Shopping,IN,Web
TXN00761,2026-02-01 17:00:00,82.52,Uber,Entertainment,IN,iOS
TXN00762,2026-02-01 18:00:00,88.32,Myntra,Entertainment,IN,Web
TXN00763,2026-02-01 19:00:00,471.46244289816747,Amazon,Food,IN,Web
TXN00764,2026-02-01 20:00:00,68.14,Uber,Travel,IN,Android
TXN00765,2026-02-01 21:00:00,17.13,Myntra,Shopping,IN,Android
TXN00766,2026-02-01 22:00:00,57.65,Swiggy,Entertainment,IN,iOS
TXN00767,2026-02-01 23:00:00,38.03,Other,Bills,IN,Android
TXN00768,2026-02-02 00:00:00,23.76,Uber,Shopping,IN,Android
TXN00769,2026-02-02 01:00:00,162.91,Swiggy,Bills,IN,Android
TXN00770,2026-02-02 02:00:00,167.98,Amazon,Travel,IN,Android
TXN00771,2026-02-02 03:00:00,132.09,Flipkart,Travel,IN,Web
TXN00772,2026-02-02 04:00:00,64.45,Uber,Food,IN,Android
TXN00773,2026-02-02 05:00:00,131.36,Swiggy,Entertainment,IN,iOS
TXN00774,2026-02-02 06:00:00,55.03,Other,Travel,IN,Web
TXN00775,2026-02-02 07:00:00,62.29,Reliance,Entertainment,IN,Android
TXN00776,2026-02-02 08:00:00,26.82,Flipkart,Shopping,IN,iOS
TXN00777,2026-02-02 09:00:00,70.67,Myntra,Travel,IN,Android
TXN00778,2026-02-02 10:00:00,56.78,Uber,Food,IN,Android
TXN00779,2026-02-02 11:00:00,23.41,Amazon,Entertainment,IN,Android
TXN00780,2026-02-02 12:00:00,52.81,Myntra,Travel,IN,Android
TXN00781,2026-02-02 13:00:00,51.84,Uber,Bills,IN,Android
TXN00782,2026-02-02 14:00:00,175.64,Amazon,Shopping,IN,Android
TXN00783,2026-02-02 15:00:00,97.64,Uber,Bills,IN,Android
TXN00784,2026-02-02 16:00:00,55.01,Reliance,Shopping,IN,Android
TXN00785,2026-02-02 17:00:00,64.18,Swiggy,Food,IN,iOS
TXN00786,2026-02-02 18:00:00,56.19,Swiggy,Food,IN,Android
TXN00787,2026-02-02 19:00:00,47.85,Amazon,Shopping,IN,iOS
TXN00788,2026-02-02 20:00:00,27.02,Flipkart,Travel,IN,Web
TXN00789,2026-02-02 21:00:00,49.49,Other,Food,IN,iOS
TXN00790,2026-02-02 22:00:00,33.62,Myntra,Travel,IN,iOS
TXN00791,2026-02-02 23:00:00,24.22,Flipkart,Bills,IN,iOS
TXN00792,2026-02-03 00:00:00,76.12,Uber,Shopping,IN,iOS
TXN00793,2026-02-03 01:00:00,70.41,Flipkart,Bills,IN,Web
TXN00794,2026-02-03 02:00:00,17.09,Uber,Food,IN,Web
TXN00795,2026-02-03 03:00:00,50.41,Flipkart,Food,IN,Android
TXN00796,2026-02-03 04:00:00,104.29,Myntra,Travel,IN,iOS
TXN00797,2026-02-03 05:00:00,108.69,Uber,Bills,IN,iOS
TXN00798,2026-02-03 06:00:00,106.36,Myntra,Bills,IN,Android
TXN00799,2026-02-03 07:00:00,56.0,Uber,Shopping,IN,Android
TXN00800,2026-02-03 08:00:00,31.52,Swiggy,Travel,IN,iOS
TXN00801,2026-02-03 09:00:00,26.99,Flipkart,Food,IN,iOS
TXN00802,2026-02-03 10:00:00,68.31,Flipkart,Food,IN,Android
TXN00803,2026-02-03 11:00:00,944.9552558850346,Uber,Entertainment,IN,Android
TXN00804,2026-02-03 12:00:00,126.06,Uber,Shopping,IN,Android
TXN00805,2026-02-03 13:00:00,111.61,Myntra,Travel,IN,iOS
TXN00806,2026-02-03 14:00:00,50.1,Amazon,Travel,IN,Web
TXN00807,2026-02-03 15:00:00,24.32,Flipkart,Food,IN,Web
TXN00808,2026-02-03 16:00:00,44.37,Reliance,Bills,IN,Android
TXN00809,2026-02-03 17:00:00,62.88,Other,Travel,IN,Android
TXN00810,2026-02-03 18:00:00,649.1197869896811,Other,Bills,IN,iOS
TXN00811,2026-02-03 19:00:00,37.5,Swiggy,Food,IN,iOS
TXN00812,2026-02-03 20:00:00,64.35,Amazon,Entertainment,IN,Android
TXN00813,2026-02-03 21:00:00,39.35,Flipkart,Bills,IN,Android
TXN00814,2026-02-03 22:00:00,36.3,Amazon,Food,IN,Android
TXN00815,2026-02-03 23:00:00,66.85,Other,Entertainment,IN,iOS
TXN00816,2026-02-04 00:00:00,42.04,Other,Entertainment,IN,iOS
TXN00817,2026-02-04 01:00:00,63.99,Reliance,Travel,IN,Android
TXN00818,2026-02-04 02:00:00,65.21,Reliance,Shopping,IN,Web
TXN00819,2026-02-04 03:00:00,26.03,Swiggy,Travel,IN,iOS
TXN00820,2026-02-04 04:00:00,39.93,Uber,Bills,IN,Web
TXN00821,2026-02-04 05:00:00,139.01,Reliance,Food,IN,Android
TXN00822,2026-02-04 06:00:00,25.65,Reliance,Shopping,IN,Android
TXN00823,2026-02-04 07:00:00,13.79,Uber,Travel,IN,Web
TXN00824,2026-02-04 08:00:00,16.28,Reliance,Entertainment,IN,Web
TXN00825,2026-02-04 09:00:00,55.64,Swiggy,Food,IN,Web
TXN00826,2026-02-04 10:00:00,55.71,Swiggy,Travel,IN,iOS
TXN00827,2026-02-04 11:00:00,663.9030811134196,Reliance,Shopping,IN,Android
TXN00828,2026-02-04 12:00:00,120.21,Swiggy,Bills,IN,Android
TXN00829,2026-02-04 13:00:00,9.61,Reliance,Entertainment,IN,Android
TXN00830,2026-02-04 14:00:00,70.62,Uber,Bills,IN,Web
TXN00831,2026-02-04 15:00:00,150.65,Swiggy,Travel,IN,Android
TXN00832,2026-02-04 16:00:00,26.23,Flipkart,Shopping,IN,iOS
TXN00833,2026-02-04 17:00:00,42.65,Myntra,Travel,IN,Web
TXN00834,2026-02-04 18:00:00,33.47,Uber,Entertainment,IN,Web
TXN00835,2026-02-04 19:00:00,30.53,Swiggy,Shopping,IN,Web
TXN00836,2026-02-04 20:00:00,44.16,Reliance,Food,IN,iOS
TXN00837,2026-02-04 21:00:00,138.08,Amazon,Entertainment,IN,Android
TXN00838,2026-02-04 22:00:00,180.24,Amazon,Travel,IN,Web
TXN00839,2026-02-04 23:00:00,43.89,Other,Shopping,IN,Android
TXN00840,2026-02-05 00:00:00,188.35,Myntra,Shopping,IN,Android
TXN00841,2026-02-05 01:00:00,55.88,Uber,Travel,IN,Web
TXN00842,2026-02-05 02:00:00,170.7,Amazon,Travel,IN,iOS
TXN00843,2026-02-05 03:00:00,51.39,Myntra,Entertainment,IN,Android
TXN00844,2026-02-05 04:00:00,59.45,Uber,Entertainment,IN,Android
TXN00845,2026-02-05 05:00:00,69.24,Myntra,Travel,IN,Android
TXN00846,2026-02-05 06:00:00,431.06,Amazon,Travel,IN,Web
TXN00847,2026-02-05 07:00:00,94.95,Uber,Entertainment,IN,iOS
TXN00848,2026-02-05 08:00:00,34.48,Myntra,Bills,IN,Android
TXN00849,2026-02-05 09:00:00,102.5,Swiggy,Food,IN,iOS
TXN00850,2026-02-05 10:00:00,43.16,Amazon,Bills,IN,Web
TXN00851,2026-02-05 11:00:00,39.71,Other,Bills,IN,Web
TXN00852,2026-02-05 12:00:00,98.55,Myntra,Food,IN,Android
TXN00853,2026-02-05 13:00:00,55.71,Myntra,Entertainment,IN,iOS
TXN00854,2026-02-05 14:00:00,65.44,Reliance,Food,IN,Android
TXN00855,2026-02-05 15:00:00,55.1,Myntra,Travel,IN,Android
TXN00856,2026-02-05 16:00:00,67.95,Amazon,Travel,IN,Android
TXN00857,2026-02-05 17:00:00,71.97,Uber,Bills,IN,Android
TXN00858,2026-02-05 18:00:00,15.5,Other,Entertainment,IN,iOS
TXN00859,2026-02-05 19:00:00,84.21,Swiggy,Food,IN,Android
TXN00860,2026-02-05 20:00:00,28.84,Other,Food,IN,Android
TXN00861,2026-02-05 21:00:00,21.38,Amazon,Bills,IN,Android
TXN00862,2026-02-05 22:00:00,52.56,Swiggy,Entertainment,IN,Android
TXN00863,2026-02-05 23:00:00,57.66,Swiggy,Entertainment,IN,iOS
TXN00864,2026-02-06 00:00:00,34.79,Myntra,Bills,IN,Android
TXN00865,2026-02-06 01:00:00,93.71,Flipkart,Bills,IN,Android
TXN00866,2026-02-06 02:00:00,22.82,Flipkart,Bills,IN,Web
TXN00867,2026-02-06 03:00:00,41.91,Myntra,Entertainment,IN,Android
TXN00868,2026-02-06 04:00:00,37.33,Flipkart,Shopping,IN,Web
TXN00869,2026-02-06 05:00:00,52.97,Other,Travel,IN,iOS
TXN00870,2026-02-06 06:00:00,65.45,Other,Shopping,IN,iOS
TXN00871,2026-02-06 07:00:00,28.36,Swiggy,Travel,IN,iOS
TXN00872,2026-02-06 08:00:00,87.43,Uber,Food,IN,Android
TXN00873,2026-02-06 09:00:00,56.88,Swiggy,Food,IN,iOS
TXN00874,2026-02-06 10:00:00,15.96,Swiggy,Entertainment,IN,iOS
TXN00875,2026-02-06 11:00:00,15.29,Myntra,Bills,IN,Android
TXN00876,2026-02-06 12:00:00,54.16,Swiggy,Travel,IN,iOS
TXN00877,2026-02-06 13:00:00,47.29,Flipkart,Entertainment,IN,Android
TXN00878,2026-02-06 14:00:00,51.05,Flipkart,Shopping,IN,Web
TXN00879,2026-02-06 15:00:00,53.61,Other,Bills,IN,iOS
TXN00880,2026-02-06 16:00:00,63.22,Flipkart,Shopping,IN,Android
TXN00881,2026-02-06 17:00:00,101.09,Swiggy,Food,IN,Web
TXN00882,2026-02-06 18:00:00,26.52,Myntra,Shopping,IN,Web
TXN00883,2026-02-06 19:00:00,25.49,Amazon,Travel,IN,iOS
TXN00884,2026-02-06 20:00:00,26.83,Flipkart,Bills,IN,Android
TXN00885,2026-02-06 21:00:00,65.88,Flipkart,Bills,IN,iOS
TXN00886,2026-02-06 22:00:00,122.64,Other,Travel,IN,iOS
TXN00887,2026-02-06 23:00:00,41.25,Other,Entertainment,IN,Android
TXN00888,2026-02-07 00:00:00,10.74,Reliance,Food,IN,Web
TXN00889,2026-02-07 01:00:00,18.04,Flipkart,Shopping,IN,iOS
TXN00890,2026-02-07 02:00:00,31.77,Myntra,Shopping,IN,Web
TXN00891,2026-02-07 03:00:00,38.0,Myntra,Shopping,IN,iOS
TXN00892,2026-02-07 04:00:00,41.87,Other,Travel,IN,Android
TXN00893,2026-02-07 05:00:00,55.98,Flipkart,Travel,IN,Web
TXN00894,2026-02-07 06:00:00,44.58,Reliance,Entertainment,IN,iOS
TXN00895,2026-02-07 07:00:00,107.99,Flipkart,Shopping,IN,Android
TXN00896,2026-02-07 08:00:00,35.18,Uber,Food,IN,Android
TXN00897,2026-02-07 09:00:00,31.17,Other,Entertainment,IN,Android
TXN00898,2026-02-07 10:00:00,74.54,Amazon,Shopping,IN,iOS
TXN00899,2026-02-07 11:00:00,20.12,Flipkart,Travel,IN,Android
TXN00900,2026-02-07 12:00:00,70.34,Reliance,Shopping,IN,Web
TXN00901,2026-02-07 13:00:00,58.36,Amazon,Travel,IN,Web
TXN00902,2026-02-07 14:00:00,49.61,Myntra,Entertainment,IN,iOS
TXN00903,2026-02-07 15:00:00,153.3,Uber,Food,IN,Android
TXN00904,2026-02-07 16:00:00,36.44,Swiggy,Food,IN,iOS
TXN00905,2026-02-07 17:00:00,208.34,Other,Travel,IN,Android
TXN00906,2026-02-07 18:00:00,47.16,Reliance,Bills,IN,iOS
TXN00907,2026-02-07 19:00:00,23.81,Swiggy,Entertainment,IN,Android
TXN00908,2026-02-07 20:00:00,57.14,Amazon,Shopping,IN,Web
TXN00909,2026-02-07 21:00:00,27.12,Amazon,Travel,IN,Android
TXN00910,2026-02-07 22:00:00,404.62943601827146,Amazon,Bills,IN,Android
TXN00911,2026-02-07 23:00:00,70.67,Other,Shopping,IN,Web
TXN00912,2026-02-08 00:00:00,78.35,Myntra,Entertainment,IN,Android
TXN00913,2026-02-08 01:00:00,36.44,Myntra,Food,IN,Web
TXN00914,2026-02-08 02:00:00,103.73,Flipkart,Travel,IN,Web
TXN00915,2026-02-08 03:00:00,115.86,Reliance,Entertainment,IN,Android
TXN00916,2026-02-08 04:00:00,138.88,Reliance,Bills,IN,Android
TXN00917,2026-02-08 05:00:00,77.02,Reliance,Entertainment,IN,iOS
TXN00918,2026-02-08 06:00:00,132.45,Uber,Bills,IN,iOS
TXN00919,2026-02-08 07:00:00,16.08,Myntra,Food,IN,Web
TXN00920,2026-02-08 08:00:00,44.41,Uber,Bills,IN,Android
TXN00921,2026-02-08 09:00:00,31.08,Swiggy,Bills,IN,iOS
TXN00922,2026-02-08 10:00:00,59.0,Myntra,Food,IN,Android
TXN00923,2026-02-08 11:00:00,37.66,Swiggy,Shopping,IN,iOS
TXN00924,2026-02-08 12:00:00,49.01,Other,Bills,IN,iOS
TXN00925,2026-02-08 13:00:00,185.57,Reliance,Travel,IN,Web
TXN00926,2026-02-08 14:00:00,48.9,Reliance,Bills,IN,Android
TXN00927,2026-02-08 15:00:00,71.45,Reliance,Shopping,IN,Android
TXN00928,2026-02-08 16:00:00,46.95,Uber,Travel,IN,Android
TXN00929,2026-02-08 17:00:00,57.35,Other,Entertainment,IN,Android
TXN00930,2026-02-08 18:00:00,54.81,Flipkart,Entertainment,IN,Android
TXN00931,2026-02-08 19:00:00,73.07,Uber,Entertainment,IN,Web
TXN00932,2026-02-08 20:00:00,116.45,Amazon,Food,IN,Android
TXN00933,2026-02-08 21:00:00,159.3,Swiggy,Shopping,IN,Android
TXN00934,2026-02-08 22:00:00,66.77,Myntra,Travel,IN,iOS
TXN00935,2026-02-08 23:00:00,80.09,Uber,Travel,IN,Android
TXN00936,2026-02-09 00:00:00,25.84,Other,Food,IN,Android
TXN00937,2026-02-09 01:00:00,51.57,Myntra,Shopping,IN,Web
TXN00938,2026-02-09 02:00:00,100.6,Swiggy,Shopping,IN,Android
TXN00939,2026-02-09 03:00:00,95.86,Swiggy,Food,IN,Android
TXN00940,2026-02-09 04:00:00,62.65,Myntra,Bills,IN,iOS
TXN00941,2026-02-09 05:00:00,97.14,Reliance,Shopping,IN,Android
TXN00942,2026-02-09 06:00:00,75.11,Flipkart,Shopping,IN,Android
TXN00943,2026-02-09 07:00:00,119.13,Myntra,Food,IN,Android
TXN00944,2026-02-09 08:00:00,65.9,Myntra,Entertainment,IN,Android
TXN00945,2026-02-09 09:00:00,43.33,Amazon,Entertainment,IN,Web
TXN00946,2026-02-09 10:00:00,67.92,Other,Travel,IN,Android
TXN00947,2026-02-09 16:00:00,118.3355968040776,Uber,Shopping,IN,Android
TXN00948,2026-02-09 12:00:00,70.03,Flipkart,Shopping,IN,Android
TXN00949,2026-02-09 13:00:00,5.1,Myntra,Entertainment,IN,Web
TXN00950,2026-02-09 14:00:00,17.81,Myntra,Travel,IN,Android
TXN00951,2026-02-09 15:00:00,73.23,Other,Shopping,IN,Web
TXN00952,2026-02-09 16:00:00,74.47,Amazon,Entertainment,IN,Android
TXN00953,2026-02-09 17:00:00,25.65,Swiggy,Travel,IN,Web
TXN00954,2026-02-09 18:00:00,34.37,Flipkart,Food,IN,Android
TXN00955,2026-02-09 19:00:00,133.07,Myntra,Travel,IN,Android
TXN00956,2026-02-09 20:00:00,39.86,Uber,Food,IN,Android
TXN00957,2026-02-09 21:00:00,234.6,Uber,Entertainment,IN,Android
TXN00958,2026-02-09 22:00:00,54.53,Other,Bills,IN,iOS
TXN00959,2026-02-09 23:00:00,71.18,Uber,Shopping,IN,iOS
TXN00960,2026-02-10 00:00:00,156.17,Swiggy,Bills,IN,iOS
TXN00961,2026-02-10 01:00:00,59.45,Amazon,Shopping,IN,Android
TXN00962,2026-02-10 02:00:00,28.46,Swiggy,Travel,IN,iOS
TXN00963,2026-02-10 03:00:00,50.84,Other,Bills,IN,Android
TXN00964,2026-02-10 04:00:00,53.35,Uber,Shopping,IN,Web
TXN00965,2026-02-10 05:00:00,22.49,Other,Bills,IN,iOS
TXN00966,2026-02-10 06:00:00,46.23,Uber,Food,IN,iOS
TXN00967,2026-02-10 07:00:00,33.7,Uber,Bills,IN,Web
TXN00968,2026-02-10 08:00:00,99.57,Uber,Travel,IN,iOS
TXN00969,2026-02-10 09:00:00,55.84,Uber,Shopping,IN,iOS
TXN00970,2026-02-10 10:00:00,45.43,Amazon,Bills,IN,Android
TXN00971,2026-02-10 11:00:00,50.96,Amazon,Food,IN,iOS
TXN00972,2026-02-10 12:00:00,63.12,Uber,Entertainment,IN,Android
TXN00973,2026-02-10 13:00:00,81.53,Myntra,Entertainment,IN,Android
TXN00974,2026-02-10 14:00:00,28.51,Uber,Shopping,IN,iOS
TXN00975,2026-02-10 15:00:00,27.74,Uber,Bills,IN,Android
TXN00976,2026-02-10 16:00:00,835.5610014928108,Swiggy,Food,IN,iOS
TXN00977,2026-02-10 17:00:00,533.1351581665276,Myntra,Bills,IN,Android
TXN00978,2026-02-10 18:00:00,21.74,Myntra,Travel,IN,Android
TXN00979,2026-02-10 19:00:00,72.86,Amazon,Food,IN,Web
TXN00980,2026-02-10 20:00:00,73.79,Uber,Bills,IN,Android
TXN00981,2026-02-10 21:00:00,20.19,Myntra,Food,IN,iOS
TXN00982,2026-02-10 22:00:00,63.38,Reliance,Entertainment,IN,iOS
TXN00983,2026-02-10 23:00:00,1088.509133818332,Swiggy,Entertainment,IN,Web
TXN00984,2026-02-11 00:00:00,69.64,Other,Shopping,IN,Android
TXN00985,2026-02-11 01:00:00,82.33,Myntra,Bills,IN,iOS
TXN00986,2026-02-11 02:00:00,21.92,Uber,Entertainment,IN,Android
TXN00987,2026-02-11 03:00:00,67.71,Myntra,Shopping,IN,Android
TXN00988,2026-02-11 04:00:00,44.85,Other,Bills,IN,Android
TXN00989,2026-02-11 05:00:00,39.89,Flipkart,Entertainment,IN,Android
TXN00990,2026-02-11 06:00:00,96.15,Flipkart,Food,IN,Android
TXN00991,2026-02-11 07:00:00,142.81,Uber,Travel,IN,Android
TXN00992,2026-02-11 08:00:00,175.27,Amazon,Bills,IN,Android
TXN00993,2026-02-11 09:00:00,1218.0580940584389,Reliance,Food,IN,iOS
TXN00994,2026-02-11 10:00:00,50.84,Other,Food,IN,Android
TXN00995,2026-02-11 11:00:00,68.67,Myntra,Food,IN,Android
TXN00996,2026-02-11 12:00:00,89.88,Other,Food,IN,Android
TXN00997,2026-02-11 13:00:00,59.07,Amazon,Bills,IN,Android
TXN00998,2026-02-11 14:00:00,872.8635542000823,Myntra,Food,IN,iOS
TXN00999,2026-02-11 15:00:00,93.26,Uber,Food,IN,Web
TXN01000,2026-02-11 16:00:00,52.53,Flipkart,Entertainment,IN,iOS
TXN01001,2026-02-11 17:00:00,33.99,Swiggy,Travel,IN,iOS
TXN01002,2026-02-11 18:00:00,41.7,Uber,Entertainment,IN,Android
TXN01003,2026-02-11 19:00:00,82.44,Myntra,Bills,IN,Web
TXN01004,2026-02-11 20:00:00,54.7,Flipkart,Entertainment,IN,Android
TXN01005,2026-02-11 21:00:00,68.11,Myntra,Shopping,IN,Android
TXN01006,2026-02-11 22:00:00,84.4,Other,Entertainment,IN,Android
TXN01007,2026-02-11 23:00:00,42.79,Amazon,Entertainment,IN,Android
TXN01008,2026-02-12 00:00:00,89.26,Other,Shopping,IN,iOS
TXN01009,2026-02-12 01:00:00,69.84,Myntra,Food,IN,Android
TXN01010,2026-02-12 02:00:00,24.47,Swiggy,Travel,IN,Android
TXN01011,2026-02-12 03:00:00,139.42,Reliance,Travel,IN,Android
TXN01012,2026-02-12 04:00:00,39.43,Myntra,Bills,IN,Web
TXN01013,2026-02-12 05:00:00,18.62,Reliance,Bills,IN,iOS
TXN01014,2026-02-12 06:00:00,27.68,Amazon,Food,IN,Web
TXN01015,2026-02-12 07:00:00,28.12,Amazon,Bills,IN,Web
TXN01016,2026-02-12 08:00:00,56.48,Myntra,Entertainment,IN,Web
TXN01017,2026-02-12 09:00:00,45.7,Swiggy,Travel,IN,Android
TXN01018,2026-02-12 10:00:00,43.86,Flipkart,Entertainment,IN,Android
TXN01019,2026-02-12 11:00:00,81.68,Swiggy,Bills,IN,Android
TXN01020,2026-02-12 12:00:00,68.1,Reliance,Entertainment,IN,Android
TXN01021,2026-02-12 13:00:00,67.05,Flipkart,Entertainment,IN,iOS
TXN01022,2026-02-12 14:00:00,71.26,Other,Shopping,IN,Android
TXN01023,2026-02-12 15:00:00,81.49,Swiggy,Entertainment,IN,Android
TXN01024,2026-02-12 16:00:00,13.87,Flipkart,Shopping,IN,iOS
TXN01025,2026-02-12 17:00:00,43.08,Amazon,Entertainment,IN,Android
TXN01026,2026-02-12 18:00:00,13.23,Other,Entertainment,IN,Android
TXN01027,2026-02-12 19:00:00,55.89,Amazon,Food,IN,Android
TXN01028,2026-02-12 20:00:00,54.43,Swiggy,Shopping,IN,iOS
TXN01029,2026-02-12 21:00:00,107.73,Myntra,Travel,IN,Android
TXN01030,2026-02-12 22:00:00,118.15,Uber,Food,IN,Android
TXN01031,2026-02-12 23:00:00,62.29,Flipkart,Travel,IN,Android
TXN01032,2026-02-13 00:00:00,39.44,Amazon,Shopping,IN,iOS
TXN01033,2026-02-13 01:00:00,74.84,Myntra,Shopping,IN,Android
TXN01034,2026-02-13 02:00:00,38.74,Uber,Travel,IN,Android
TXN01035,2026-02-13 03:00:00,54.55,Amazon,Bills,IN,Web
TXN01036,2026-02-13 04:00:00,103.65,Flipkart,Food,IN,Web
TXN01037,2026-02-13 05:00:00,37.99,Uber,Food,IN,Android
TXN01038,2026-02-13 06:00:00,92.18,Flipkart,Shopping,IN,Android
TXN01039,2026-02-13 07:00:00,84.8,Swiggy,Food,IN,Android
TXN01040,2026-02-13 08:00:00,29.35,Amazon,Food,IN,iOS
TXN01041,2026-02-13 09:00:00,102.83,Reliance,Food,IN,Android
TXN01042,2026-02-13 10:00:00,85.98,Myntra,Food,IN,Web
TXN01043,2026-02-13 11:00:00,58.34,Reliance,Food,IN,iOS
TXN01044,2026-02-13 12:00:00,33.26,Amazon,Bills,IN,iOS
TXN01045,2026-02-13 13:00:00,31.23,Swiggy,Food,IN,Android
TXN01046,2026-02-13 14:00:00,38.49,Flipkart,Bills,IN,Web
TXN01047,2026-02-13 15:00:00,77.69,Myntra,Bills,IN,iOS
TXN01048,2026-02-13 16:00:00,29.34,Reliance,Bills,IN,iOS
TXN01049,2026-02-13 17:00:00,72.56,Flipkart,Travel,IN,Android
TXN01050,2026-02-13 18:00:00,24.36,Reliance,Entertainment,IN,iOS
TXN01051,2026-02-13 19:00:00,47.82,Myntra,Food,IN,iOS
TXN01052,2026-02-13 20:00:00,58.63,Reliance,Entertainment,IN,Web
TXN01053,2026-02-13 21:00:00,267.56,Amazon,Food,IN,iOS
TXN01054,2026-02-13 22:00:00,22.3,Other,Shopping,IN,Android
TXN01055,2026-02-13 23:00:00,142.14,Uber,Entertainment,IN,Android
TXN01056,2026-02-14 00:00:00,60.18,Flipkart,Entertainment,IN,iOS
TXN01057,2026-02-14 01:00:00,71.33,Flipkart,Shopping,IN,Web
TXN01058,2026-02-14 02:00:00,58.96,Other,Travel,IN,iOS
TXN01059,2026-02-14 03:00:00,72.9,Other,Travel,IN,Android
TXN01060,2026-02-14 04:00:00,49.41,Amazon,Food,IN,Android
TXN01061,2026-02-14 05:00:00,140.49,Uber,Travel,IN,iOS
TXN01062,2026-02-14 06:00:00,40.58,Reliance,Bills,IN,Web
TXN01063,2026-02-14 07:00:00,113.97,Myntra,Travel,IN,Android
TXN01064,2026-02-14 08:00:00,35.92,Flipkart,Travel,IN,Android
TXN01065,2026-02-14 09:00:00,52.5,Swiggy,Entertainment,IN,Web
TXN01066,2026-02-14 10:00:00,27.2,Swiggy,Food,IN,Android
TXN01067,2026-02-14 11:00:00,73.39,Swiggy,Bills,IN,Android
TXN01068,2026-02-14 12:00:00,139.68,Other,Food,IN,Android
TXN01069,2026-02-14 13:00:00,51.92,Flipkart,Entertainment,IN,Android
TXN01070,2026-02-14 14:00:00,48.04,Myntra,Food,IN,Android
TXN01071,2026-02-14 15:00:00,26.46,Other,Entertainment,IN,iOS
TXN01072,2026-02-14 16:00:00,47.04,Reliance,Bills,IN,iOS
TXN01073,2026-02-14 17:00:00,19.39,Reliance,Food,IN,iOS
TXN01074,2026-02-14 18:00:00,30.16,Flipkart,Bills,IN,iOS
TXN01075,2026-02-14 19:00:00,63.27,Amazon,Food,IN,Android
TXN01076,2026-02-14 20:00:00,128.68,Reliance,Food,IN,Android
TXN01077,2026-02-14 21:00:00,339.0,Reliance,Food,IN,Android
TXN01078,2026-02-14 22:00:00,37.29,Reliance,Bills,IN,Android
TXN01079,2026-02-14 23:00:00,138.79,Swiggy,Food,IN,iOS
TXN01080,2026-02-15 00:00:00,63.97,Uber,Travel,IN,Android
TXN01081,2026-02-15 01:00:00,49.49,Amazon,Travel,IN,iOS
TXN01082,2026-02-15 02:00:00,72.33,Swiggy,Shopping,IN,Android
TXN01083,2026-02-15 03:00:00,56.84,Uber,Food,IN,Android
TXN01084,2026-02-15 04:00:00,58.66,Amazon,Food,IN,Android
TXN01085,2026-02-15 05:00:00,41.87,Amazon,Food,IN,Android
TXN01086,2026-02-15 06:00:00,22.0,Amazon,Entertainment,IN,iOS
TXN01087,2026-02-15 07:00:00,20.02,Flipkart,Food,IN,iOS
TXN01088,2026-02-15 08:00:00,83.48,Other,Travel,IN,Android
TXN01089,2026-02-15 09:00:00,45.61,Myntra,Bills,IN,iOS
TXN01090,2026-02-15 10:00:00,37.06,Other,Bills,IN,iOS
TXN01091,2026-02-15 11:00:00,54.9,Flipkart,Bills,IN,Android
TXN01092,2026-02-15 12:00:00,91.53,Myntra,Travel,IN,Android
TXN01093,2026-02-15 13:00:00,61.39,Other,Entertainment,IN,Android
TXN01094,2026-02-15 14:00:00,35.64,Swiggy,Entertainment,IN,Android
TXN01095,2026-02-15 15:00:00,121.16,Myntra,Food,IN,Web
TXN01096,2026-02-15 16:00:00,152.39,Myntra,Shopping,IN,Android
TXN01097,2026-02-15 17:00:00,75.3,Reliance,Food,IN,Android
TXN01098,2026-02-15 18:00:00,102.81,Other,Entertainment,IN,iOS
TXN01099,2026-02-15 19:00:00,122.4,Myntra,Entertainment,IN,Android
TXN01100,2026-02-15 20:00:00,113.81,Myntra,Bills,IN,iOS
TXN01101,2026-02-15 21:00:00,81.38,Other,Bills,IN,Android
TXN01102,2026-02-15 22:00:00,80.55,Myntra,Food,IN,Android
TXN01103,2026-02-15 23:00:00,76.54,Swiggy,Travel,IN,Android
TXN01104,2026-02-16 00:00:00,26.76,Myntra,Shopping,IN,Android
TXN01105,2026-02-16 01:00:00,86.1,Uber,Travel,IN,Android
TXN01106,2026-02-16 02:00:00,22.62,Flipkart,Shopping,IN,iOS
TXN01107,2026-02-16 03:00:00,32.57,Uber,Shopping,IN,iOS
TXN01108,2026-02-16 04:00:00,127.4,Myntra,Entertainment,IN,iOS
TXN01109,2026-02-16 05:00:00,94.27,Other,Entertainment,IN,Android
TXN01110,2026-02-16 06:00:00,143.57,Myntra,Bills,IN,Web
TXN01111,2026-02-16 07:00:00,45.76,Flipkart,Bills,IN,Android
TXN01112,2026-02-16 08:00:00,25.82,Other,Food,IN,iOS
TXN01113,2026-02-16 09:00:00,46.7,Myntra,Travel,IN,iOS
TXN01114,2026-02-16 10:00:00,58.34,Swiggy,Bills,IN,iOS
TXN01115,2026-02-16 11:00:00,57.47,Reliance,Travel,IN,Android
TXN01116,2026-02-16 12:00:00,114.08,Swiggy,Food,IN,iOS
TXN01117,2026-02-16 13:00:00,43.17,Swiggy,Food,IN,iOS
TXN01118,2026-02-16 14:00:00,68.64,Reliance,Entertainment,IN,Android
TXN01119,2026-02-16 15:00:00,28.71,Other,Food,IN,iOS
TXN01120,2026-02-16 16:00:00,73.16,Uber,Entertainment,IN,Android
TXN01121,2026-02-16 17:00:00,54.71,Swiggy,Bills,IN,Android
TXN01122,2026-02-16 18:00:00,33.54,Other,Entertainment,IN,iOS
TXN01123,2026-02-16 19:00:00,46.84,Flipkart,Travel,IN,iOS
TXN01124,2026-02-16 20:00:00,48.44,Reliance,Food,IN,Android
TXN01125,2026-02-16 21:00:00,45.81,Myntra,Shopping,IN,Android
TXN01126,2026-02-16 22:00:00,172.67,Reliance,Travel,IN,Android
TXN01127,2026-02-16 23:00:00,51.21,Swiggy,Food,IN,Android
TXN01128,2026-02-17 00:00:00,46.59,Reliance,Shopping,IN,Android
TXN01129,2026-02-17 01:00:00,13.97,Amazon,Entertainment,IN,Android
TXN01130,2026-02-17 02:00:00,30.53,Reliance,Entertainment,IN,iOS
TXN01131,2026-02-17 03:00:00,46.02,Amazon,Food,IN,Android
TXN01132,2026-02-17 04:00:00,34.96,Myntra,Bills,IN,Android
TXN01133,2026-02-17 05:00:00,134.04,Flipkart,Travel,IN,Android
TXN01134,2026-02-17 06:00:00,49.05,Other,Travel,IN,Android
TXN01135,2026-02-17 07:00:00,126.15,Reliance,Bills,IN,Android
TXN01136,2026-02-17 08:00:00,56.83,Amazon,Travel,IN,Android
TXN01137,2026-02-17 09:00:00,55.94,Other,Entertainment,IN,Android
TXN01138,2026-02-17 10:00:00,51.54,Flipkart,Shopping,IN,Android
TXN01139,2026-02-17 11:00:00,54.73,Uber,Bills,IN,iOS
TXN01140,2026-02-17 12:00:00,166.87,Amazon,Entertainment,IN,Web
TXN01141,2026-02-17 13:00:00,12.09,Amazon,Entertainment,IN,Android
TXN01142,2026-02-17 14:00:00,14.86,Flipkart,Shopping,IN,Android
TXN01143,2026-02-17 15:00:00,38.36,Uber,Shopping,IN,Android
TXN01144,2026-02-17 16:00:00,55.12,Uber,Bills,IN,Android
TXN01145,2026-02-17 17:00:00,85.5,Reliance,Entertainment,IN,iOS
TXN01146,2026-02-17 18:00:00,74.26,Flipkart,Entertainment,IN,iOS
TXN01147,2026-02-17 19:00:00,42.53,Reliance,Entertainment,IN,Android
TXN01148,2026-02-17 20:00:00,105.89,Amazon,Shopping,IN,Android
TXN01149,2026-02-17 21:00:00,106.66,Swiggy,Travel,IN,Android
TXN01150,2026-02-17 22:00:00,61.54,Flipkart,Bills,IN,Android
TXN01151,2026-02-17 23:00:00,102.08,Amazon,Bills,IN,Web
TXN01152,2026-02-18 00:00:00,65.18,Myntra,Bills,IN,Android
TXN01153,2026-02-18 01:00:00,37.9,Other,Food,IN,Android
TXN01154,2026-02-18 02:00:00,85.93,Myntra,Travel,IN,Android
TXN01155,2026-02-18 03:00:00,58.67,Reliance,Travel,IN,Android
TXN01156,2026-02-18 04:00:00,54.65,Myntra,Entertainment,IN,Android
TXN01157,2026-02-18 05:00:00,142.23,Amazon,Food,IN,Android
TXN01158,2026-02-18 06:00:00,11.1,Swiggy,Food,IN,Android
TXN01159,2026-02-18 07:00:00,21.73,Reliance,Shopping,IN,Android
TXN01160,2026-02-18 08:00:00,25.24,Amazon,Shopping,IN,iOS
TXN01161,2026-02-18 09:00:00,43.12,Amazon,Entertainment,IN,Android
TXN01162,2026-02-18 10:00:00,46.27,Reliance,Entertainment,IN,Android
TXN01163,2026-02-18 11:00:00,20.5,Amazon,Food,IN,Web
TXN01164,2026-02-18 12:00:00,28.78,Other,Bills,IN,Android
TXN01165,2026-02-18 13:00:00,31.2,Reliance,Travel,IN,Web
TXN01166,2026-02-18 14:00:00,269.7,Myntra,Entertainment,IN,Web
TXN01167,2026-02-18 15:00:00,176.11,Uber,Food,IN,Android
TXN01168,2026-02-18 16:00:00,41.78,Amazon,Entertainment,IN,Android
TXN01169,2026-02-18 17:00:00,43.11,Swiggy,Food,IN,iOS
TXN01170,2026-02-18 18:00:00,25.87,Reliance,Bills,IN,Android
TXN01171,2026-02-18 19:00:00,15.8,Other,Food,IN,Android
TXN01172,2026-02-18 20:00:00,50.6,Uber,Bills,IN,iOS
TXN01173,2026-02-18 21:00:00,28.54,Reliance,Food,IN,Android
TXN01174,2026-02-18 22:00:00,51.67,Reliance,Entertainment,IN,Web
TXN01175,2026-02-18 23:00:00,19.3,Amazon,Bills,IN,iOS
TXN01176,2026-02-19 00:00:00,33.27,Myntra,Food,IN,Web
TXN01177,2026-02-19 01:00:00,60.14,Myntra,Entertainment,IN,iOS
TXN01178,2026-02-19 02:00:00,69.27,Uber,Bills,IN,iOS
TXN01179,2026-02-19 03:00:00,71.62,Reliance,Travel,IN,Android
TXN01180,2026-02-19 04:00:00,23.14,Other,Shopping,IN,Web
TXN01181,2026-02-19 05:00:00,95.16,Uber,Entertainment,IN,Web
TXN01182,2026-02-19 06:00:00,32.46,Swiggy,Bills,IN,iOS
TXN01183,2026-02-19 07:00:00,82.38,Other,Bills,IN,iOS
TXN01184,2026-02-19 08:00:00,54.22,Other,Entertainment,IN,iOS
TXN01185,2026-02-19 09:00:00,22.32,Myntra,Bills,IN,Android
TXN01186,2026-02-19 10:00:00,44.45,Myntra,Food,IN,Web
TXN01187,2026-02-19 11:00:00,69.23,Amazon,Food,IN,Android
TXN01188,2026-02-19 12:00:00,81.32,Swiggy,Shopping,IN,Android
TXN01189,2026-02-19 13:00:00,49.82,Flipkart,Shopping,IN,Android
TXN01190,2026-02-19 14:00:00,147.77,Uber,Bills,IN,iOS
TXN01191,2026-02-19 15:00:00,105.1,Reliance,Entertainment,IN,iOS
TXN01192,2026-02-19 16:00:00,46.21,Flipkart,Shopping,IN,Android
TXN01193,2026-02-19 17:00:00,88.91,Other,Travel,IN,Android
TXN01194,2026-02-19 18:00:00,191.9,Amazon,Shopping,IN,Android
TXN01195,2026-02-19 19:00:00,195.26,Amazon,Travel,IN,Android
TXN01196,2026-02-19 20:00:00,24.58,Other,Bills,IN,Android
TXN01197,2026-02-19 21:00:00,29.9,Amazon,Entertainment,IN,iOS
TXN01198,2026-02-19 22:00:00,143.34,Reliance,Entertainment,IN,Android
TXN01199,2026-02-19 23:00:00,27.44,Reliance,Food,IN,Android
TXN01200,2026-02-20 00:00:00,23.11,Swiggy,Entertainment,IN,Android
TXN01201,2026-02-20 01:00:00,39.8,Amazon,Bills,IN,Android
TXN01202,2026-02-20 02:00:00,71.75,Swiggy,Food,IN,Web
TXN01203,2026-02-20 03:00:00,51.08,Amazon,Food,IN,Android
TXN01204,2026-02-20 04:00:00,35.77,Myntra,Shopping,IN,Android
TXN01205,2026-02-20 05:00:00,35.23,Other,Entertainment,IN,iOS
TXN01206,2026-02-20 06:00:00,34.36,Other,Food,IN,Android
TXN01207,2026-02-20 07:00:00,30.82,Reliance,Food,IN,iOS
TXN01208,2026-02-20 08:00:00,240.58,Reliance,Travel,IN,Web
TXN01209,2026-02-20 09:00:00,66.25,Other,Shopping,IN,iOS
TXN01210,2026-02-20 10:00:00,97.16,Reliance,Entertainment,IN,Web
TXN01211,2026-02-20 11:00:00,39.73,Myntra,Bills,IN,Android
TXN01212,2026-02-20 12:00:00,48.38,Other,Shopping,IN,Android
TXN01213,2026-02-20 13:00:00,34.34,Swiggy,Shopping,IN,Android
TXN01214,2026-02-20 14:00:00,9.74,Swiggy,Shopping,IN,Android
TXN01215,2026-02-20 15:00:00,22.29,Other,Entertainment,IN,Android
TXN01216,2026-02-20 16:00:00,16.83,Swiggy,Travel,IN,Android
TXN01217,2026-02-20 17:00:00,12.65,Swiggy,Bills,IN,Android
TXN01218,2026-02-20 18:00:00,25.1,Flipkart,Shopping,IN,Android
TXN01219,2026-02-20 19:00:00,129.18,Flipkart,Food,IN,iOS
TXN01220,2026-02-20 20:00:00,53.04,Myntra,Travel,IN,Android
TXN01221,2026-02-20 21:00:00,126.33,Other,Food,IN,Android
TXN01222,2026-02-20 22:00:00,71.32,Amazon,Bills,IN,Android
TXN01223,2026-02-20 23:00:00,90.8,Myntra,Entertainment,IN,iOS
TXN01224,2026-02-21 00:00:00,30.4,Reliance,Food,IN,Android
TXN01225,2026-02-21 01:00:00,76.75,Other,Bills,IN,iOS
TXN01226,2026-02-21 02:00:00,87.68,Reliance,Entertainment,IN,Android
TXN01227,2026-02-21 03:00:00,37.53,Flipkart,Entertainment,IN,Android
TXN01228,2026-02-21 04:00:00,78.55,Uber,Shopping,IN,Web
TXN01229,2026-02-21 05:00:00,78.89,Other,Shopping,IN,Android
TXN01230,2026-02-21 06:00:00,38.2,Other,Entertainment,IN,Android
TXN01231,2026-02-21 07:00:00,26.32,Myntra,Entertainment,IN,Android
TXN01232,2026-02-21 08:00:00,25.29,Other,Food,IN,Android
TXN01233,2026-02-21 09:00:00,57.76,Myntra,Travel,IN,Android
TXN01234,2026-02-21 10:00:00,67.53,Amazon,Travel,IN,Android
TXN01235,2026-02-21 11:00:00,32.62,Other,Bills,IN,Android
TXN01236,2026-02-21 12:00:00,55.55,Flipkart,Bills,IN,Web
TXN01237,2026-02-21 13:00:00,79.11,Swiggy,Food,IN,Android
TXN01238,2026-02-21 14:00:00,81.6,Flipkart,Entertainment,IN,Android
TXN01239,2026-02-21 15:00:00,149.71,Reliance,Shopping,IN,iOS
TXN01240,2026-02-21 16:00:00,125.22,Amazon,Shopping,IN,Android
TXN01241,2026-02-21 17:00:00,28.48,Myntra,Entertainment,IN,Web
TXN01242,2026-02-21 18:00:00,163.09,Other,Shopping,IN,Android
TXN01243,2026-02-21 19:00:00,38.66,Reliance,Entertainment,IN,iOS
TXN01244,2026-02-22 03:00:00,1132.3175368764746,Swiggy,Food,IN,Web
TXN01245,2026-02-21 21:00:00,57.07,Other,Food,IN,Android
TXN01246,2026-02-21 22:00:00,41.77,Swiggy,Shopping,IN,iOS
TXN01247,2026-02-21 23:00:00,16.86,Myntra,Entertainment,IN,iOS
TXN01248,2026-02-22 00:00:00,48.84,Uber,Food,IN,iOS
TXN01249,2026-02-22 01:00:00,19.81,Amazon,Shopping,IN,Android
TXN01250,2026-02-22 02:00:00,102.39,Amazon,Travel,IN,Android
TXN01251,2026-02-22 03:00:00,146.34,Flipkart,Shopping,IN,Android
TXN01252,2026-02-22 04:00:00,32.52,Other,Bills,IN,Web
TXN01253,2026-02-22 05:00:00,66.44,Other,Shopping,IN,Android
TXN01254,2026-02-22 06:00:00,423.8680948179096,Swiggy,Travel,IN,Android
TXN01255,2026-02-22 07:00:00,36.29,Other,Food,IN,Web
TXN01256,2026-02-22 08:00:00,90.33,Amazon,Shopping,IN,Android
TXN01257,2026-02-22 09:00:00,53.25,Other,Shopping,IN,iOS
TXN01258,2026-02-22 10:00:00,169.15,Flipkart,Travel,IN,Android
TXN01259,2026-02-22 11:00:00,39.91,Amazon,Food,IN,iOS
TXN01260,2026-02-22 12:00:00,104.54,Reliance,Shopping,IN,Android
TXN01261,2026-02-22 13:00:00,58.17,Swiggy,Shopping,IN,Android
TXN01262,2026-02-22 14:00:00,91.58,Swiggy,Entertainment,IN,Android
TXN01263,2026-02-22 15:00:00,40.83,Reliance,Bills,IN,Android
TXN01264,2026-02-22 16:00:00,52.87,Swiggy,Bills,IN,Android
TXN01265,2026-02-22 17:00:00,50.65,Reliance,Entertainment,IN,Android
TXN01266,2026-02-22 18:00:00,31.71,Flipkart,Shopping,IN,iOS
TXN01267,2026-02-22 19:00:00,83.96,Amazon,Bills,IN,Android
TXN01268,2026-02-22 20:00:00,83.32,Swiggy,Bills,IN,Android
TXN01269,2026-02-22 21:00:00,80.3,Myntra,Food,IN,Android
TXN01270,2026-02-22 22:00:00,148.27,Flipkart,Travel,IN,Android
TXN01271,2026-02-22 23:00:00,140.06,Flipkart,Bills,IN,iOS
TXN01272,2026-02-23 00:00:00,42.79,Reliance,Bills,IN,Android
TXN01273,2026-02-23 01:00:00,69.58,Uber,Food,IN,Web
TXN01274,2026-02-23 02:00:00,36.4,Uber,Bills,IN,iOS
TXN01275,2026-02-23 03:00:00,55.43,Flipkart,Bills,IN,iOS
TXN01276,2026-02-23 04:00:00,36.97,Amazon,Shopping,IN,iOS
TXN01277,2026-02-23 05:00:00,156.5,Amazon,Travel,IN,Android
TXN01278,2026-02-23 06:00:00,69.16,Myntra,Travel,IN,Web
TXN01279,2026-02-23 07:00:00,47.38,Amazon,Food,IN,iOS
TXN01280,2026-02-23 08:00:00,118.61,Flipkart,Shopping,IN,iOS
TXN01281,2026-02-23 09:00:00,13.32,Other,Shopping,IN,Android
TXN01282,2026-02-23 10:00:00,14.74,Swiggy,Bills,IN,Android
TXN01283,2026-02-23 11:00:00,91.59,Reliance,Entertainment,IN,iOS
TXN01284,2026-02-23 12:00:00,56.79,Swiggy,Travel,IN,Android
TXN01285,2026-02-23 13:00:00,64.25,Other,Entertainment,IN,iOS
TXN01286,2026-02-23 14:00:00,23.05,Reliance,Entertainment,IN,Android
TXN01287,2026-02-23 15:00:00,53.78,Uber,Bills,IN,Android
TXN01288,2026-02-23 16:00:00,200.79,Myntra,Travel,IN,Android
TXN01289,2026-02-23 17:00:00,93.29,Swiggy,Entertainment,IN,Android
TXN01290,2026-02-23 18:00:00,60.97,Other,Bills,IN,Android
TXN01291,2026-02-23 19:00:00,41.04,Swiggy,Entertainment,IN,iOS
TXN01292,2026-02-23 20:00:00,42.25,Reliance,Entertainment,IN,iOS
TXN01293,2026-02-23 21:00:00,13.68,Myntra,Shopping,IN,Web
TXN01294,2026-02-23 22:00:00,64.55,Myntra,Bills,IN,iOS
TXN01295,2026-02-23 23:00:00,94.59,Swiggy,Bills,IN,iOS
TXN01296,2026-02-24 00:00:00,19.61,Reliance,Entertainment,IN,Android
TXN01297,2026-02-24 01:00:00,35.52,Reliance,Food,IN,iOS
TXN01298,2026-02-24 02:00:00,25.73,Reliance,Entertainment,IN,Web
TXN01299,2026-02-24 03:00:00,29.15,Reliance,Travel,IN,iOS
TXN01300,2026-02-24 04:00:00,56.53,Flipkart,Food,IN,Android
TXN01301,2026-02-24 05:00:00,14.09,Other,Shopping,IN,iOS
TXN01302,2026-02-24 06:00:00,81.39,Reliance,Food,IN,Android
TXN01303,2026-02-24 07:00:00,89.12,Flipkart,Entertainment,IN,Android
TXN01304,2026-02-24 08:00:00,46.38,Other,Bills,IN,iOS
TXN01305,2026-02-24 09:00:00,10.89,Uber,Bills,IN,iOS
TXN01306,2026-02-24 10:00:00,28.57,Swiggy,Entertainment,IN,Android
TXN01307,2026-02-24 11:00:00,121.68,Flipkart,Food,IN,Android
TXN01308,2026-02-24 12:00:00,8.97,Swiggy,Bills,IN,Web
TXN01309,2026-02-24 13:00:00,43.56,Amazon,Food,IN,Android
TXN01310,2026-02-24 14:00:00,25.36,Myntra,Entertainment,IN,Android
TXN01311,2026-02-24 15:00:00,92.11,Myntra,Travel,IN,iOS
TXN01312,2026-02-24 16:00:00,35.2,Myntra,Entertainment,IN,iOS
TXN01313,2026-02-24 17:00:00,70.99,Uber,Bills,IN,Android
TXN01314,2026-02-24 18:00:00,78.85,Swiggy,Bills,IN,Android
TXN01315,2026-02-24 19:00:00,180.11,Reliance,Entertainment,IN,Android
TXN01316,2026-02-24 20:00:00,47.85,Other,Bills,IN,Android
TXN01317,2026-02-24 21:00:00,69.72,Amazon,Food,IN,iOS
TXN01318,2026-02-24 22:00:00,20.8,Swiggy,Travel,IN,iOS
TXN01319,2026-02-24 23:00:00,118.36,Other,Travel,IN,Android
TXN01320,2026-02-25 00:00:00,33.3,Other,Shopping,IN,Android
TXN01321,2026-02-25 01:00:00,37.92,Other,Travel,IN,Android
TXN01322,2026-02-25 06:00:00,606.4152985479514,Flipkart,Travel,IN,Android
TXN01323,2026-02-25 03:00:00,19.77,Uber,Food,IN,Android
TXN01324,2026-02-25 04:00:00,394.1700525988176,Amazon,Shopping,IN,Android
TXN01325,2026-02-25 05:00:00,102.4,Other,Travel,IN,iOS
TXN01326,2026-02-25 06:00:00,66.05,Uber,Travel,IN,Android
TXN01327,2026-02-25 07:00:00,19.44,Flipkart,Shopping,IN,iOS
TXN01328,2026-02-25 08:00:00,50.38,Amazon,Bills,IN,Android
TXN01329,2026-02-25 09:00:00,88.44,Reliance,Shopping,IN,iOS
TXN01330,2026-02-25 10:00:00,16.11,Reliance,Shopping,IN,Web
TXN01331,2026-02-25 11:00:00,27.15,Other,Travel,IN,Android
TXN01332,2026-02-25 12:00:00,96.52,Other,Food,IN,Android
TXN01333,2026-02-25 13:00:00,65.08,Reliance,Entertainment,IN,iOS
TXN01334,2026-02-25 14:00:00,71.36,Reliance,Shopping,IN,Android
TXN01335,2026-02-25 15:00:00,182.85,Reliance,Food,IN,Android
TXN01336,2026-02-25 16:00:00,74.04,Other,Bills,IN,Android
TXN01337,2026-02-25 17:00:00,83.73,Uber,Food,IN,Web
TXN01338,2026-02-25 18:00:00,317.98,Reliance,Entertainment,IN,Android
TXN01339,2026-02-25 19:00:00,47.51,Reliance,Bills,IN,Android
TXN01340,2026-02-25 20:00:00,32.5,Amazon,Entertainment,IN,Android
TXN01341,2026-02-25 21:00:00,72.1,Myntra,Entertainment,IN,iOS
TXN01342,2026-02-25 22:00:00,72.63,Swiggy,Shopping,IN,Android
TXN01343,2026-02-25 23:00:00,38.77,Amazon,Travel,IN,Web
TXN01344,2026-02-26 00:00:00,27.91,Flipkart,Bills,IN,iOS
TXN01345,2026-02-26 01:00:00,245.03,Amazon,Shopping,IN,Android
TXN01346,2026-02-26 02:00:00,67.52,Other,Travel,IN,Android
TXN01347,2026-02-26 03:00:00,33.92,Reliance,Bills,IN,iOS
TXN01348,2026-02-26 04:00:00,99.02,Amazon,Bills,IN,iOS
TXN01349,2026-02-26 05:00:00,50.86,Myntra,Travel,IN,Android
TXN01350,2026-02-26 06:00:00,46.32,Myntra,Entertainment,IN,Android
TXN01351,2026-02-26 07:00:00,78.69,Uber,Bills,IN,Android
TXN01352,2026-02-26 08:00:00,23.58,Myntra,Shopping,IN,Android
TXN01353,2026-02-26 09:00:00,68.66,Other,Food,IN,Android
TXN01354,2026-02-26 10:00:00,189.32,Uber,Entertainment,IN,Android
TXN01355,2026-02-26 11:00:00,73.92,Myntra,Shopping,IN,Android
TXN01356,2026-02-26 12:00:00,42.75,Uber,Shopping,IN,Web
TXN01357,2026-02-26 13:00:00,39.27,Swiggy,Food,IN,iOS
TXN01358,2026-02-26 14:00:00,41.82,Other,Entertainment,IN,iOS
TXN01359,2026-02-26 15:00:00,46.29,Swiggy,Bills,IN,iOS
TXN01360,2026-02-26 16:00:00,42.71,Reliance,Shopping,IN,iOS
TXN01361,2026-02-26 17:00:00,99.05,Myntra,Food,IN,Android
TXN01362,2026-02-26 18:00:00,17.7,Myntra,Entertainment,IN,iOS
TXN01363,2026-02-26 19:00:00,95.61,Reliance,Food,IN,Android
TXN01364,2026-02-26 20:00:00,42.66,Reliance,Travel,IN,Android
TXN01365,2026-02-26 21:00:00,69.76,Uber,Travel,IN,Web
TXN01366,2026-02-26 22:00:00,26.24,Myntra,Bills,IN,Web
TXN01367,2026-02-26 23:00:00,129.49,Uber,Bills,IN,Android
TXN01368,2026-02-27 00:00:00,122.69,Swiggy,Entertainment,IN,iOS
TXN01369,2026-02-27 01:00:00,101.87,Reliance,Shopping,IN,Android
TXN01370,2026-02-27 02:00:00,20.4,Other,Travel,IN,Android
TXN01371,2026-02-27 03:00:00,93.59,Myntra,Bills,IN,Android
TXN01372,2026-02-27 04:00:00,71.03,Reliance,Travel,IN,Android
TXN01373,2026-02-27 05:00:00,19.23,Reliance,Bills,IN,iOS
TXN01374,2026-02-27 06:00:00,53.74,Swiggy,Bills,IN,Android
TXN01375,2026-02-27 07:00:00,69.2,Amazon,Food,IN,Android
TXN01376,2026-02-27 08:00:00,78.37,Swiggy,Shopping,IN,Web
TXN01377,2026-02-27 09:00:00,61.27,Reliance,Entertainment,IN,Android
TXN01378,2026-02-27 10:00:00,65.98,Reliance,Entertainment,IN,Android
TXN01379,2026-02-27 11:00:00,142.29,Uber,Entertainment,IN,Android
TXN01380,2026-02-27 12:00:00,121.14,Reliance,Food,IN,Android
TXN01381,2026-02-27 13:00:00,8.47,Amazon,Food,IN,Android
TXN01382,2026-02-27 14:00:00,44.42,Myntra,Food,IN,iOS
TXN01383,2026-02-27 15:00:00,49.06,Myntra,Shopping,IN,Web
TXN01384,2026-02-27 16:00:00,17.48,Uber,Shopping,IN,Android
TXN01385,2026-02-27 17:00:00,58.05,Reliance,Food,IN,Android
TXN01386,2026-02-27 18:00:00,122.94,Uber,Entertainment,IN,Android
TXN01387,2026-02-27 19:00:00,26.94,Uber,Food,IN,Web
TXN01388,2026-02-27 20:00:00,67.94,Myntra,Travel,IN,Android
TXN01389,2026-02-27 21:00:00,30.11,Reliance,Travel,IN,Android
TXN01390,2026-02-27 22:00:00,35.28,Flipkart,Food,IN,Web
TXN01391,2026-02-27 23:00:00,142.64,Swiggy,Entertainment,IN,iOS
TXN01392,2026-02-28 00:00:00,38.37,Swiggy,Shopping,IN,Android
TXN01393,2026-02-28 01:00:00,73.73,Flipkart,Entertainment,IN,Android
TXN01394,2026-02-28 02:00:00,16.18,Swiggy,Bills,IN,Android
TXN01395,2026-02-28 03:00:00,183.19,Swiggy,Food,IN,Web
TXN01396,2026-02-28 04:00:00,80.78,Swiggy,Bills,IN,Android
TXN01397,2026-02-28 05:00:00,48.49,Swiggy,Travel,IN,Android
TXN01398,2026-02-28 06:00:00,79.37,Uber,Entertainment,IN,iOS
TXN01399,2026-02-28 07:00:00,21.84,Myntra,Shopping,IN,Android
TXN01400,2026-02-28 08:00:00,117.76,Swiggy,Shopping,IN,Android
TXN01401,2026-02-28 09:00:00,44.23,Reliance,Travel,IN,Web
TXN01402,2026-02-28 10:00:00,47.82,Uber,Entertainment,IN,Android
TXN01403,2026-02-28 11:00:00,39.66,Reliance,Shopping,IN,Web
TXN01404,2026-02-28 12:00:00,37.43,Amazon,Bills,IN,iOS
TXN01405,2026-02-28 13:00:00,85.76,Flipkart,Entertainment,IN,Android
TXN01406,2026-02-28 14:00:00,505.5383659626094,Uber,Travel,IN,iOS
TXN01407,2026-02-28 15:00:00,83.4,Swiggy,Entertainment,IN,iOS
TXN01408,2026-02-28 16:00:00,54.29,Uber,Bills,IN,iOS
TXN01409,2026-02-28 17:00:00,76.22,Flipkart,Food,IN,iOS
TXN01410,2026-02-28 18:00:00,41.59,Uber,Entertainment,IN,Android
TXN01411,2026-02-28 19:00:00,232.6,Myntra,Bills,IN,Android
TXN01412,2026-02-28 20:00:00,19.7,Reliance,Shopping,IN,iOS
TXN01413,2026-02-28 21:00:00,123.92,Flipkart,Travel,IN,Android
TXN01414,2026-02-28 22:00:00,132.84,Swiggy,Bills,IN,Android
TXN01415,2026-02-28 23:00:00,31.38,Uber,Entertainment,IN,Android
TXN01416,2026-03-01 00:00:00,232.53,Uber,Bills,IN,Android
TXN01417,2026-03-01 01:00:00,104.28,Reliance,Travel,IN,iOS
TXN01418,2026-03-01 02:00:00,102.64,Swiggy,Food,IN,iOS
TXN01419,2026-03-01 03:00:00,55.6,Myntra,Shopping,IN,iOS
TXN01420,2026-03-01 04:00:00,47.41,Other,Shopping,IN,Android
TXN01421,2026-03-01 05:00:00,47.65,Swiggy,Bills,IN,Android
TXN01422,2026-03-01 06:00:00,70.38,Reliance,Entertainment,IN,iOS
TXN01423,2026-03-01 07:00:00,135.74,Swiggy,Shopping,IN,Android
TXN01424,2026-03-01 08:00:00,61.43,Swiggy,Bills,IN,iOS
TXN01425,2026-03-01 09:00:00,30.19,Myntra,Travel,IN,iOS
TXN01426,2026-03-01 10:00:00,93.31,Myntra,Shopping,IN,Android
TXN01427,2026-03-01 11:00:00,99.36,Uber,Food,IN,Android
TXN01428,2026-03-01 12:00:00,83.56,Flipkart,Food,IN,iOS
TXN01429,2026-03-01 13:00:00,88.64,Amazon,Bills,IN,Android
TXN01430,2026-03-01 14:00:00,45.78,Other,Food,IN,Web
TXN01431,2026-03-01 15:00:00,29.85,Other,Entertainment,IN,iOS
TXN01432,2026-03-01 16:00:00,31.05,Other,Food,IN,Android
TXN01433,2026-03-01 17:00:00,18.86,Uber,Shopping,IN,iOS
TXN01434,2026-03-01 18:00:00,63.69,Other,Shopping,IN,Android
TXN01435,2026-03-01 19:00:00,51.72,Uber,Travel,IN,Android
TXN01436,2026-03-01 20:00:00,41.02,Amazon,Travel,IN,Web
TXN01437,2026-03-01 21:00:00,8.0,Flipkart,Bills,IN,iOS
TXN01438,2026-03-01 22:00:00,24.27,Flipkart,Travel,IN,iOS
TXN01439,2026-03-01 23:00:00,113.13,Swiggy,Shopping,IN,iOS
TXN01440,2026-03-02 00:00:00,35.45,Other,Food,IN,Android
TXN01441,2026-03-02 01:00:00,69.02,Swiggy,Travel,IN,Android
TXN01442,2026-03-02 02:00:00,22.11,Myntra,Food,IN,Android
TXN01443,2026-03-02 03:00:00,139.1,Flipkart,Bills,IN,Android
TXN01444,2026-03-02 04:00:00,49.72,Myntra,Entertainment,IN,Android
TXN01445,2026-03-02 05:00:00,65.93,Uber,Food,IN,Android
TXN01446,2026-03-02 06:00:00,247.59,Flipkart,Travel,IN,iOS
TXN01447,2026-03-02 07:00:00,146.3,Uber,Entertainment,IN,Android
TXN01448,2026-03-02 08:00:00,44.73,Amazon,Food,IN,iOS
TXN01449,2026-03-02 09:00:00,37.13,Other,Travel,IN,iOS
TXN01450,2026-03-02 10:00:00,44.19,Myntra,Food,IN,Web
TXN01451,2026-03-02 11:00:00,76.05,Other,Bills,IN,Android
TXN01452,2026-03-02 12:00:00,50.99,Other,Bills,IN,Web
TXN01453,2026-03-02 13:00:00,42.23,Flipkart,Shopping,IN,iOS
TXN01454,2026-03-02 14:00:00,141.69,Myntra,Shopping,IN,Android
TXN01455,2026-03-02 15:00:00,50.69,Amazon,Shopping,IN,Android
TXN01456,2026-03-02 16:00:00,243.41,Other,Shopping,IN,Android
TXN01457,2026-03-02 17:00:00,57.92,Reliance,Shopping,IN,iOS
TXN01458,2026-03-02 18:00:00,174.24,Myntra,Bills,IN,iOS
TXN01459,2026-03-02 19:00:00,68.87,Other,Entertainment,IN,Android
TXN01460,2026-03-02 20:00:00,102.1,Reliance,Travel,IN,iOS
TXN01461,2026-03-02 21:00:00,34.09,Other,Entertainment,IN,Android
TXN01462,2026-03-02 22:00:00,31.35,Amazon,Bills,IN,Android
TXN01463,2026-03-02 23:00:00,73.61,Amazon,Entertainment,IN,Web
TXN01464,2026-03-03 00:00:00,103.81,Other,Bills,IN,Web
TXN01465,2026-03-03 01:00:00,56.05,Flipkart,Shopping,IN,iOS
TXN01466,2026-03-03 02:00:00,23.66,Swiggy,Travel,IN,Android
TXN01467,2026-03-03 03:00:00,22.55,Amazon,Travel,IN,Android
TXN01468,2026-03-03 04:00:00,21.59,Myntra,Bills,IN,Android
TXN01469,2026-03-03 05:00:00,17.31,Reliance,Bills,IN,Android
TXN01470,2026-03-03 06:00:00,58.63,Reliance,Shopping,IN,Android
TXN01471,2026-03-03 07:00:00,113.44,Myntra,Bills,IN,Web
TXN01472,2026-03-03 08:00:00,54.12,Myntra,Entertainment,IN,iOS
TXN01473,2026-03-03 09:00:00,83.29734563263861,Uber,Shopping,IN,Android
TXN01474,2026-03-03 10:00:00,48.23,Uber,Travel,IN,Android
TXN01475,2026-03-03 11:00:00,49.12,Uber,Entertainment,IN,Android
TXN01476,2026-03-03 12:00:00,213.24,Other,Shopping,IN,Android
TXN01477,2026-03-03 13:00:00,21.18,Flipkart,Shopping,IN,iOS
TXN01478,2026-03-03 14:00:00,42.35,Uber,Entertainment,IN,Android
TXN01479,2026-03-03 15:00:00,165.47,Myntra,Shopping,IN,iOS
TXN01480,2026-03-03 16:00:00,73.15,Uber,Bills,IN,Android
TXN01481,2026-03-03 17:00:00,78.74,Amazon,Entertainment,IN,Android
TXN01482,2026-03-03 18:00:00,58.82,Swiggy,Travel,IN,Web
TXN01483,2026-03-03 19:00:00,67.66,Myntra,Travel,IN,Android
TXN01484,2026-03-03 20:00:00,90.51,Myntra,Travel,IN,Android
TXN01485,2026-03-03 21:00:00,32.26,Reliance,Food,IN,iOS
TXN01486,2026-03-03 22:00:00,96.62,Other,Food,IN,Android
TXN01487,2026-03-03 23:00:00,22.37,Myntra,Travel,IN,Android
TXN01488,2026-03-04 00:00:00,67.59,Myntra,Entertainment,IN,Android
TXN01489,2026-03-04 01:00:00,61.32,Swiggy,Entertainment,IN,Android
TXN01490,2026-03-04 02:00:00,36.58,Swiggy,Entertainment,IN,Android
TXN01491,2026-03-04 03:00:00,53.8,Reliance,Shopping,IN,Android
TXN01492,2026-03-04 04:00:00,36.43,Uber,Food,IN,iOS
TXN01493,2026-03-04 05:00:00,27.2,Reliance,Bills,IN,Web
TXN01494,2026-03-04 06:00:00,43.39,Amazon,Travel,IN,Android
TXN01495,2026-03-04 18:00:00,325.45048083361417,Amazon,Food,IN,Android
TXN01496,2026-03-04 08:00:00,67.34,Flipkart,Food,IN,Android
TXN01497,2026-03-04 09:00:00,25.85,Flipkart,Shopping,IN,Android
TXN01498,2026-03-04 10:00:00,86.73,Myntra,Food,IN,Android
TXN01499,2026-03-04 11:00:00,25.33,Myntra,Travel,IN,iOS
TXN01500,2026-03-04 12:00:00,37.78,Uber,Travel,IN,Android
TXN01501,2026-03-04 13:00:00,36.38,Swiggy,Travel,IN,Android
TXN01502,2026-03-04 14:00:00,129.2,Myntra,Food,IN,iOS
TXN01503,2026-03-04 15:00:00,67.67,Amazon,Food,IN,iOS
TXN01504,2026-03-04 16:00:00,47.58,Uber,Entertainment,IN,Android
TXN01505,2026-03-04 17:00:00,75.5,Flipkart,Travel,IN,Android
TXN01506,2026-03-04 18:00:00,13.88,Amazon,Food,IN,Web
TXN01507,2026-03-04 19:00:00,53.09,Flipkart,Bills,IN,Android
TXN01508,2026-03-04 20:00:00,200.01,Amazon,Travel,IN,iOS
TXN01509,2026-03-04 21:00:00,59.5,Uber,Travel,IN,iOS
TXN01510,2026-03-04 22:00:00,57.06,Uber,Food,IN,Android
TXN01511,2026-03-04 23:00:00,77.97,Myntra,Bills,IN,Android
TXN01512,2026-03-05 00:00:00,97.72,Uber,Shopping,IN,Android
TXN01513,2026-03-05 01:00:00,14.9,Flipkart,Entertainment,IN,Android
TXN01514,2026-03-05 02:00:00,18.29,Amazon,Travel,IN,Android
TXN01515,2026-03-05 03:00:00,62.6,Myntra,Travel,IN,iOS
TXN01516,2026-03-05 04:00:00,34.31,Other,Food,IN,iOS
TXN01517,2026-03-05 05:00:00,128.1,Flipkart,Travel,IN,Web
TXN01518,2026-03-05 06:00:00,44.48,Flipkart,Bills,IN,Web
TXN01519,2026-03-05 07:00:00,15.53,Swiggy,Travel,IN,iOS
TXN01520,2026-03-05 08:00:00,23.95,Flipkart,Shopping,IN,Android
TXN01521,2026-03-05 09:00:00,9.14,Flipkart,Travel,IN,Android
TXN01522,2026-03-05 10:00:00,46.89,Uber,Food,IN,iOS
TXN01523,2026-03-05 11:00:00,48.31,Reliance,Shopping,IN,iOS
TXN01524,2026-03-05 12:00:00,41.43,Myntra,Entertainment,IN,Android
TXN01525,2026-03-05 13:00:00,110.09,Other,Food,IN,iOS
TXN01526,2026-03-05 14:00:00,118.99,Swiggy,Travel,IN,Android
TXN01527,2026-03-05 15:00:00,48.87,Uber,Shopping,IN,Android
TXN01528,2026-03-05 16:00:00,13.63,Swiggy,Food,IN,iOS
TXN01529,2026-03-05 17:00:00,81.55,Amazon,Food,IN,Android
TXN01530,2026-03-05 18:00:00,78.33,Swiggy,Shopping,IN,Android
TXN01531,2026-03-05 19:00:00,66.76,Flipkart,Entertainment,IN,iOS
TXN01532,2026-03-05 20:00:00,103.33,Uber,Food,IN,iOS
TXN01533,2026-03-05 21:00:00,25.61,Flipkart,Travel,IN,Android
TXN01534,2026-03-05 22:00:00,201.48,Reliance,Travel,IN,iOS
TXN01535,2026-03-05 23:00:00,29.26,Reliance,Travel,IN,Android
TXN01536,2026-03-06 00:00:00,88.85,Other,Travel,IN,iOS
TXN01537,2026-03-06 01:00:00,18.23,Amazon,Travel,IN,Android
TXN01538,2026-03-06 02:00:00,29.82,Amazon,Shopping,IN,Web
TXN01539,2026-03-06 03:00:00,146.3,Other,Bills,IN,iOS
TXN01540,2026-03-06 04:00:00,46.08,Reliance,Shopping,IN,Android
TXN01541,2026-03-06 05:00:00,94.25,Myntra,Travel,IN,Android
TXN01542,2026-03-06 06:00:00,63.69,Swiggy,Food,IN,Android
TXN01543,2026-03-06 07:00:00,51.0,Uber,Travel,IN,iOS
TXN01544,2026-03-06 08:00:00,132.49,Uber,Shopping,IN,iOS
TXN01545,2026-03-06 09:00:00,46.81,Reliance,Bills,IN,iOS
TXN01546,2026-03-06 10:00:00,17.16,Uber,Travel,IN,Web
TXN01547,2026-03-06 11:00:00,32.39,Amazon,Shopping,IN,Android
TXN01548,2026-03-06 12:00:00,1098.9806640035722,Myntra,Shopping,IN,iOS
TXN01549,2026-03-06 13:00:00,70.6,Reliance,Travel,IN,Android
TXN01550,2026-03-06 14:00:00,19.72,Swiggy,Bills,IN,iOS
TXN01551,2026-03-06 15:00:00,34.1,Amazon,Travel,IN,Android
TXN01552,2026-03-06 16:00:00,37.41,Amazon,Bills,IN,iOS
TXN01553,2026-03-06 17:00:00,43.05,Reliance,Bills,IN,Android
TXN01554,2026-03-06 18:00:00,22.32,Uber,Entertainment,IN,Android
TXN01555,2026-03-06 19:00:00,36.29,Uber,Entertainment,IN,Android
TXN01556,2026-03-06 20:00:00,34.0,Other,Entertainment,IN,Web
TXN01557,2026-03-07 06:00:00,822.2591324870356,Amazon,Bills,IN,Android
TXN01558,2026-03-06 22:00:00,92.38,Flipkart,Travel,IN,Android
TXN01559,2026-03-06 23:00:00,49.66,Reliance,Travel,IN,Android
TXN01560,2026-03-07 00:00:00,42.32,Uber,Bills,IN,Android
TXN01561,2026-03-07 01:00:00,59.8,Amazon,Shopping,IN,Web
TXN01562,2026-03-07 02:00:00,32.11,Myntra,Bills,IN,Web
TXN01563,2026-03-07 03:00:00,25.91,Amazon,Travel,IN,iOS
TXN01564,2026-03-07 04:00:00,29.63,Reliance,Travel,IN,iOS
TXN01565,2026-03-07 05:00:00,36.14,Reliance,Entertainment,IN,Android
TXN01566,2026-03-07 06:00:00,25.63,Reliance,Bills,IN,Android
TXN01567,2026-03-07 07:00:00,60.66,Uber,Entertainment,IN,iOS
TXN01568,2026-03-07 08:00:00,87.73,Flipkart,Entertainment,IN,iOS
TXN01569,2026-03-07 09:00:00,19.46,Other,Entertainment,IN,Android
TXN01570,2026-03-07 10:00:00,55.5,Uber,Food,IN,iOS
TXN01571,2026-03-07 11:00:00,47.33,Myntra,Shopping,IN,Android
TXN01572,2026-03-07 12:00:00,68.17,Amazon,Food,IN,Android
TXN01573,2026-03-07 13:00:00,54.14,Myntra,Bills,IN,Android
TXN01574,2026-03-07 14:00:00,21.22,Myntra,Entertainment,IN,iOS
TXN01575,2026-03-07 15:00:00,24.03,Swiggy,Entertainment,IN,iOS
TXN01576,2026-03-07 16:00:00,55.65,Reliance,Bills,IN,Android
TXN01577,2026-03-07 17:00:00,106.56,Amazon,Bills,IN,iOS
TXN01578,2026-03-07 18:00:00,12.95,Reliance,Entertainment,IN,iOS
TXN01579,2026-03-07 19:00:00,68.36,Other,Bills,IN,Android
TXN01580,2026-03-07 20:00:00,118.3,Uber,Shopping,IN,iOS
TXN01581,2026-03-07 21:00:00,49.43,Amazon,Travel,IN,Android
TXN01582,2026-03-07 22:00:00,78.07,Uber,Food,IN,Android
TXN01583,2026-03-07 23:00:00,34.57,Uber,Bills,IN,Android
TXN01584,2026-03-08 00:00:00,50.52,Uber,Bills,IN,Android
TXN01585,2026-03-08 01:00:00,19.04,Flipkart,Food,IN,Android
TXN01586,2026-03-08 02:00:00,11.9,Myntra,Food,IN,Android
TXN01587,2026-03-08 03:00:00,100.77,Flipkart,Shopping,IN,Android
TXN01588,2026-03-08 04:00:00,28.78,Uber,Food,IN,iOS
TXN01589,2026-03-08 05:00:00,40.61,Myntra,Entertainment,IN,iOS
TXN01590,2026-03-08 06:00:00,22.17,Myntra,Bills,IN,Android
TXN01591,2026-03-08 07:00:00,21.84,Reliance,Entertainment,IN,Android
TXN01592,2026-03-08 08:00:00,48.76,Other,Entertainment,IN,Android
TXN01593,2026-03-08 09:00:00,33.98,Reliance,Entertainment,IN,iOS
TXN01594,2026-03-08 10:00:00,69.8,Reliance,Shopping,IN,Web
TXN01595,2026-03-08 11:00:00,73.27,Other,Food,IN,Android
TXN01596,2026-03-08 12:00:00,67.26,Flipkart,Shopping,IN,iOS
TXN01597,2026-03-08 13:00:00,63.76,Swiggy,Shopping,IN,iOS
TXN01598,2026-03-08 14:00:00,152.25,Uber,Food,IN,Web
TXN01599,2026-03-08 15:00:00,27.28,Uber,Food,IN,Android
TXN01600,2026-03-08 16:00:00,52.68,Myntra,Shopping,IN,Android
TXN01601,2026-03-08 17:00:00,114.01,Amazon,Entertainment,IN,iOS
TXN01602,2026-03-08 18:00:00,1726.5890080110187,Amazon,Travel,IN,Android
TXN01603,2026-03-08 19:00:00,21.67,Reliance,Bills,IN,Android
TXN01604,2026-03-08 20:00:00,44.57,Reliance,Bills,IN,Android
TXN01605,2026-03-08 21:00:00,132.0,Swiggy,Entertainment,IN,Android
TXN01606,2026-03-08 22:00:00,75.96,Swiggy,Shopping,IN,iOS
TXN01607,2026-03-08 23:00:00,61.99,Uber,Food,IN,iOS
TXN01608,2026-03-09 00:00:00,47.39,Uber,Food,IN,Android
TXN01609,2026-03-09 01:00:00,42.54,Flipkart,Travel,IN,Web
TXN01610,2026-03-09 02:00:00,65.85,Uber,Travel,IN,Android
TXN01611,2026-03-09 03:00:00,46.34,Reliance,Bills,IN,Web
TXN01612,2026-03-09 04:00:00,53.11,Reliance,Travel,IN,Android
TXN01613,2026-03-09 05:00:00,57.46,Reliance,Food,IN,iOS
TXN01614,2026-03-09 06:00:00,35.14,Myntra,Travel,IN,Web
TXN01615,2026-03-09 07:00:00,77.16,Other,Entertainment,IN,iOS
TXN01616,2026-03-09 08:00:00,3238.5605176867343,Flipkart,Travel,IN,iOS
TXN01617,2026-03-09 09:00:00,17.2,Amazon,Travel,IN,Android
TXN01618,2026-03-09 10:00:00,67.4,Amazon,Shopping,IN,iOS
TXN01619,2026-03-09 11:00:00,33.31,Other,Shopping,IN,iOS
TXN01620,2026-03-09 12:00:00,79.46,Myntra,Food,IN,Android
TXN01621,2026-03-09 13:00:00,56.28,Flipkart,Shopping,IN,Web
TXN01622,2026-03-09 14:00:00,89.59,Reliance,Travel,IN,Android
TXN01623,2026-03-09 15:00:00,117.22,Swiggy,Entertainment,IN,Android
TXN01624,2026-03-09 16:00:00,61.87,Myntra,Travel,IN,Web
TXN01625,2026-03-09 17:00:00,113.96,Flipkart,Bills,IN,Android
TXN01626,2026-03-09 18:00:00,11.9,Amazon,Entertainment,IN,Android
TXN01627,2026-03-09 19:00:00,153.51,Flipkart,Bills,IN,Android
TXN01628,2026-03-09 20:00:00,69.67,Flipkart,Bills,IN,iOS
TXN01629,2026-03-09 21:00:00,110.01,Uber,Bills,IN,Web
TXN01630,2026-03-09 22:00:00,24.71,Amazon,Food,IN,Android
TXN01631,2026-03-09 23:00:00,31.82,Flipkart,Travel,IN,iOS
TXN01632,2026-03-10 00:00:00,60.03,Uber,Food,IN,iOS
TXN01633,2026-03-10 01:00:00,54.0,Swiggy,Bills,IN,iOS
TXN01634,2026-03-10 02:00:00,65.63,Myntra,Travel,IN,iOS
TXN01635,2026-03-10 03:00:00,110.49,Myntra,Entertainment,IN,Web
TXN01636,2026-03-10 04:00:00,17.33,Other,Shopping,IN,Android
TXN01637,2026-03-10 05:00:00,102.82,Reliance,Shopping,IN,Android
TXN01638,2026-03-10 06:00:00,54.89,Flipkart,Bills,IN,iOS
TXN01639,2026-03-10 07:00:00,47.82,Myntra,Bills,IN,Android
TXN01640,2026-03-10 08:00:00,20.98,Myntra,Bills,IN,Android
TXN01641,2026-03-10 09:00:00,75.72,Myntra,Food,IN,Android
TXN01642,2026-03-10 10:00:00,11.37,Reliance,Shopping,IN,Android
TXN01643,2026-03-10 11:00:00,83.22,Flipkart,Food,IN,Web
TXN01644,2026-03-10 12:00:00,20.7,Swiggy,Travel,IN,Android
TXN01645,2026-03-10 13:00:00,56.53,Reliance,Travel,IN,iOS
TXN01646,2026-03-10 14:00:00,50.53,Other,Entertainment,IN,iOS
TXN01647,2026-03-10 15:00:00,116.77,Amazon,Entertainment,IN,Android
TXN01648,2026-03-10 16:00:00,48.61,Uber,Bills,IN,Android
TXN01649,2026-03-10 17:00:00,34.77,Flipkart,Shopping,IN,Android
TXN01650,2026-03-10 18:00:00,39.28,Flipkart,Shopping,IN,Android
TXN01651,2026-03-10 19:00:00,124.88,Amazon,Travel,IN,Android
TXN01652,2026-03-10 20:00:00,77.37,Uber,Bills,IN,iOS
TXN01653,2026-03-10 21:00:00,42.49,Myntra,Bills,IN,Android
TXN01654,2026-03-10 22:00:00,46.82,Uber,Food,IN,Android
TXN01655,2026-03-10 23:00:00,19.71,Swiggy,Shopping,IN,Android
TXN01656,2026-03-11 00:00:00,70.28,Reliance,Food,IN,Android
TXN01657,2026-03-11 01:00:00,17.39,Myntra,Bills,IN,Android
TXN01658,2026-03-11 02:00:00,89.0,Other,Entertainment,IN,Web
TXN01659,2026-03-11 03:00:00,59.36,Swiggy,Entertainment,IN,Android
TXN01660,2026-03-11 04:00:00,3029.7679167797683,Flipkart,Travel,IN,Android
TXN01661,2026-03-11 05:00:00,26.71,Uber,Shopping,IN,iOS
TXN01662,2026-03-11 06:00:00,748.6743287719855,Uber,Entertainment,IN,iOS
TXN01663,2026-03-11 07:00:00,175.72,Uber,Shopping,IN,iOS
TXN01664,2026-03-11 08:00:00,118.44,Reliance,Food,IN,Android
TXN01665,2026-03-11 09:00:00,34.73,Amazon,Entertainment,IN,iOS
TXN01666,2026-03-11 10:00:00,63.15,Uber,Travel,IN,Android
TXN01667,2026-03-11 11:00:00,54.67,Uber,Shopping,IN,iOS
TXN01668,2026-03-11 12:00:00,65.58,Flipkart,Travel,IN,Android
TXN01669,2026-03-11 13:00:00,34.67,Myntra,Shopping,IN,iOS
TXN01670,2026-03-11 14:00:00,51.52,Reliance,Food,IN,iOS
TXN01671,2026-03-11 15:00:00,19.32,Uber,Entertainment,IN,iOS
TXN01672,2026-03-11 16:00:00,59.61,Amazon,Food,IN,Android
TXN01673,2026-03-11 17:00:00,73.15,Amazon,Entertainment,IN,iOS
TXN01674,2026-03-11 18:00:00,47.1,Swiggy,Travel,IN,iOS
TXN01675,2026-03-11 19:00:00,19.11,Myntra,Bills,IN,Android
TXN01676,2026-03-11 20:00:00,103.81,Swiggy,Bills,IN,Android
TXN01677,2026-03-11 21:00:00,69.2,Swiggy,Travel,IN,Android
TXN01678,2026-03-11 22:00:00,34.06,Other,Shopping,IN,Android
TXN01679,2026-03-11 23:00:00,45.5,Amazon,Entertainment,IN,iOS
TXN01680,2026-03-12 00:00:00,20.59,Amazon,Travel,IN,Android
TXN01681,2026-03-12 01:00:00,28.04,Flipkart,Bills,IN,iOS
TXN01682,2026-03-12 02:00:00,38.49,Other,Travel,IN,iOS
TXN01683,2026-03-12 03:00:00,121.33,Uber,Bills,IN,iOS
TXN01684,2026-03-12 04:00:00,36.03,Flipkart,Food,IN,iOS
TXN01685,2026-03-12 05:00:00,82.78,Swiggy,Entertainment,IN,iOS
TXN01686,2026-03-12 06:00:00,38.48,Other,Food,IN,Android
TXN01687,2026-03-12 07:00:00,64.15,Myntra,Bills,IN,Android
TXN01688,2026-03-12 08:00:00,49.8,Flipkart,Travel,IN,iOS
TXN01689,2026-03-12 09:00:00,96.3,Flipkart,Travel,IN,Web
TXN01690,2026-03-12 10:00:00,38.57,Amazon,Shopping,IN,Android
TXN01691,2026-03-12 11:00:00,19.65,Reliance,Food,IN,Web
TXN01692,2026-03-12 12:00:00,22.24,Amazon,Shopping,IN,Web
TXN01693,2026-03-12 13:00:00,38.64,Swiggy,Travel,IN,Android
TXN01694,2026-03-12 14:00:00,24.24,Swiggy,Bills,IN,iOS
TXN01695,2026-03-12 15:00:00,71.28,Myntra,Travel,IN,iOS
TXN01696,2026-03-12 16:00:00,40.34,Myntra,Bills,IN,Android
TXN01697,2026-03-12 17:00:00,255.57,Reliance,Food,IN,Android
TXN01698,2026-03-12 18:00:00,17.65,Swiggy,Food,IN,Android
TXN01699,2026-03-12 19:00:00,62.32,Swiggy,Travel,IN,iOS
TXN01700,2026-03-12 20:00:00,26.23,Swiggy,Food,IN,Android
TXN01701,2026-03-12 21:00:00,39.62,Amazon,Entertainment,IN,iOS
TXN01702,2026-03-12 22:00:00,59.85,Reliance,Entertainment,IN,iOS
TXN01703,2026-03-12 23:00:00,12.04,Uber,Travel,IN,iOS
TXN01704,2026-03-13 00:00:00,63.68,Uber,Bills,IN,Android
TXN01705,2026-03-13 01:00:00,188.08,Other,Shopping,IN,Android
TXN01706,2026-03-13 02:00:00,40.66,Flipkart,Shopping,IN,Android
TXN01707,2026-03-13 03:00:00,64.64,Other,Food,IN,Android
TXN01708,2026-03-13 04:00:00,106.29,Myntra,Food,IN,Android
TXN01709,2026-03-13 05:00:00,49.08,Flipkart,Food,IN,Android
TXN01710,2026-03-13 06:00:00,37.43,Myntra,Travel,IN,Android
TXN01711,2026-03-13 07:00:00,143.05535918855202,Reliance,Bills,IN,iOS
TXN01712,2026-03-13 08:00:00,82.82,Swiggy,Travel,IN,Android
TXN01713,2026-03-13 09:00:00,50.73,Swiggy,Travel,IN,Android
TXN01714,2026-03-13 10:00:00,28.27,Reliance,Shopping,IN,Web
TXN01715,2026-03-13 11:00:00,59.28,Flipkart,Food,IN,Android
TXN01716,2026-03-13 12:00:00,37.36,Amazon,Entertainment,IN,Web
TXN01717,2026-03-13 13:00:00,38.73,Myntra,Entertainment,IN,iOS
TXN01718,2026-03-13 14:00:00,80.97,Other,Shopping,IN,Android
TXN01719,2026-03-13 15:00:00,22.88,Uber,Shopping,IN,Web
TXN01720,2026-03-13 16:00:00,107.85,Amazon,Entertainment,IN,Web
TXN01721,2026-03-13 17:00:00,22.01,Uber,Shopping,IN,iOS
TXN01722,2026-03-13 18:00:00,35.49,Flipkart,Travel,IN,Android
TXN01723,2026-03-13 19:00:00,190.55,Reliance,Entertainment,IN,Android
TXN01724,2026-03-13 20:00:00,113.61,Myntra,Bills,IN,Android
TXN01725,2026-03-13 21:00:00,58.17,Swiggy,Travel,IN,iOS
TXN01726,2026-03-13 22:00:00,29.63,Myntra,Food,IN,Android
TXN01727,2026-03-13 23:00:00,38.71,Myntra,Bills,IN,Android
TXN01728,2026-03-14 00:00:00,57.26,Myntra,Bills,IN,Android
TXN01729,2026-03-14 01:00:00,55.95,Swiggy,Entertainment,IN,Android
TXN01730,2026-03-14 02:00:00,51.47,Uber,Travel,IN,Android
TXN01731,2026-03-14 03:00:00,53.51,Amazon,Entertainment,IN,Android
TXN01732,2026-03-14 04:00:00,47.5,Swiggy,Bills,IN,Web
TXN01733,2026-03-14 05:00:00,21.39,Swiggy,Shopping,IN,Android
TXN01734,2026-03-14 06:00:00,39.03,Uber,Food,IN,Android
TXN01735,2026-03-14 07:00:00,98.94,Other,Bills,IN,Android
TXN01736,2026-03-14 08:00:00,294.8924413323828,Other,Shopping,IN,Android
TXN01737,2026-03-14 09:00:00,48.27,Uber,Bills,IN,iOS
TXN01738,2026-03-14 10:00:00,32.05,Myntra,Food,IN,Android
TXN01739,2026-03-14 11:00:00,58.7,Amazon,Food,IN,Web
TXN01740,2026-03-14 12:00:00,42.41,Uber,Travel,IN,Web
TXN01741,2026-03-14 13:00:00,142.64,Myntra,Entertainment,IN,iOS
TXN01742,2026-03-14 14:00:00,75.89,Myntra,Entertainment,IN,iOS
TXN01743,2026-03-14 15:00:00,23.27,Other,Travel,IN,Android
TXN01744,2026-03-14 16:00:00,84.46,Uber,Shopping,IN,iOS
TXN01745,2026-03-14 17:00:00,33.0,Other,Entertainment,IN,Android
TXN01746,2026-03-14 18:00:00,37.52,Other,Entertainment,IN,iOS
TXN01747,2026-03-14 19:00:00,66.95,Myntra,Bills,IN,Android
TXN01748,2026-03-14 20:00:00,39.66,Amazon,Bills,IN,Android
TXN01749,2026-03-14 21:00:00,97.55,Swiggy,Travel,IN,Android
TXN01750,2026-03-14 22:00:00,33.0,Reliance,Shopping,IN,iOS
TXN01751,2026-03-14 23:00:00,36.51,Myntra,Shopping,IN,iOS
TXN01752,2026-03-15 00:00:00,35.64,Other,Shopping,IN,Android
TXN01753,2026-03-15 01:00:00,37.8,Reliance,Entertainment,IN,Android
TXN01754,2026-03-15 02:00:00,111.55,Amazon,Shopping,IN,Android
TXN01755,2026-03-15 03:00:00,82.16,Other,Travel,IN,iOS
TXN01756,2026-03-15 04:00:00,165.91,Swiggy,Food,IN,Android
TXN01757,2026-03-15 05:00:00,238.4,Reliance,Shopping,IN,Android
TXN01758,2026-03-15 06:00:00,27.94,Uber,Entertainment,IN,iOS
TXN01759,2026-03-15 07:00:00,57.16,Uber,Shopping,IN,iOS
TXN01760,2026-03-15 08:00:00,25.42,Amazon,Entertainment,IN,iOS
TXN01761,2026-03-15 09:00:00,32.94,Amazon,Bills,IN,iOS
TXN01762,2026-03-15 10:00:00,36.25,Myntra,Bills,IN,Web
TXN01763,2026-03-15 11:00:00,27.46,Uber,Shopping,IN,Android
TXN01764,2026-03-15 12:00:00,27.56,Uber,Entertainment,IN,Android
TXN01765,2026-03-15 13:00:00,49.71,Flipkart,Travel,IN,Web
TXN01766,2026-03-15 14:00:00,24.76,Uber,Travel,IN,Android
TXN01767,2026-03-15 15:00:00,94.39,Amazon,Bills,IN,iOS
TXN01768,2026-03-15 16:00:00,30.07,Flipkart,Food,IN,Android
TXN01769,2026-03-15 17:00:00,339.07,Uber,Food,IN,Android
TXN01770,2026-03-15 18:00:00,40.72,Myntra,Food,IN,Android
TXN01771,2026-03-15 19:00:00,57.21,Myntra,Travel,IN,iOS
TXN01772,2026-03-15 20:00:00,23.52,Other,Bills,IN,iOS
TXN01773,2026-03-15 21:00:00,165.5,Reliance,Food,IN,Android
TXN01774,2026-03-15 22:00:00,113.03,Swiggy,Food,IN,Android
TXN01775,2026-03-15 23:00:00,66.22,Reliance,Entertainment,IN,Android
TXN01776,2026-03-16 00:00:00,22.75,Amazon,Travel,IN,Android
TXN01777,2026-03-16 01:00:00,62.61,Other,Entertainment,IN,Android
TXN01778,2026-03-16 02:00:00,26.34,Swiggy,Food,IN,Web
TXN01779,2026-03-16 03:00:00,141.25,Reliance,Food,IN,Android
TXN01780,2026-03-16 04:00:00,92.39,Other,Food,IN,Android
TXN01781,2026-03-16 05:00:00,58.09,Myntra,Travel,IN,Android
TXN01782,2026-03-16 06:00:00,11.2,Other,Bills,IN,Android
TXN01783,2026-03-16 07:00:00,28.81,Amazon,Travel,IN,Android
TXN01784,2026-03-16 08:00:00,85.37,Flipkart,Food,IN,iOS
TXN01785,2026-03-16 09:00:00,120.11,Myntra,Entertainment,IN,iOS
TXN01786,2026-03-16 10:00:00,112.28,Uber,Travel,IN,iOS
TXN01787,2026-03-16 11:00:00,19.4,Amazon,Food,IN,Android
TXN01788,2026-03-16 12:00:00,66.42,Reliance,Shopping,IN,iOS
TXN01789,2026-03-16 13:00:00,105.65,Amazon,Travel,IN,Web
TXN01790,2026-03-16 14:00:00,18.58,Other,Bills,IN,Web
TXN01791,2026-03-16 15:00:00,54.32,Flipkart,Entertainment,IN,Web
TXN01792,2026-03-16 16:00:00,65.24,Uber,Food,IN,Android
TXN01793,2026-03-16 17:00:00,44.9,Reliance,Shopping,IN,Web
TXN01794,2026-03-16 18:00:00,16.38,Uber,Entertainment,IN,iOS
TXN01795,2026-03-16 19:00:00,44.18,Reliance,Travel,IN,iOS
TXN01796,2026-03-16 20:00:00,44.13,Myntra,Shopping,IN,iOS
TXN01797,2026-03-16 21:00:00,49.59,Other,Shopping,IN,Web
TXN01798,2026-03-16 22:00:00,37.85,Uber,Travel,IN,Android
TXN01799,2026-03-16 23:00:00,40.94,Other,Bills,IN,iOS
TXN01800,2026-03-17 00:00:00,53.21,Uber,Food,IN,iOS
TXN01801,2026-03-17 01:00:00,72.79,Other,Food,IN,iOS
TXN01802,2026-03-17 12:00:00,496.37605272110426,Reliance,Bills,IN,iOS
TXN01803,2026-03-17 03:00:00,41.83,Amazon,Entertainment,IN,Android
TXN01804,2026-03-17 04:00:00,57.98,Myntra,Travel,IN,Android
TXN01805,2026-03-17 05:00:00,15.66,Other,Travel,IN,Android
TXN01806,2026-03-17 06:00:00,74.45,Amazon,Food,IN,iOS
TXN01807,2026-03-17 07:00:00,54.58,Reliance,Shopping,IN,iOS
TXN01808,2026-03-17 08:00:00,56.03,Amazon,Shopping,IN,iOS
TXN01809,2026-03-17 09:00:00,101.95,Other,Entertainment,IN,iOS
TXN01810,2026-03-17 10:00:00,15.34,Reliance,Shopping,IN,iOS
TXN01811,2026-03-17 11:00:00,15.13,Flipkart,Entertainment,IN,Android
TXN01812,2026-03-17 12:00:00,65.23,Reliance,Food,IN,iOS
TXN01813,2026-03-17 13:00:00,54.35,Amazon,Bills,IN,Web
TXN01814,2026-03-17 14:00:00,60.98,Uber,Entertainment,IN,iOS
TXN01815,2026-03-17 15:00:00,40.43,Other,Bills,IN,Web
TXN01816,2026-03-17 16:00:00,84.09,Flipkart,Bills,IN,Web
TXN01817,2026-03-17 17:00:00,100.1,Flipkart,Food,IN,Android
TXN01818,2026-03-17 18:00:00,74.78,Swiggy,Travel,IN,iOS
TXN01819,2026-03-17 19:00:00,46.08,Swiggy,Bills,IN,Android
TXN01820,2026-03-17 20:00:00,13.87,Amazon,Travel,IN,Android
TXN01821,2026-03-17 21:00:00,90.02,Uber,Shopping,IN,Android
TXN01822,2026-03-17 22:00:00,120.8,Flipkart,Entertainment,IN,Android
TXN01823,2026-03-17 23:00:00,83.01,Amazon,Shopping,IN,Android
TXN01824,2026-03-18 00:00:00,30.82,Flipkart,Entertainment,IN,iOS
TXN01825,2026-03-18 01:00:00,84.6,Amazon,Entertainment,IN,Android
TXN01826,2026-03-18 02:00:00,95.52,Other,Shopping,IN,Android
TXN01827,2026-03-18 03:00:00,150.39,Other,Bills,IN,Android
TXN01828,2026-03-18 04:00:00,30.89,Swiggy,Bills,IN,Android
TXN01829,2026-03-18 05:00:00,47.13,Other,Food,IN,Web
TXN01830,2026-03-18 06:00:00,88.74,Uber,Entertainment,IN,Android
TXN01831,2026-03-18 07:00:00,56.67,Other,Shopping,IN,Android
TXN01832,2026-03-18 08:00:00,26.41,Flipkart,Food,IN,Web
TXN01833,2026-03-18 09:00:00,71.49,Flipkart,Entertainment,IN,iOS
TXN01834,2026-03-18 10:00:00,79.53,Reliance,Bills,IN,iOS
TXN01835,2026-03-18 11:00:00,57.81,Flipkart,Shopping,IN,iOS
TXN01836,2026-03-18 12:00:00,62.97,Reliance,Shopping,IN,Android
TXN01837,2026-03-18 13:00:00,46.15,Swiggy,Food,IN,iOS
TXN01838,2026-03-18 14:00:00,142.72,Swiggy,Shopping,IN,Android
TXN01839,2026-03-18 15:00:00,30.4,Uber,Shopping,IN,Android
TXN01840,2026-03-18 16:00:00,37.27,Reliance,Travel,IN,Android
TXN01841,2026-03-18 17:00:00,54.99,Amazon,Shopping,IN,iOS
TXN01842,2026-03-18 18:00:00,96.67,Reliance,Food,IN,Android
TXN01843,2026-03-18 19:00:00,20.63,Reliance,Food,IN,Android
TXN01844,2026-03-18 20:00:00,23.3,Reliance,Entertainment,IN,Android
TXN01845,2026-03-18 21:00:00,14.52,Other,Entertainment,IN,iOS
TXN01846,2026-03-18 22:00:00,665.6575664371113,Reliance,Entertainment,IN,Android
TXN01847,2026-03-18 23:00:00,26.39,Uber,Food,IN,Android
TXN01848,2026-03-19 00:00:00,42.52,Uber,Travel,IN,Android
TXN01849,2026-03-19 01:00:00,83.92,Swiggy,Travel,IN,iOS
TXN01850,2026-03-19 02:00:00,35.98,Reliance,Entertainment,IN,Android
TXN01851,2026-03-19 03:00:00,63.46,Swiggy,Bills,IN,Web
TXN01852,2026-03-19 04:00:00,44.94,Myntra,Entertainment,IN,Android
TXN01853,2026-03-19 05:00:00,84.51,Amazon,Travel,IN,Android
TXN01854,2026-03-19 06:00:00,74.35,Swiggy,Entertainment,IN,Android
TXN01855,2026-03-19 07:00:00,34.82,Flipkart,Bills,IN,Android
TXN01856,2026-03-19 08:00:00,48.93,Uber,Bills,IN,Android
TXN01857,2026-03-19 09:00:00,107.6,Uber,Bills,IN,Android
TXN01858,2026-03-19 10:00:00,70.51,Reliance,Food,IN,Web
TXN01859,2026-03-19 11:00:00,22.02,Uber,Bills,IN,Android
TXN01860,2026-03-19 12:00:00,83.61,Flipkart,Food,IN,Android
TXN01861,2026-03-19 13:00:00,26.98,Uber,Bills,IN,Android
TXN01862,2026-03-19 14:00:00,136.75,Amazon,Food,IN,Android
TXN01863,2026-03-19 15:00:00,106.24,Reliance,Bills,IN,Android
TXN01864,2026-03-19 16:00:00,65.92,Reliance,Travel,IN,Android
TXN01865,2026-03-19 17:00:00,60.47,Flipkart,Bills,IN,Android
TXN01866,2026-03-19 18:00:00,47.66,Flipkart,Food,IN,Android
TXN01867,2026-03-19 19:00:00,84.86,Amazon,Bills,IN,Web
TXN01868,2026-03-19 20:00:00,42.91,Swiggy,Entertainment,IN,iOS
TXN01869,2026-03-19 21:00:00,63.63,Amazon,Shopping,IN,Web
TXN01870,2026-03-19 22:00:00,96.23,Other,Food,IN,Android
TXN01871,2026-03-19 23:00:00,37.9,Amazon,Bills,IN,Web
TXN01872,2026-03-20 00:00:00,36.58,Myntra,Entertainment,IN,Android
TXN01873,2026-03-20 01:00:00,25.12,Uber,Bills,IN,Android
TXN01874,2026-03-20 02:00:00,27.33,Flipkart,Travel,IN,iOS
TXN01875,2026-03-20 03:00:00,16.64,Reliance,Food,IN,Android
TXN01876,2026-03-20 04:00:00,87.74,Amazon,Entertainment,IN,Android
TXN01877,2026-03-20 05:00:00,176.94,Other,Entertainment,IN,iOS
TXN01878,2026-03-20 06:00:00,137.89,Reliance,Entertainment,IN,iOS
TXN01879,2026-03-20 07:00:00,18.97,Myntra,Food,IN,Android
TXN01880,2026-03-20 08:00:00,87.46,Other,Travel,IN,Android
TXN01881,2026-03-20 09:00:00,137.6,Swiggy,Food,IN,Android
TXN01882,2026-03-20 10:00:00,40.57,Flipkart,Entertainment,IN,Web
TXN01883,2026-03-20 11:00:00,58.32,Flipkart,Entertainment,IN,Android
TXN01884,2026-03-20 12:00:00,14.8,Other,Shopping,IN,Android
TXN01885,2026-03-20 13:00:00,64.93,Swiggy,Food,IN,Android
TXN01886,2026-03-20 14:00:00,27.35,Reliance,Travel,IN,Web
TXN01887,2026-03-21 09:00:00,794.676817534382,Swiggy,Travel,IN,iOS
TXN01888,2026-03-20 16:00:00,19.79,Other,Travel,IN,Android
TXN01889,2026-03-20 17:00:00,77.7,Other,Food,IN,Web
TXN01890,2026-03-20 18:00:00,106.26,Swiggy,Bills,IN,Android
TXN01891,2026-03-20 19:00:00,32.82,Uber,Entertainment,IN,Web
TXN01892,2026-03-20 20:00:00,26.08,Reliance,Entertainment,IN,Android
TXN01893,2026-03-20 21:00:00,13.44,Flipkart,Travel,IN,Android
TXN01894,2026-03-21 18:00:00,515.4440511079085,Amazon,Entertainment,IN,Android
TXN01895,2026-03-20 23:00:00,37.41,Swiggy,Bills,IN,Web
TXN01896,2026-03-21 00:00:00,19.92,Myntra,Shopping,IN,Web
TXN01897,2026-03-21 01:00:00,73.29,Amazon,Bills,IN,iOS
TXN01898,2026-03-21 02:00:00,40.75,Swiggy,Food,IN,Android
TXN01899,2026-03-21 03:00:00,27.13,Other,Bills,IN,Android
TXN01900,2026-03-21 04:00:00,38.07,Amazon,Bills,IN,Android
TXN01901,2026-03-21 05:00:00,109.55,Amazon,Entertainment,IN,Android
TXN01902,2026-03-21 06:00:00,80.79,Swiggy,Entertainment,IN,Android
TXN01903,2026-03-21 07:00:00,50.17,Amazon,Entertainment,IN,iOS
TXN01904,2026-03-21 08:00:00,81.65,Amazon,Travel,IN,iOS
TXN01905,2026-03-21 09:00:00,25.67,Flipkart,Travel,IN,Web
TXN01906,2026-03-21 10:00:00,55.76,Amazon,Travel,IN,Android
TXN01907,2026-03-21 11:00:00,60.08,Reliance,Entertainment,IN,Android
TXN01908,2026-03-21 12:00:00,40.23,Amazon,Food,IN,Android
TXN01909,2026-03-21 13:00:00,72.46,Uber,Travel,IN,Android
TXN01910,2026-03-21 18:00:00,315.2562296719366,Myntra,Bills,IN,iOS
TXN01911,2026-03-21 15:00:00,76.05,Myntra,Shopping,IN,iOS
TXN01912,2026-03-21 16:00:00,78.16,Myntra,Bills,IN,Android
TXN01913,2026-03-21 17:00:00,8.2,Swiggy,Food,IN,Android
TXN01914,2026-03-21 18:00:00,118.36,Other,Food,IN,Web
TXN01915,2026-03-21 19:00:00,7.53,Amazon,Bills,IN,Android
TXN01916,2026-03-21 20:00:00,36.58,Amazon,Shopping,IN,Android
TXN01917,2026-03-21 21:00:00,106.32,Reliance,Shopping,IN,iOS
TXN01918,2026-03-21 22:00:00,44.42,Amazon,Travel,IN,iOS
TXN01919,2026-03-21 23:00:00,21.05,Flipkart,Travel,IN,Android
TXN01920,2026-03-22 00:00:00,26.82,Flipkart,Shopping,IN,iOS
TXN01921,2026-03-22 01:00:00,106.43,Amazon,Food,IN,Web
TXN01922,2026-03-22 02:00:00,15.66,Amazon,Food,IN,Android
TXN01923,2026-03-22 03:00:00,113.73,Myntra,Travel,IN,Android
TXN01924,2026-03-22 04:00:00,52.68,Myntra,Food,IN,iOS
TXN01925,2026-03-22 05:00:00,25.15,Amazon,Shopping,IN,iOS
TXN01926,2026-03-22 06:00:00,37.37,Other,Travel,IN,Android
TXN01927,2026-03-22 07:00:00,28.19,Amazon,Entertainment,IN,Android
TXN01928,2026-03-22 08:00:00,95.88,Myntra,Travel,IN,iOS
TXN01929,2026-03-22 09:00:00,87.89,Reliance,Food,IN,Android
TXN01930,2026-03-22 10:00:00,17.86,Uber,Travel,IN,Android
TXN01931,2026-03-22 11:00:00,42.0,Uber,Shopping,IN,Android
TXN01932,2026-03-22 12:00:00,31.15,Amazon,Food,IN,Android
TXN01933,2026-03-22 13:00:00,126.57,Flipkart,Travel,IN,Web
TXN01934,2026-03-22 14:00:00,22.7,Reliance,Travel,IN,iOS
TXN01935,2026-03-22 15:00:00,154.9,Swiggy,Travel,IN,Android
TXN01936,2026-03-22 16:00:00,53.43,Amazon,Entertainment,IN,Web
TXN01937,2026-03-22 17:00:00,25.66,Reliance,Bills,IN,Android
TXN01938,2026-03-22 18:00:00,35.16,Myntra,Shopping,IN,Android
TXN01939,2026-03-22 19:00:00,32.43,Amazon,Travel,IN,Android
TXN01940,2026-03-22 20:00:00,23.84,Amazon,Travel,IN,iOS
TXN01941,2026-03-22 21:00:00,58.07,Amazon,Shopping,IN,iOS
TXN01942,2026-03-22 22:00:00,24.58,Amazon,Food,IN,iOS
TXN01943,2026-03-22 23:00:00,13.23,Myntra,Entertainment,IN,Android
TXN01944,2026-03-23 00:00:00,42.66,Amazon,Food,IN,Android
TXN01945,2026-03-23 01:00:00,16.91,Myntra,Travel,IN,Android
TXN01946,2026-03-23 02:00:00,33.48,Flipkart,Food,IN,Web
TXN01947,2026-03-23 03:00:00,30.24,Other,Shopping,IN,Android
TXN01948,2026-03-23 04:00:00,30.99,Reliance,Food,IN,iOS
TXN01949,2026-03-23 05:00:00,200.46,Swiggy,Bills,IN,iOS
TXN01950,2026-03-23 06:00:00,56.64,Uber,Entertainment,IN,Android
TXN01951,2026-03-23 07:00:00,64.04,Amazon,Bills,IN,Android
TXN01952,2026-03-23 08:00:00,17.21,Amazon,Entertainment,IN,Android
TXN01953,2026-03-23 09:00:00,35.69,Uber,Bills,IN,iOS
TXN01954,2026-03-23 10:00:00,62.8,Amazon,Bills,IN,Web
TXN01955,2026-03-23 11:00:00,28.05,Myntra,Travel,IN,Android
TXN01956,2026-03-23 12:00:00,98.52,Swiggy,Shopping,IN,Web
TXN01957,2026-03-23 13:00:00,24.98,Amazon,Travel,IN,Android
TXN01958,2026-03-23 14:00:00,45.33,Uber,Entertainment,IN,Android
TXN01959,2026-03-23 15:00:00,37.3,Uber,Travel,IN,Web
TXN01960,2026-03-23 16:00:00,60.75,Reliance,Bills,IN,Web
TXN01961,2026-03-23 17:00:00,36.01,Flipkart,Shopping,IN,Android
TXN01962,2026-03-23 18:00:00,45.78,Uber,Food,IN,iOS
TXN01963,2026-03-23 19:00:00,46.83,Reliance,Food,IN,Web
TXN01964,2026-03-23 20:00:00,210.465364201317,Flipkart,Food,IN,iOS
TXN01965,2026-03-23 21:00:00,74.84,Reliance,Entertainment,IN,iOS
TXN01966,2026-03-23 22:00:00,63.75,Reliance,Travel,IN,Android
TXN01967,2026-03-23 23:00:00,51.54,Uber,Bills,IN,Android
TXN01968,2026-03-24 00:00:00,41.27,Other,Bills,IN,iOS
TXN01969,2026-03-24 01:00:00,91.63,Other,Travel,IN,Android
TXN01970,2026-03-24 02:00:00,46.84,Flipkart,Entertainment,IN,Android
TXN01971,2026-03-24 03:00:00,44.73,Other,Food,IN,Android
TXN01972,2026-03-24 04:00:00,58.44,Amazon,Shopping,IN,Android
TXN01973,2026-03-24 05:00:00,164.48,Amazon,Bills,IN,Android
TXN01974,2026-03-24 06:00:00,22.85,Amazon,Bills,IN,Android
TXN01975,2026-03-24 07:00:00,90.05,Swiggy,Food,IN,Android
TXN01976,2026-03-24 08:00:00,15.95,Other,Entertainment,IN,Android
TXN01977,2026-03-24 09:00:00,62.88,Myntra,Shopping,IN,Web
TXN01978,2026-03-24 10:00:00,151.99,Myntra,Food,IN,iOS
TXN01979,2026-03-24 11:00:00,75.01,Amazon,Shopping,IN,Android
TXN01980,2026-03-24 12:00:00,61.0,Uber,Shopping,IN,Android
TXN01981,2026-03-24 13:00:00,37.93,Swiggy,Bills,IN,Android
TXN01982,2026-03-24 14:00:00,55.71,Uber,Bills,IN,iOS
TXN01983,2026-03-24 15:00:00,46.35,Flipkart,Bills,IN,iOS
TXN01984,2026-03-24 16:00:00,262.2685774359833,Flipkart,Entertainment,IN,iOS
TXN01985,2026-03-24 17:00:00,45.22,Other,Shopping,IN,iOS
TXN01986,2026-03-24 18:00:00,62.11,Uber,Bills,IN,Android
TXN01987,2026-03-24 19:00:00,33.16,Swiggy,Shopping,IN,Android
TXN01988,2026-03-24 20:00:00,32.33,Amazon,Entertainment,IN,Android
TXN01989,2026-03-24 21:00:00,22.55,Reliance,Bills,IN,Android
TXN01990,2026-03-24 22:00:00,70.38,Uber,Bills,IN,Android
TXN01991,2026-03-24 23:00:00,77.82,Swiggy,Travel,IN,iOS
TXN01992,2026-03-25 00:00:00,63.47,Myntra,Food,IN,Android
TXN01993,2026-03-25 01:00:00,102.24,Amazon,Bills,IN,iOS
TXN01994,2026-03-25 02:00:00,57.81,Uber,Entertainment,IN,Android
TXN01995,2026-03-25 03:00:00,70.44,Other,Shopping,IN,Android
TXN01996,2026-03-25 04:00:00,66.52,Uber,Entertainment,IN,iOS
TXN01997,2026-03-25 05:00:00,51.44,Amazon,Bills,IN,Android
TXN01998,2026-03-25 06:00:00,38.67,Flipkart,Shopping,IN,Android
TXN01999,2026-03-25 07:00:00,230.26,Amazon,Entertainment,IN,Android
TXN02000,2026-03-25 08:00:00,40.7,Uber,Shopping,IN,iOS
TXN02001,2026-03-25 09:00:00,35.42,Swiggy,Bills,IN,Android
TXN02002,2026-03-25 10:00:00,72.39,Amazon,Shopping,IN,Web
TXN02003,2026-03-25 11:00:00,64.31,Myntra,Shopping,IN,Web
TXN02004,2026-03-25 12:00:00,21.91,Flipkart,Bills,IN,iOS
TXN02005,2026-03-25 13:00:00,113.27,Swiggy,Bills,IN,Android
TXN02006,2026-03-25 14:00:00,51.36,Other,Bills,IN,iOS
TXN02007,2026-03-25 15:00:00,26.52,Amazon,Food,IN,Android
TXN02008,2026-03-25 16:00:00,118.24,Flipkart,Entertainment,IN,Web
TXN02009,2026-03-25 17:00:00,82.0,Swiggy,Shopping,IN,Android
TXN02010,2026-03-25 18:00:00,24.0,Uber,Entertainment,IN,Android
TXN02011,2026-03-25 19:00:00,173.33,Flipkart,Food,IN,Android
TXN02012,2026-03-25 20:00:00,83.78,Other,Bills,IN,iOS
TXN02013,2026-03-25 21:00:00,54.24,Amazon,Entertainment,IN,Web
TXN02014,2026-03-25 22:00:00,153.49,Other,Food,IN,Android
TXN02015,2026-03-25 23:00:00,60.55,Uber,Travel,IN,Android
TXN02016,2026-03-26 00:00:00,53.61,Amazon,Entertainment,IN,iOS
TXN02017,2026-03-26 01:00:00,35.55,Amazon,Entertainment,IN,iOS
TXN02018,2026-03-26 02:00:00,79.69,Amazon,Food,IN,iOS
TXN02019,2026-03-26 03:00:00,74.43,Swiggy,Travel,IN,Android
TXN02020,2026-03-26 04:00:00,55.12,Swiggy,Food,IN,iOS
TXN02021,2026-03-26 05:00:00,32.67,Myntra,Travel,IN,Web
TXN02022,2026-03-26 06:00:00,59.41,Swiggy,Food,IN,Android
TXN02023,2026-03-26 07:00:00,52.18,Reliance,Shopping,IN,Android
TXN02024,2026-03-26 08:00:00,22.95,Swiggy,Entertainment,IN,Android
TXN02025,2026-03-26 09:00:00,20.97,Flipkart,Bills,IN,Android
TXN02026,2026-03-26 10:00:00,78.83,Flipkart,Travel,IN,iOS
TXN02027,2026-03-26 11:00:00,10.06,Swiggy,Shopping,IN,Android
TXN02028,2026-03-26 12:00:00,62.4,Reliance,Shopping,IN,Android
TXN02029,2026-03-26 13:00:00,40.01,Flipkart,Travel,IN,Android
TXN02030,2026-03-26 14:00:00,127.79,Flipkart,Bills,IN,Web
TXN02031,2026-03-26 15:00:00,39.62,Other,Food,IN,iOS
TXN02032,2026-03-26 16:00:00,83.82,Myntra,Bills,IN,Android
TXN02033,2026-03-26 17:00:00,42.18,Flipkart,Food,IN,iOS
TXN02034,2026-03-26 18:00:00,58.79,Other,Shopping,IN,Android
TXN02035,2026-03-26 19:00:00,88.14,Flipkart,Travel,IN,iOS
TXN02036,2026-03-26 20:00:00,40.42,Flipkart,Shopping,IN,iOS
TXN02037,2026-03-26 21:00:00,104.35,Uber,Shopping,IN,Android
TXN02038,2026-03-26 22:00:00,28.62,Myntra,Shopping,IN,Web
TXN02039,2026-03-26 23:00:00,66.12,Flipkart,Food,IN,Android
TXN02040,2026-03-27 00:00:00,99.46,Reliance,Travel,IN,iOS
TXN02041,2026-03-27 01:00:00,83.85,Flipkart,Entertainment,IN,Android
TXN02042,2026-03-27 02:00:00,189.75,Reliance,Food,IN,iOS
TXN02043,2026-03-27 03:00:00,33.24,Amazon,Shopping,IN,Android
TXN02044,2026-03-27 04:00:00,22.28,Uber,Shopping,IN,Android
TXN02045,2026-03-27 05:00:00,28.61,Myntra,Food,IN,Android
TXN02046,2026-03-27 06:00:00,83.87,Flipkart,Food,IN,Web
TXN02047,2026-03-27 07:00:00,75.46,Myntra,Food,IN,Android
TXN02048,2026-03-27 08:00:00,58.35,Myntra,Entertainment,IN,iOS
TXN02049,2026-03-27 09:00:00,26.31,Myntra,Food,IN,Android
TXN02050,2026-03-27 10:00:00,89.88,Swiggy,Bills,IN,iOS
TXN02051,2026-03-27 11:00:00,24.63,Reliance,Bills,IN,Android
TXN02052,2026-03-27 12:00:00,115.97,Reliance,Shopping,IN,iOS
TXN02053,2026-03-27 13:00:00,349.79,Swiggy,Food,IN,Web
TXN02054,2026-03-27 14:00:00,69.28,Reliance,Travel,IN,Android
TXN02055,2026-03-27 15:00:00,79.76,Other,Travel,IN,Android
TXN02056,2026-03-27 16:00:00,39.63,Reliance,Shopping,IN,Web
TXN02057,2026-03-27 17:00:00,16.83,Reliance,Bills,IN,Android
TXN02058,2026-03-27 18:00:00,36.9,Reliance,Food,IN,Android
TXN02059,2026-03-27 19:00:00,26.83,Reliance,Food,IN,Android
TXN02060,2026-03-27 20:00:00,21.32,Swiggy,Bills,IN,iOS
TXN02061,2026-03-27 21:00:00,167.26,Reliance,Entertainment,IN,Web
TXN02062,2026-03-27 22:00:00,65.19,Flipkart,Entertainment,IN,iOS
TXN02063,2026-03-27 23:00:00,69.88,Swiggy,Entertainment,IN,iOS
TXN02064,2026-03-28 00:00:00,44.66,Other,Travel,IN,Android
TXN02065,2026-03-28 01:00:00,48.8,Flipkart,Shopping,IN,Android
TXN02066,2026-03-28 02:00:00,102.2,Reliance,Food,IN,Android
TXN02067,2026-03-28 03:00:00,53.46,Swiggy,Food,IN,Android
TXN02068,2026-03-28 04:00:00,77.09,Flipkart,Food,IN,Android
TXN02069,2026-03-28 05:00:00,48.07,Amazon,Food,IN,iOS
TXN02070,2026-03-28 06:00:00,43.71,Uber,Shopping,IN,Android
TXN02071,2026-03-28 07:00:00,21.88,Uber,Shopping,IN,Android
TXN02072,2026-03-28 08:00:00,15.1,Uber,Bills,IN,Android
TXN02073,2026-03-28 09:00:00,46.06,Amazon,Travel,IN,Android
TXN02074,2026-03-28 10:00:00,56.64,Flipkart,Shopping,IN,Android
TXN02075,2026-03-28 11:00:00,23.67,Amazon,Travel,IN,Android
TXN02076,2026-03-28 12:00:00,53.39,Swiggy,Entertainment,IN,Android
TXN02077,2026-03-28 13:00:00,398.21801448759453,Other,Travel,IN,Android
TXN02078,2026-03-28 14:00:00,13.44,Flipkart,Food,IN,iOS
TXN02079,2026-03-28 15:00:00,30.12,Myntra,Food,IN,Web
TXN02080,2026-03-28 16:00:00,71.15,Amazon,Food,IN,iOS
TXN02081,2026-03-28 17:00:00,70.22,Uber,Food,IN,iOS
TXN02082,2026-03-28 18:00:00,25.79,Other,Entertainment,IN,Web
TXN02083,2026-03-28 19:00:00,60.52,Swiggy,Entertainment,IN,Android
TXN02084,2026-03-28 20:00:00,106.12,Flipkart,Food,IN,iOS
TXN02085,2026-03-28 21:00:00,90.48,Uber,Entertainment,IN,Android
TXN02086,2026-03-28 22:00:00,51.32,Flipkart,Entertainment,IN,Android
TXN02087,2026-03-28 23:00:00,40.28,Other,Shopping,IN,Android
TXN02088,2026-03-29 00:00:00,36.27,Reliance,Travel,IN,Android
TXN02089,2026-03-29 01:00:00,74.0,Myntra,Bills,IN,iOS
TXN02090,2026-03-29 02:00:00,61.98,Myntra,Travel,IN,Android
TXN02091,2026-03-29 03:00:00,82.2,Myntra,Travel,IN,iOS
TXN02092,2026-03-29 04:00:00,59.48,Reliance,Travel,IN,Web
TXN02093,2026-03-29 05:00:00,92.96,Uber,Bills,IN,Android
TXN02094,2026-03-29 06:00:00,58.06,Other,Food,IN,Android
TXN02095,2026-03-29 07:00:00,90.93,Swiggy,Travel,IN,Android
TXN02096,2026-03-29 08:00:00,96.16,Amazon,Food,IN,Android
TXN02097,2026-03-29 09:00:00,32.36,Myntra,Entertainment,IN,Web
TXN02098,2026-03-29 10:00:00,16.86,Myntra,Shopping,IN,iOS
TXN02099,2026-03-29 11:00:00,148.9,Other,Shopping,IN,iOS
TXN02100,2026-03-29 12:00:00,64.51,Swiggy,Shopping,IN,Android
TXN02101,2026-03-29 13:00:00,17.91,Swiggy,Food,IN,iOS
TXN02102,2026-03-29 14:00:00,34.33,Uber,Bills,IN,iOS
TXN02103,2026-03-29 15:00:00,90.17,Swiggy,Entertainment,IN,Android
TXN02104,2026-03-29 16:00:00,45.52,Reliance,Travel,IN,Android
TXN02105,2026-03-29 17:00:00,39.14,Swiggy,Shopping,IN,Android
TXN02106,2026-03-29 18:00:00,135.72,Reliance,Food,IN,Android
TXN02107,2026-03-29 19:00:00,27.64,Swiggy,Shopping,IN,Web
TXN02108,2026-03-29 20:00:00,32.5,Flipkart,Travel,IN,iOS
TXN02109,2026-03-29 21:00:00,62.64,Other,Bills,IN,Android
TXN02110,2026-03-29 22:00:00,70.37,Uber,Shopping,IN,Web
TXN02111,2026-03-29 23:00:00,75.39,Myntra,Bills,IN,Android
TXN02112,2026-03-30 00:00:00,98.72,Myntra,Food,IN,Android
TXN02113,2026-03-30 01:00:00,62.12,Swiggy,Bills,IN,Web
TXN02114,2026-03-30 02:00:00,75.05,Other,Entertainment,IN,Web
TXN02115,2026-03-30 03:00:00,46.13,Swiggy,Bills,IN,iOS
TXN02116,2026-03-30 04:00:00,56.87,Other,Bills,IN,Android
TXN02117,2026-03-30 05:00:00,58.55,Uber,Bills,IN,Web
TXN02118,2026-03-30 06:00:00,62.79,Amazon,Shopping,IN,iOS
TXN02119,2026-03-30 07:00:00,90.21,Amazon,Shopping,IN,iOS
TXN02120,2026-03-30 08:00:00,78.32,Other,Food,IN,Android
TXN02121,2026-03-30 09:00:00,56.19,Uber,Bills,IN,Android
TXN02122,2026-03-30 10:00:00,32.27,Swiggy,Bills,IN,iOS
TXN02123,2026-03-30 11:00:00,57.05,Reliance,Bills,IN,Web
TXN02124,2026-03-30 12:00:00,53.61,Myntra,Food,IN,iOS
TXN02125,2026-03-30 13:00:00,61.9,Myntra,Entertainment,IN,Android
TXN02126,2026-03-30 14:00:00,229.12,Myntra,Travel,IN,iOS
TXN02127,2026-03-30 15:00:00,38.84,Flipkart,Food,IN,Android
TXN02128,2026-03-30 16:00:00,71.84,Amazon,Bills,IN,Android
TXN02129,2026-03-30 17:00:00,109.34,Reliance,Shopping,IN,Android
TXN02130,2026-03-30 18:00:00,58.19,Amazon,Travel,IN,Android
TXN02131,2026-03-30 19:00:00,249.54,Reliance,Bills,IN,iOS
TXN02132,2026-03-30 20:00:00,42.7,Amazon,Bills,IN,Android
TXN02133,2026-03-30 21:00:00,67.4,Flipkart,Food,IN,Android
TXN02134,2026-03-30 22:00:00,32.48,Myntra,Shopping,IN,Web
TXN02135,2026-03-30 23:00:00,43.45,Myntra,Shopping,IN,iOS
TXN02136,2026-03-31 00:00:00,64.19,Reliance,Shopping,IN,Android
TXN02137,2026-03-31 01:00:00,94.64,Myntra,Entertainment,IN,Android
TXN02138,2026-03-31 02:00:00,67.18,Amazon,Bills,IN,iOS
TXN02139,2026-03-31 03:00:00,123.77,Reliance,Travel,IN,Android
TXN02140,2026-03-31 04:00:00,51.33,Flipkart,Travel,IN,Android
TXN02141,2026-03-31 05:00:00,44.0,Amazon,Food,IN,Android
TXN02142,2026-03-31 06:00:00,316.58,Other,Shopping,IN,Android
TXN02143,2026-03-31 07:00:00,70.55,Flipkart,Shopping,IN,iOS
TXN02144,2026-03-31 08:00:00,34.2,Uber,Bills,IN,Android
TXN02145,2026-03-31 09:00:00,34.77,Uber,Shopping,IN,Android
TXN02146,2026-03-31 10:00:00,29.58,Reliance,Shopping,IN,Android
TXN02147,2026-03-31 11:00:00,100.36,Amazon,Bills,IN,Android
TXN02148,2026-03-31 12:00:00,43.08,Amazon,Travel,IN,Android
TXN02149,2026-03-31 13:00:00,59.31,Swiggy,Travel,IN,Web
TXN02150,2026-03-31 14:00:00,52.39,Uber,Food,IN,Android
TXN02151,2026-03-31 15:00:00,87.84,Reliance,Shopping,IN,Android
TXN02152,2026-03-31 16:00:00,31.49,Myntra,Travel,IN,Android
TXN02153,2026-03-31 17:00:00,27.14,Flipkart,Food,IN,iOS
TXN02154,2026-03-31 18:00:00,63.17,Other,Travel,IN,Android
TXN02155,2026-03-31 19:00:00,80.69,Uber,Shopping,IN,Web
TXN02156,2026-03-31 20:00:00,67.77,Other,Food,IN,iOS
TXN02157,2026-03-31 21:00:00,32.26,Other,Shopping,IN,Android
TXN02158,2026-03-31 22:00:00,84.81,Amazon,Travel,IN,iOS
TXN02159,2026-03-31 23:00:00,33.67,Uber,Food,IN,Android
TXN02160,2026-04-01 00:00:00,38.9,Swiggy,Food,IN,Web
TXN02161,2026-04-01 01:00:00,29.56,Uber,Travel,IN,Web
TXN02162,2026-04-01 02:00:00,127.2,Swiggy,Travel,IN,Android
TXN02163,2026-04-01 03:00:00,82.41,Uber,Food,IN,iOS
TXN02164,2026-04-01 04:00:00,80.9,Uber,Bills,IN,Android
TXN02165,2026-04-01 05:00:00,122.82,Flipkart,Food,IN,Android
TXN02166,2026-04-01 06:00:00,339.75,Swiggy,Food,IN,iOS
TXN02167,2026-04-01 07:00:00,17.98,Flipkart,Travel,IN,Web
TXN02168,2026-04-01 08:00:00,33.79,Reliance,Shopping,IN,Android
TXN02169,2026-04-01 09:00:00,36.58,Myntra,Travel,IN,iOS
TXN02170,2026-04-01 10:00:00,31.41,Swiggy,Travel,IN,iOS
TXN02171,2026-04-01 11:00:00,27.1,Swiggy,Shopping,IN,Android
TXN02172,2026-04-01 12:00:00,44.94,Amazon,Travel,IN,iOS
TXN02173,2026-04-01 13:00:00,24.76,Swiggy,Shopping,IN,iOS
TXN02174,2026-04-01 14:00:00,67.88,Other,Bills,IN,iOS
TXN02175,2026-04-01 15:00:00,56.46,Amazon,Shopping,IN,Web
TXN02176,2026-04-01 16:00:00,74.64,Flipkart,Shopping,IN,Android
TXN02177,2026-04-01 17:00:00,75.95,Reliance,Food,IN,Android
TXN02178,2026-04-01 18:00:00,80.8,Uber,Bills,IN,Android
TXN02179,2026-04-01 19:00:00,42.83,Amazon,Bills,IN,Android
TXN02180,2026-04-01 20:00:00,216.75,Uber,Travel,IN,Android
TXN02181,2026-04-01 21:00:00,733.8648938706627,Reliance,Shopping,IN,Web
TXN02182,2026-04-01 22:00:00,16.27,Swiggy,Food,IN,Android
TXN02183,2026-04-01 23:00:00,28.46,Swiggy,Bills,IN,iOS
TXN02184,2026-04-02 00:00:00,17.61,Myntra,Shopping,IN,Android
TXN02185,2026-04-02 01:00:00,55.22,Myntra,Bills,IN,Android
TXN02186,2026-04-02 02:00:00,506.7845287092145,Other,Food,IN,iOS
TXN02187,2026-04-02 03:00:00,40.27,Flipkart,Shopping,IN,iOS
TXN02188,2026-04-02 04:00:00,201.76,Flipkart,Bills,IN,Android
TXN02189,2026-04-02 05:00:00,78.01,Flipkart,Shopping,IN,Web
TXN02190,2026-04-02 06:00:00,87.53,Myntra,Food,IN,Android
TXN02191,2026-04-02 07:00:00,29.81,Uber,Shopping,IN,Android
TXN02192,2026-04-02 08:00:00,28.52,Swiggy,Travel,IN,Android
TXN02193,2026-04-02 09:00:00,55.92,Myntra,Shopping,IN,iOS
TXN02194,2026-04-02 10:00:00,61.1,Swiggy,Shopping,IN,Android
TXN02195,2026-04-02 11:00:00,16.34,Flipkart,Travel,IN,iOS
TXN02196,2026-04-02 12:00:00,48.56,Uber,Entertainment,IN,Android
TXN02197,2026-04-02 13:00:00,55.1,Uber,Shopping,IN,Android
TXN02198,2026-04-02 14:00:00,47.47,Swiggy,Travel,IN,Web
TXN02199,2026-04-02 15:00:00,32.18,Uber,Entertainment,IN,Android
TXN02200,2026-04-02 16:00:00,38.45,Other,Food,IN,Android
TXN02201,2026-04-02 17:00:00,48.67,Flipkart,Travel,IN,Android
TXN02202,2026-04-02 18:00:00,57.92,Flipkart,Entertainment,IN,Android
TXN02203,2026-04-02 19:00:00,80.89,Uber,Bills,IN,Android
TXN02204,2026-04-02 20:00:00,110.23,Amazon,Food,IN,Android
TXN02205,2026-04-02 21:00:00,45.09,Flipkart,Bills,IN,iOS
TXN02206,2026-04-02 22:00:00,40.59,Uber,Bills,IN,Android
TXN02207,2026-04-02 23:00:00,72.56,Uber,Travel,IN,Android
TXN02208,2026-04-03 00:00:00,81.21,Myntra,Travel,IN,iOS
TXN02209,2026-04-03 01:00:00,41.17,Amazon,Entertainment,IN,Android
TXN02210,2026-04-03 02:00:00,579.455639482311,Reliance,Entertainment,IN,iOS
TXN02211,2026-04-03 03:00:00,103.21,Uber,Entertainment,IN,iOS
TXN02212,2026-04-03 04:00:00,126.42,Flipkart,Bills,IN,Android
TXN02213,2026-04-03 05:00:00,173.45,Swiggy,Food,IN,Android
TXN02214,2026-04-03 06:00:00,31.09,Flipkart,Shopping,IN,Android
TXN02215,2026-04-03 07:00:00,55.09,Uber,Shopping,IN,Android
TXN02216,2026-04-03 08:00:00,55.0,Uber,Entertainment,IN,Android
TXN02217,2026-04-03 09:00:00,51.23,Uber,Food,IN,iOS
TXN02218,2026-04-03 10:00:00,35.8,Uber,Shopping,IN,iOS
TXN02219,2026-04-03 11:00:00,20.79,Other,Food,IN,Android
TXN02220,2026-04-03 12:00:00,57.99,Other,Shopping,IN,Web
TXN02221,2026-04-03 13:00:00,33.13,Uber,Travel,IN,Android
TXN02222,2026-04-03 14:00:00,57.74,Other,Travel,IN,Web
TXN02223,2026-04-03 15:00:00,32.59,Reliance,Food,IN,iOS
TXN02224,2026-04-03 16:00:00,26.71,Reliance,Bills,IN,Android
TXN02225,2026-04-03 17:00:00,63.58,Flipkart,Travel,IN,Android
TXN02226,2026-04-03 18:00:00,60.23,Uber,Entertainment,IN,Android
TXN02227,2026-04-03 19:00:00,79.56,Swiggy,Bills,IN,Web
TXN02228,2026-04-03 20:00:00,226.06,Amazon,Shopping,IN,Android
TXN02229,2026-04-03 21:00:00,65.38,Amazon,Food,IN,Web
TXN02230,2026-04-03 22:00:00,74.84,Myntra,Bills,IN,Android
TXN02231,2026-04-03 23:00:00,27.1,Swiggy,Travel,IN,Android
TXN02232,2026-04-04 00:00:00,23.65,Reliance,Bills,IN,iOS
TXN02233,2026-04-04 01:00:00,152.76,Myntra,Food,IN,Android
TXN02234,2026-04-04 02:00:00,29.96,Amazon,Shopping,IN,Android
TXN02235,2026-04-04 03:00:00,27.7,Reliance,Bills,IN,Web
TXN02236,2026-04-04 04:00:00,53.23,Uber,Bills,IN,Android
TXN02237,2026-04-04 05:00:00,51.49,Uber,Bills,IN,Web
TXN02238,2026-04-04 06:00:00,30.37,Other,Travel,IN,Web
TXN02239,2026-04-04 07:00:00,44.78,Myntra,Shopping,IN,Android
TXN02240,2026-04-04 08:00:00,121.4,Amazon,Bills,IN,Android
TXN02241,2026-04-04 09:00:00,32.33,Flipkart,Bills,IN,Android
TXN02242,2026-04-04 10:00:00,22.07,Swiggy,Bills,IN,iOS
TXN02243,2026-04-04 11:00:00,100.75,Amazon,Shopping,IN,Web
TXN02244,2026-04-04 12:00:00,75.19,Flipkart,Bills,IN,Web
TXN02245,2026-04-04 13:00:00,36.48,Reliance,Bills,IN,Web
TXN02246,2026-04-04 14:00:00,19.52,Amazon,Entertainment,IN,Android
TXN02247,2026-04-04 15:00:00,323.03352512081443,Flipkart,Travel,IN,Android
TXN02248,2026-04-04 16:00:00,52.69,Uber,Bills,IN,Android
TXN02249,2026-04-04 17:00:00,116.48,Amazon,Travel,IN,Web
TXN02250,2026-04-04 18:00:00,27.83,Flipkart,Bills,IN,Android
TXN02251,2026-04-04 19:00:00,51.68,Other,Bills,IN,Android
TXN02252,2026-04-04 20:00:00,84.68,Myntra,Bills,IN,Android
TXN02253,2026-04-04 21:00:00,11.61,Other,Entertainment,IN,Android
TXN02254,2026-04-04 22:00:00,106.91,Swiggy,Shopping,IN,Android
TXN02255,2026-04-04 23:00:00,25.32,Myntra,Bills,IN,Android
TXN02256,2026-04-05 00:00:00,67.75,Flipkart,Bills,IN,Web
TXN02257,2026-04-05 01:00:00,64.09,Swiggy,Travel,IN,iOS
TXN02258,2026-04-05 02:00:00,110.5,Flipkart,Travel,IN,Android
TXN02259,2026-04-05 03:00:00,78.11,Reliance,Bills,IN,iOS
TXN02260,2026-04-05 04:00:00,11.64,Flipkart,Travel,IN,Android
TXN02261,2026-04-05 05:00:00,32.78,Flipkart,Travel,IN,iOS
TXN02262,2026-04-05 06:00:00,59.73,Uber,Entertainment,IN,Android
TXN02263,2026-04-05 07:00:00,48.1,Uber,Bills,IN,iOS
TXN02264,2026-04-05 08:00:00,74.47,Swiggy,Food,IN,Android
TXN02265,2026-04-05 09:00:00,91.2,Swiggy,Entertainment,IN,Android
TXN02266,2026-04-05 10:00:00,81.08,Swiggy,Food,IN,iOS
TXN02267,2026-04-05 11:00:00,47.5,Other,Shopping,IN,iOS
TXN02268,2026-04-05 12:00:00,16.44,Myntra,Entertainment,IN,iOS
TXN02269,2026-04-05 13:00:00,40.61,Other,Food,IN,Android
TXN02270,2026-04-05 14:00:00,71.57,Other,Food,IN,Android
TXN02271,2026-04-05 15:00:00,26.88,Myntra,Food,IN,iOS
TXN02272,2026-04-05 16:00:00,82.3,Reliance,Travel,IN,Android
TXN02273,2026-04-05 17:00:00,98.54,Amazon,Shopping,IN,Android
TXN02274,2026-04-05 18:00:00,59.29,Other,Shopping,IN,Android
TXN02275,2026-04-05 19:00:00,7.45,Uber,Food,IN,Android
TXN02276,2026-04-05 20:00:00,23.79,Myntra,Food,IN,Android
TXN02277,2026-04-05 21:00:00,186.05,Flipkart,Shopping,IN,Android
TXN02278,2026-04-05 22:00:00,38.27,Amazon,Entertainment,IN,iOS
TXN02279,2026-04-05 23:00:00,15.03,Other,Travel,IN,iOS
TXN02280,2026-04-06 00:00:00,121.86,Uber,Shopping,IN,iOS
TXN02281,2026-04-06 01:00:00,55.07,Amazon,Shopping,IN,iOS
TXN02282,2026-04-06 02:00:00,111.97,Myntra,Entertainment,IN,Android
TXN02283,2026-04-06 03:00:00,65.37,Amazon,Food,IN,Web
TXN02284,2026-04-06 04:00:00,73.56,Uber,Shopping,IN,iOS
TXN02285,2026-04-06 05:00:00,69.13,Myntra,Bills,IN,Android
TXN02286,2026-04-06 06:00:00,85.92,Reliance,Entertainment,IN,Android
TXN02287,2026-04-06 07:00:00,239.93,Uber,Food,IN,iOS
TXN02288,2026-04-06 08:00:00,102.63,Swiggy,Bills,IN,iOS
TXN02289,2026-04-06 09:00:00,19.55,Reliance,Travel,IN,iOS
TXN02290,2026-04-06 10:00:00,72.99,Flipkart,Shopping,IN,iOS
TXN02291,2026-04-06 11:00:00,114.66,Amazon,Bills,IN,Web
TXN02292,2026-04-06 12:00:00,119.31,Flipkart,Entertainment,IN,Web
TXN02293,2026-04-06 13:00:00,251.18519183955394,Reliance,Entertainment,IN,iOS
TXN02294,2026-04-06 14:00:00,116.42,Uber,Shopping,IN,Web
TXN02295,2026-04-06 15:00:00,99.79,Amazon,Travel,IN,Web
TXN02296,2026-04-06 16:00:00,290.65,Flipkart,Bills,IN,Android
TXN02297,2026-04-06 17:00:00,33.53,Amazon,Shopping,IN,iOS
TXN02298,2026-04-06 18:00:00,39.26,Reliance,Entertainment,IN,Android
TXN02299,2026-04-06 19:00:00,44.75,Uber,Shopping,IN,Android
TXN02300,2026-04-06 20:00:00,39.7,Amazon,Food,IN,Android
TXN02301,2026-04-06 21:00:00,30.61,Flipkart,Entertainment,IN,Android
TXN02302,2026-04-06 22:00:00,9.06,Myntra,Travel,IN,Android
TXN02303,2026-04-06 23:00:00,41.16,Myntra,Bills,IN,Android
TXN02304,2026-04-07 00:00:00,69.41,Reliance,Travel,IN,Android
TXN02305,2026-04-07 01:00:00,39.62,Amazon,Bills,IN,iOS
TXN02306,2026-04-07 02:00:00,192.1,Amazon,Shopping,IN,Web
TXN02307,2026-04-07 03:00:00,55.07,Amazon,Bills,IN,Web
TXN02308,2026-04-07 04:00:00,126.36,Swiggy,Shopping,IN,Android
TXN02309,2026-04-07 05:00:00,64.71,Reliance,Shopping,IN,Android
TXN02310,2026-04-07 06:00:00,93.43,Myntra,Travel,IN,Web
TXN02311,2026-04-07 07:00:00,65.46,Flipkart,Travel,IN,Android
TXN02312,2026-04-07 08:00:00,132.92,Myntra,Shopping,IN,Web
TXN02313,2026-04-07 09:00:00,56.62,Myntra,Bills,IN,iOS
TXN02314,2026-04-07 10:00:00,75.38,Flipkart,Food,IN,Android
TXN02315,2026-04-07 11:00:00,69.28,Reliance,Entertainment,IN,Android
TXN02316,2026-04-07 12:00:00,45.27,Swiggy,Shopping,IN,Android
TXN02317,2026-04-07 13:00:00,71.04,Amazon,Food,IN,Android
TXN02318,2026-04-07 14:00:00,233.31,Swiggy,Food,IN,Android
TXN02319,2026-04-07 15:00:00,45.8,Reliance,Travel,IN,iOS
TXN02320,2026-04-07 16:00:00,71.71,Myntra,Travel,IN,iOS
TXN02321,2026-04-07 17:00:00,123.66,Flipkart,Shopping,IN,Android
TXN02322,2026-04-07 18:00:00,114.57,Reliance,Travel,IN,Android
TXN02323,2026-04-07 19:00:00,55.02,Swiggy,Entertainment,IN,Android
TXN02324,2026-04-07 20:00:00,11.6,Uber,Shopping,IN,Android
TXN02325,2026-04-07 21:00:00,76.39,Amazon,Food,IN,iOS
TXN02326,2026-04-07 22:00:00,12.9,Other,Travel,IN,iOS
TXN02327,2026-04-07 23:00:00,141.95,Reliance,Bills,IN,iOS
TXN02328,2026-04-08 00:00:00,60.96,Flipkart,Shopping,IN,Android
TXN02329,2026-04-08 01:00:00,104.56,Uber,Food,IN,Android
TXN02330,2026-04-08 02:00:00,30.38,Reliance,Food,IN,iOS
TXN02331,2026-04-08 03:00:00,19.9,Uber,Bills,IN,iOS
TXN02332,2026-04-08 04:00:00,64.68,Flipkart,Shopping,IN,iOS
TXN02333,2026-04-08 05:00:00,53.42,Other,Bills,IN,Android
TXN02334,2026-04-08 06:00:00,39.67,Flipkart,Travel,IN,Web
TXN02335,2026-04-08 07:00:00,57.69,Swiggy,Food,IN,Android
TXN02336,2026-04-08 08:00:00,329.91,Swiggy,Entertainment,IN,Android
TXN02337,2026-04-08 09:00:00,93.92,Other,Entertainment,IN,iOS
TXN02338,2026-04-08 10:00:00,108.0,Uber,Entertainment,IN,Android
TXN02339,2026-04-08 11:00:00,94.5,Reliance,Entertainment,IN,iOS
TXN02340,2026-04-08 12:00:00,142.83,Other,Food,IN,Android
TXN02341,2026-04-08 13:00:00,48.25,Other,Entertainment,IN,Android
TXN02342,2026-04-08 14:00:00,14.36,Reliance,Shopping,IN,Android
TXN02343,2026-04-08 15:00:00,48.3,Other,Food,IN,iOS
TXN02344,2026-04-08 16:00:00,92.54,Other,Travel,IN,iOS
TXN02345,2026-04-08 17:00:00,29.07,Other,Bills,IN,Android
TXN02346,2026-04-08 18:00:00,48.68,Myntra,Travel,IN,Android
TXN02347,2026-04-08 19:00:00,34.83,Amazon,Travel,IN,Android
TXN02348,2026-04-08 20:00:00,144.94,Amazon,Food,IN,Android
TXN02349,2026-04-08 21:00:00,88.87,Reliance,Travel,IN,iOS
TXN02350,2026-04-08 22:00:00,83.39,Swiggy,Travel,IN,Android
TXN02351,2026-04-08 23:00:00,81.78,Reliance,Travel,IN,Android
TXN02352,2026-04-09 00:00:00,53.29,Other,Travel,IN,Android
TXN02353,2026-04-09 01:00:00,62.08,Myntra,Bills,IN,iOS
TXN02354,2026-04-09 02:00:00,25.27,Reliance,Food,IN,iOS
TXN02355,2026-04-09 03:00:00,13.18,Flipkart,Shopping,IN,iOS
TXN02356,2026-04-09 04:00:00,60.19,Uber,Food,IN,iOS
TXN02357,2026-04-09 05:00:00,67.4,Other,Travel,IN,Web
TXN02358,2026-04-09 06:00:00,119.82,Reliance,Shopping,IN,Android
TXN02359,2026-04-09 07:00:00,151.62,Flipkart,Shopping,IN,Web
TXN02360,2026-04-09 08:00:00,151.49,Other,Entertainment,IN,iOS
TXN02361,2026-04-09 09:00:00,28.54,Uber,Food,IN,Android
TXN02362,2026-04-09 10:00:00,325.1106399876436,Reliance,Bills,IN,iOS
TXN02363,2026-04-09 11:00:00,74.61,Uber,Shopping,IN,iOS
TXN02364,2026-04-09 12:00:00,283.08,Myntra,Entertainment,IN,iOS
TXN02365,2026-04-09 13:00:00,142.89,Flipkart,Food,IN,Android
TXN02366,2026-04-09 14:00:00,113.02,Swiggy,Food,IN,Android
TXN02367,2026-04-09 15:00:00,42.43,Reliance,Bills,IN,Web
TXN02368,2026-04-09 16:00:00,30.75,Reliance,Food,IN,Android
TXN02369,2026-04-09 17:00:00,91.18,Amazon,Travel,IN,Android
TXN02370,2026-04-09 18:00:00,26.7,Amazon,Bills,IN,Android
TXN02371,2026-04-09 19:00:00,46.76,Myntra,Shopping,IN,Android
TXN02372,2026-04-09 20:00:00,50.67,Uber,Shopping,IN,iOS
TXN02373,2026-04-09 21:00:00,153.76,Reliance,Bills,IN,iOS
TXN02374,2026-04-09 22:00:00,43.36,Amazon,Food,IN,Web
TXN02375,2026-04-09 23:00:00,11.18,Swiggy,Entertainment,IN,Android
TXN02376,2026-04-10 00:00:00,75.78,Amazon,Entertainment,IN,Android
TXN02377,2026-04-10 01:00:00,34.66,Myntra,Entertainment,IN,Android
TXN02378,2026-04-10 02:00:00,56.13,Other,Entertainment,IN,Android
TXN02379,2026-04-10 03:00:00,51.61,Flipkart,Entertainment,IN,iOS
TXN02380,2026-04-10 04:00:00,45.7,Swiggy,Food,IN,Android
TXN02381,2026-04-10 05:00:00,91.26,Reliance,Entertainment,IN,Android
TXN02382,2026-04-10 06:00:00,20.16,Amazon,Food,IN,Web
TXN02383,2026-04-10 07:00:00,39.01,Other,Travel,IN,iOS
TXN02384,2026-04-10 08:00:00,85.17,Other,Shopping,IN,Android
TXN02385,2026-04-10 09:00:00,36.63,Flipkart,Entertainment,IN,iOS
TXN02386,2026-04-10 10:00:00,19.19,Amazon,Travel,IN,Android
TXN02387,2026-04-10 11:00:00,84.32,Myntra,Entertainment,IN,Web
TXN02388,2026-04-10 12:00:00,113.3,Amazon,Food,IN,iOS
TXN02389,2026-04-10 13:00:00,53.02,Uber,Food,IN,Android
TXN02390,2026-04-10 14:00:00,15.26,Amazon,Travel,IN,Android
TXN02391,2026-04-10 15:00:00,86.39,Uber,Entertainment,IN,Android
TXN02392,2026-04-10 16:00:00,18.56,Swiggy,Travel,IN,iOS
TXN02393,2026-04-10 17:00:00,66.73,Myntra,Bills,IN,Android
TXN02394,2026-04-10 18:00:00,30.67,Other,Food,IN,iOS
TXN02395,2026-04-10 19:00:00,25.69,Uber,Bills,IN,Android
TXN02396,2026-04-10 20:00:00,40.97,Myntra,Bills,IN,Android
TXN02397,2026-04-10 21:00:00,48.47,Myntra,Entertainment,IN,Android
TXN02398,2026-04-10 22:00:00,35.92,Other,Shopping,IN,Android
TXN02399,2026-04-10 23:00:00,80.05,Flipkart,Food,IN,Android
TXN02400,2026-04-11 00:00:00,40.86,Flipkart,Shopping,IN,iOS
TXN02401,2026-04-11 01:00:00,103.25,Swiggy,Travel,IN,Web
TXN02402,2026-04-11 02:00:00,65.55,Reliance,Bills,IN,Android
TXN02403,2026-04-11 03:00:00,34.69,Other,Bills,IN,iOS
TXN02404,2026-04-11 04:00:00,31.1,Flipkart,Bills,IN,Android
TXN02405,2026-04-11 05:00:00,18.71,Amazon,Bills,IN,iOS
TXN02406,2026-04-11 06:00:00,65.96,Myntra,Entertainment,IN,Android
TXN02407,2026-04-11 07:00:00,43.36,Myntra,Entertainment,IN,iOS
TXN02408,2026-04-11 08:00:00,11.68,Swiggy,Travel,IN,Android
TXN02409,2026-04-11 09:00:00,38.54,Flipkart,Entertainment,IN,Android
TXN02410,2026-04-11 10:00:00,30.4,Reliance,Shopping,IN,iOS
TXN02411,2026-04-11 11:00:00,152.05,Reliance,Bills,IN,Android
TXN02412,2026-04-11 12:00:00,18.05,Reliance,Travel,IN,Android
TXN02413,2026-04-11 13:00:00,21.39,Myntra,Entertainment,IN,Android
TXN02414,2026-04-11 14:00:00,112.33,Flipkart,Travel,IN,Web
TXN02415,2026-04-11 15:00:00,131.88,Swiggy,Shopping,IN,Android
TXN02416,2026-04-11 16:00:00,33.64,Amazon,Bills,IN,Android
TXN02417,2026-04-11 17:00:00,36.2,Flipkart,Entertainment,IN,Web
TXN02418,2026-04-11 18:00:00,81.5,Uber,Shopping,IN,iOS
TXN02419,2026-04-11 19:00:00,12.03,Uber,Shopping,IN,Android
TXN02420,2026-04-11 20:00:00,16.28,Amazon,Bills,IN,iOS
TXN02421,2026-04-11 21:00:00,45.49,Other,Travel,IN,Android
TXN02422,2026-04-11 22:00:00,149.52,Flipkart,Travel,IN,Android
TXN02423,2026-04-11 23:00:00,41.13,Uber,Shopping,IN,Android
TXN02424,2026-04-12 00:00:00,58.3,Uber,Travel,IN,iOS
TXN02425,2026-04-12 01:00:00,114.09,Uber,Travel,IN,iOS
TXN02426,2026-04-12 02:00:00,214.75,Reliance,Entertainment,IN,Android
TXN02427,2026-04-12 03:00:00,37.53,Reliance,Food,IN,Android
TXN02428,2026-04-12 04:00:00,54.0,Other,Food,IN,Android
TXN02429,2026-04-12 05:00:00,178.45,Swiggy,Shopping,IN,Android
TXN02430,2026-04-12 06:00:00,20.3,Flipkart,Travel,IN,Android
TXN02431,2026-04-12 07:00:00,106.48,Swiggy,Bills,IN,iOS
TXN02432,2026-04-12 08:00:00,28.17,Uber,Food,IN,Android
TXN02433,2026-04-12 09:00:00,58.36,Swiggy,Bills,IN,Web
TXN02434,2026-04-12 10:00:00,46.63,Uber,Entertainment,IN,Android
TXN02435,2026-04-12 11:00:00,29.29,Flipkart,Shopping,IN,Android
TXN02436,2026-04-12 12:00:00,28.82,Myntra,Travel,IN,Android
TXN02437,2026-04-12 13:00:00,65.34,Myntra,Bills,IN,iOS
TXN02438,2026-04-12 14:00:00,104.28,Uber,Shopping,IN,Android
TXN02439,2026-04-12 15:00:00,50.18,Other,Shopping,IN,Android
TXN02440,2026-04-12 16:00:00,57.14,Other,Food,IN,Android
TXN02441,2026-04-12 17:00:00,79.14,Other,Shopping,IN,iOS
TXN02442,2026-04-12 18:00:00,29.03,Amazon,Food,IN,Web
TXN02443,2026-04-12 19:00:00,88.31,Other,Shopping,IN,Android
TXN02444,2026-04-12 20:00:00,93.0,Swiggy,Entertainment,IN,Android
TXN02445,2026-04-12 21:00:00,296.59,Uber,Travel,IN,Android
TXN02446,2026-04-12 22:00:00,42.76,Swiggy,Food,IN,Android
TXN02447,2026-04-12 23:00:00,40.54,Flipkart,Bills,IN,Web
TXN02448,2026-04-13 00:00:00,90.0,Other,Shopping,IN,Android
TXN02449,2026-04-13 01:00:00,92.98,Myntra,Travel,IN,iOS
TXN02450,2026-04-13 02:00:00,38.56,Other,Bills,IN,Web
TXN02451,2026-04-13 03:00:00,42.01,Other,Entertainment,IN,iOS
TXN02452,2026-04-13 04:00:00,77.61,Swiggy,Food,IN,Android
TXN02453,2026-04-13 05:00:00,31.88,Reliance,Travel,IN,iOS
TXN02454,2026-04-13 06:00:00,41.81,Uber,Bills,IN,Android
TXN02455,2026-04-13 07:00:00,57.87,Uber,Bills,IN,Android
TXN02456,2026-04-13 08:00:00,104.31,Reliance,Shopping,IN,Web
TXN02457,2026-04-13 09:00:00,36.86,Myntra,Entertainment,IN,Android
TXN02458,2026-04-13 10:00:00,16.48,Other,Food,IN,Android
TXN02459,2026-04-13 11:00:00,15.71,Reliance,Food,IN,Android
TXN02460,2026-04-13 12:00:00,24.08,Myntra,Shopping,IN,Android
TXN02461,2026-04-13 13:00:00,23.25,Other,Shopping,IN,iOS
TXN02462,2026-04-13 14:00:00,49.38,Amazon,Food,IN,iOS
TXN02463,2026-04-13 15:00:00,25.21,Reliance,Shopping,IN,iOS
TXN02464,2026-04-13 16:00:00,34.58,Swiggy,Bills,IN,Android
TXN02465,2026-04-13 17:00:00,33.01,Uber,Travel,IN,Android
TXN02466,2026-04-13 18:00:00,41.0,Reliance,Food,IN,Android
TXN02467,2026-04-13 19:00:00,128.98,Flipkart,Travel,IN,Android
TXN02468,2026-04-13 20:00:00,83.95,Other,Bills,IN,iOS
TXN02469,2026-04-13 21:00:00,55.17,Uber,Shopping,IN,iOS
TXN02470,2026-04-13 22:00:00,40.46,Swiggy,Food,IN,Web
TXN02471,2026-04-13 23:00:00,41.2,Swiggy,Entertainment,IN,iOS
TXN02472,2026-04-14 00:00:00,67.56,Swiggy,Shopping,IN,Android
TXN02473,2026-04-14 01:00:00,79.81,Other,Entertainment,IN,iOS
TXN02474,2026-04-14 02:00:00,30.27,Amazon,Entertainment,IN,iOS
TXN02475,2026-04-14 03:00:00,55.91,Uber,Food,IN,Web
TXN02476,2026-04-14 04:00:00,14.58,Reliance,Food,IN,Android
TXN02477,2026-04-14 05:00:00,62.65,Uber,Food,IN,iOS
TXN02478,2026-04-14 06:00:00,89.6,Uber,Travel,IN,Android
TXN02479,2026-04-14 07:00:00,45.51,Swiggy,Food,IN,iOS
TXN02480,2026-04-14 08:00:00,177.81,Amazon,Bills,IN,Web
TXN02481,2026-04-14 09:00:00,30.79,Myntra,Food,IN,Web
TXN02482,2026-04-14 10:00:00,62.89,Other,Entertainment,IN,Android
TXN02483,2026-04-14 11:00:00,53.34,Uber,Entertainment,IN,Android
TXN02484,2026-04-14 12:00:00,51.15,Uber,Travel,IN,iOS
TXN02485,2026-04-14 13:00:00,50.69,Amazon,Travel,IN,iOS
TXN02486,2026-04-14 14:00:00,58.53,Other,Shopping,IN,Web
TXN02487,2026-04-14 15:00:00,94.74,Other,Shopping,IN,Android
TXN02488,2026-04-14 16:00:00,133.69,Other,Travel,IN,iOS
TXN02489,2026-04-14 17:00:00,54.52,Swiggy,Travel,IN,iOS
TXN02490,2026-04-14 18:00:00,92.75,Myntra,Food,IN,Android
TXN02491,2026-04-14 19:00:00,34.6,Uber,Shopping,IN,Android
TXN02492,2026-04-14 20:00:00,89.83,Flipkart,Entertainment,IN,iOS
TXN02493,2026-04-14 21:00:00,33.27,Flipkart,Travel,IN,Android
TXN02494,2026-04-14 22:00:00,110.93,Swiggy,Travel,IN,iOS
TXN02495,2026-04-14 23:00:00,229.73,Uber,Travel,IN,iOS
TXN02496,2026-04-15 00:00:00,50.43,Amazon,Travel,IN,Android
TXN02497,2026-04-15 01:00:00,13.13,Myntra,Bills,IN,Android
TXN02498,2026-04-15 02:00:00,38.24,Uber,Bills,IN,Web
TXN02499,2026-04-15 03:00:00,121.6,Other,Travel,IN,iOS
TXN02500,2026-04-15 04:00:00,78.22,Flipkart,Shopping,IN,iOS
TXN02501,2026-04-15 05:00:00,64.19,Amazon,Entertainment,IN,iOS
TXN02502,2026-04-15 06:00:00,105.18,Swiggy,Food,IN,iOS
TXN02503,2026-04-15 07:00:00,74.81,Other,Shopping,IN,Web
TXN02504,2026-04-15 08:00:00,120.48,Swiggy,Shopping,IN,iOS
TXN02505,2026-04-15 09:00:00,898.0058204970222,Myntra,Bills,IN,Android
TXN02506,2026-04-15 10:00:00,146.81,Reliance,Food,IN,Android
TXN02507,2026-04-15 11:00:00,68.94,Flipkart,Shopping,IN,Android
TXN02508,2026-04-15 12:00:00,98.34,Myntra,Entertainment,IN,iOS
TXN02509,2026-04-15 13:00:00,44.72,Flipkart,Food,IN,Android
TXN02510,2026-04-15 14:00:00,36.93,Swiggy,Entertainment,IN,iOS
TXN02511,2026-04-15 15:00:00,165.57,Swiggy,Entertainment,IN,Web
TXN02512,2026-04-15 16:00:00,62.84,Myntra,Shopping,IN,Android
TXN02513,2026-04-15 17:00:00,92.13,Other,Bills,IN,Android
TXN02514,2026-04-15 18:00:00,59.17,Flipkart,Bills,IN,iOS
TXN02515,2026-04-15 19:00:00,37.29,Swiggy,Shopping,IN,Android
TXN02516,2026-04-15 20:00:00,54.99,Reliance,Food,IN,iOS
TXN02517,2026-04-15 21:00:00,138.85,Uber,Travel,IN,Android
TXN02518,2026-04-15 22:00:00,78.33,Uber,Shopping,IN,Android
TXN02519,2026-04-15 23:00:00,17.95,Myntra,Bills,IN,iOS
TXN02520,2026-04-16 00:00:00,47.47,Amazon,Food,IN,Android
TXN02521,2026-04-16 01:00:00,173.9,Other,Entertainment,IN,Android
TXN02522,2026-04-16 02:00:00,47.51,Swiggy,Entertainment,IN,Android
TXN02523,2026-04-16 03:00:00,16.94,Myntra,Bills,IN,Android
TXN02524,2026-04-16 04:00:00,186.88,Uber,Shopping,IN,Web
TXN02525,2026-04-16 05:00:00,85.08,Reliance,Shopping,IN,Android
TXN02526,2026-04-16 06:00:00,52.17,Myntra,Shopping,IN,Android
TXN02527,2026-04-16 07:00:00,42.89,Flipkart,Travel,IN,Android
TXN02528,2026-04-16 08:00:00,110.34,Flipkart,Bills,IN,Android
TXN02529,2026-04-16 09:00:00,38.39,Other,Shopping,IN,Android
TXN02530,2026-04-16 10:00:00,115.17,Uber,Bills,IN,iOS
TXN02531,2026-04-16 11:00:00,77.67,Flipkart,Shopping,IN,Android
TXN02532,2026-04-16 12:00:00,64.01,Flipkart,Food,IN,iOS
TXN02533,2026-04-16 13:00:00,60.01,Amazon,Travel,IN,Android
TXN02534,2026-04-16 14:00:00,48.73,Other,Entertainment,IN,Android
TXN02535,2026-04-16 15:00:00,107.73,Other,Bills,IN,Android
TXN02536,2026-04-16 16:00:00,31.11,Swiggy,Travel,IN,iOS
TXN02537,2026-04-16 17:00:00,19.02,Flipkart,Shopping,IN,Web
TXN02538,2026-04-16 18:00:00,81.4,Swiggy,Food,IN,Android
TXN02539,2026-04-16 19:00:00,82.29,Amazon,Bills,IN,Web
TXN02540,2026-04-16 20:00:00,74.6,Uber,Shopping,IN,Android
TXN02541,2026-04-16 21:00:00,71.17,Myntra,Bills,IN,iOS
TXN02542,2026-04-16 22:00:00,44.33,Other,Bills,IN,iOS
TXN02543,2026-04-16 23:00:00,91.09,Swiggy,Bills,IN,Android
TXN02544,2026-04-17 00:00:00,53.01,Flipkart,Food,IN,Android
TXN02545,2026-04-17 01:00:00,39.78,Amazon,Food,IN,Android
TXN02546,2026-04-17 02:00:00,44.58,Swiggy,Shopping,IN,iOS
TXN02547,2026-04-17 03:00:00,203.04,Myntra,Food,IN,Android
TXN02548,2026-04-17 04:00:00,17.68,Amazon,Travel,IN,Web
TXN02549,2026-04-17 05:00:00,75.56,Reliance,Shopping,IN,Android
TXN02550,2026-04-17 06:00:00,18.33,Uber,Travel,IN,Web
TXN02551,2026-04-17 07:00:00,50.89,Reliance,Food,IN,Android
TXN02552,2026-04-17 08:00:00,41.19,Uber,Travel,IN,iOS
TXN02553,2026-04-17 09:00:00,14.08,Flipkart,Food,IN,Android
TXN02554,2026-04-17 10:00:00,70.31,Amazon,Entertainment,IN,Android
TXN02555,2026-04-17 11:00:00,42.65,Uber,Food,IN,Android
TXN02556,2026-04-17 12:00:00,13.95,Uber,Entertainment,IN,iOS
TXN02557,2026-04-17 13:00:00,94.23,Reliance,Shopping,IN,Android
TXN02558,2026-04-17 14:00:00,138.76,Other,Shopping,IN,iOS
TXN02559,2026-04-17 15:00:00,143.82,Flipkart,Shopping,IN,Web
TXN02560,2026-04-17 16:00:00,68.95,Swiggy,Travel,IN,Android
TXN02561,2026-04-17 17:00:00,56.26,Flipkart,Entertainment,IN,Android
TXN02562,2026-04-17 18:00:00,129.45,Amazon,Shopping,IN,Android
TXN02563,2026-04-17 19:00:00,162.97,Amazon,Bills,IN,Android
TXN02564,2026-04-17 20:00:00,114.07,Amazon,Bills,IN,Android
TXN02565,2026-04-17 21:00:00,29.61,Uber,Food,IN,iOS
TXN02566,2026-04-17 22:00:00,62.23,Flipkart,Food,IN,Android
TXN02567,2026-04-17 23:00:00,72.65,Flipkart,Entertainment,IN,Android
TXN02568,2026-04-18 00:00:00,16.84,Amazon,Bills,IN,iOS
TXN02569,2026-04-18 01:00:00,74.08,Reliance,Food,IN,Android
TXN02570,2026-04-18 02:00:00,239.23,Myntra,Entertainment,IN,iOS
TXN02571,2026-04-18 03:00:00,82.76,Other,Travel,IN,Web
TXN02572,2026-04-18 04:00:00,142.27,Amazon,Shopping,IN,Android
TXN02573,2026-04-18 05:00:00,61.49,Flipkart,Entertainment,IN,Android
TXN02574,2026-04-18 06:00:00,52.06,Uber,Entertainment,IN,iOS
TXN02575,2026-04-18 07:00:00,69.95,Myntra,Travel,IN,iOS
TXN02576,2026-04-18 08:00:00,32.13,Amazon,Bills,IN,iOS
TXN02577,2026-04-18 09:00:00,29.18,Flipkart,Food,IN,iOS
TXN02578,2026-04-18 10:00:00,124.35,Swiggy,Entertainment,IN,Android
TXN02579,2026-04-18 11:00:00,133.22,Amazon,Food,IN,Android
TXN02580,2026-04-18 12:00:00,28.67,Swiggy,Food,IN,iOS
TXN02581,2026-04-18 13:00:00,102.43,Reliance,Travel,IN,iOS
TXN02582,2026-04-18 14:00:00,51.6,Uber,Food,IN,iOS
TXN02583,2026-04-18 15:00:00,68.09,Uber,Bills,IN,Android
TXN02584,2026-04-18 16:00:00,73.64,Uber,Bills,IN,iOS
TXN02585,2026-04-18 17:00:00,104.2,Other,Travel,IN,Android
TXN02586,2026-04-18 18:00:00,57.61,Uber,Bills,IN,Android
TXN02587,2026-04-18 19:00:00,136.54,Uber,Travel,IN,Android
TXN02588,2026-04-18 20:00:00,66.76,Other,Entertainment,IN,Android
TXN02589,2026-04-18 21:00:00,81.92,Flipkart,Food,IN,iOS
TXN02590,2026-04-18 22:00:00,31.77,Amazon,Bills,IN,Android
TXN02591,2026-04-18 23:00:00,222.1,Uber,Travel,IN,iOS
TXN02592,2026-04-19 00:00:00,74.1,Swiggy,Entertainment,IN,Android
TXN02593,2026-04-19 01:00:00,86.79,Flipkart,Food,IN,Android
TXN02594,2026-04-19 02:00:00,19.2,Amazon,Shopping,IN,Android
TXN02595,2026-04-19 03:00:00,31.98,Other,Entertainment,IN,Android
TXN02596,2026-04-19 04:00:00,122.07,Myntra,Entertainment,IN,iOS
TXN02597,2026-04-19 05:00:00,65.79,Myntra,Bills,IN,Android
TXN02598,2026-04-19 06:00:00,15.74,Amazon,Travel,IN,Android
TXN02599,2026-04-19 07:00:00,107.22,Swiggy,Travel,IN,Android
TXN02600,2026-04-19 08:00:00,38.34,Myntra,Bills,IN,Android
TXN02601,2026-04-19 09:00:00,136.64,Uber,Bills,IN,Android
TXN02602,2026-04-19 10:00:00,51.57,Myntra,Food,IN,Web
TXN02603,2026-04-19 11:00:00,62.37,Myntra,Shopping,IN,Android
TXN02604,2026-04-19 12:00:00,117.49,Swiggy,Shopping,IN,Android
TXN02605,2026-04-19 13:00:00,30.47,Reliance,Food,IN,Web
TXN02606,2026-04-19 14:00:00,28.64,Flipkart,Bills,IN,iOS
TXN02607,2026-04-19 15:00:00,48.05,Amazon,Travel,IN,Android
TXN02608,2026-04-19 16:00:00,93.47,Other,Bills,IN,iOS
TXN02609,2026-04-19 17:00:00,22.99,Amazon,Travel,IN,Web
TXN02610,2026-04-19 18:00:00,18.46,Flipkart,Food,IN,Android
TXN02611,2026-04-19 19:00:00,93.26,Amazon,Bills,IN,Android
TXN02612,2026-04-19 20:00:00,36.89,Flipkart,Bills,IN,Web
TXN02613,2026-04-19 21:00:00,42.31,Swiggy,Entertainment,IN,iOS
TXN02614,2026-04-19 22:00:00,16.33,Amazon,Entertainment,IN,Web
TXN02615,2026-04-19 23:00:00,35.12,Uber,Food,IN,Android
TXN02616,2026-04-20 00:00:00,54.33,Other,Bills,IN,Web
TXN02617,2026-04-20 01:00:00,99.96,Amazon,Food,IN,Android
TXN02618,2026-04-20 02:00:00,33.07,Other,Entertainment,IN,iOS
TXN02619,2026-04-20 03:00:00,160.34,Swiggy,Bills,IN,Web
TXN02620,2026-04-20 04:00:00,34.99,Myntra,Entertainment,IN,Android
TXN02621,2026-04-20 05:00:00,35.02,Uber,Food,IN,Android
TXN02622,2026-04-20 06:00:00,148.31,Swiggy,Shopping,IN,iOS
TXN02623,2026-04-20 07:00:00,62.64,Amazon,Shopping,IN,iOS
TXN02624,2026-04-20 08:00:00,38.14,Myntra,Travel,IN,Android
TXN02625,2026-04-20 09:00:00,49.36,Other,Entertainment,IN,Web
TXN02626,2026-04-20 10:00:00,131.56,Uber,Bills,IN,Android
TXN02627,2026-04-20 11:00:00,141.6,Myntra,Entertainment,IN,Android
TXN02628,2026-04-20 12:00:00,32.11,Myntra,Travel,IN,Android
TXN02629,2026-04-20 13:00:00,555.6583227201529,Swiggy,Entertainment,IN,Web
TXN02630,2026-04-20 14:00:00,57.89,Amazon,Entertainment,IN,Android
TXN02631,2026-04-20 15:00:00,28.76,Uber,Food,IN,iOS
TXN02632,2026-04-20 16:00:00,52.66,Other,Entertainment,IN,Android
TXN02633,2026-04-20 17:00:00,54.79,Swiggy,Shopping,IN,Web
TXN02634,2026-04-20 18:00:00,114.56,Other,Travel,IN,iOS
TXN02635,2026-04-20 19:00:00,119.68,Reliance,Travel,IN,Android
TXN02636,2026-04-20 20:00:00,44.08,Flipkart,Food,IN,Android
TXN02637,2026-04-20 21:00:00,47.51,Myntra,Entertainment,IN,Android
TXN02638,2026-04-20 22:00:00,84.08,Reliance,Bills,IN,Android
TXN02639,2026-04-20 23:00:00,37.32,Uber,Shopping,IN,iOS
TXN02640,2026-04-21 00:00:00,80.05,Myntra,Shopping,IN,iOS
TXN02641,2026-04-21 01:00:00,51.57,Other,Shopping,IN,Android
TXN02642,2026-04-21 02:00:00,29.08,Myntra,Food,IN,iOS
TXN02643,2026-04-21 03:00:00,29.31,Reliance,Shopping,IN,Android
TXN02644,2026-04-21 04:00:00,139.85,Reliance,Food,IN,Android
TXN02645,2026-04-21 05:00:00,49.32,Reliance,Bills,IN,Android
TXN02646,2026-04-21 06:00:00,158.58,Reliance,Entertainment,IN,Android
TXN02647,2026-04-21 07:00:00,39.1,Flipkart,Bills,IN,iOS
TXN02648,2026-04-21 08:00:00,65.98,Amazon,Travel,IN,Android
TXN02649,2026-04-21 09:00:00,258.59,Flipkart,Bills,IN,iOS
TXN02650,2026-04-21 10:00:00,27.46,Flipkart,Entertainment,IN,Android
TXN02651,2026-04-22 06:00:00,126.16433950922446,Myntra,Shopping,IN,iOS
TXN02652,2026-04-21 12:00:00,126.0,Uber,Entertainment,IN,Android
TXN02653,2026-04-21 13:00:00,31.9,Uber,Bills,IN,Android
TXN02654,2026-04-21 14:00:00,53.87,Amazon,Food,IN,Android
TXN02655,2026-04-21 15:00:00,37.31,Myntra,Travel,IN,Android
TXN02656,2026-04-21 16:00:00,64.99,Swiggy,Travel,IN,Android
TXN02657,2026-04-21 17:00:00,29.43,Reliance,Shopping,IN,Android
TXN02658,2026-04-21 18:00:00,48.57,Amazon,Food,IN,iOS
TXN02659,2026-04-21 19:00:00,876.4503115289373,Swiggy,Food,IN,Android
TXN02660,2026-04-21 20:00:00,28.35,Amazon,Shopping,IN,iOS
TXN02661,2026-04-21 21:00:00,34.64,Flipkart,Travel,IN,iOS
TXN02662,2026-04-21 22:00:00,43.56,Other,Travel,IN,Android
TXN02663,2026-04-21 23:00:00,21.57,Uber,Food,IN,iOS
TXN02664,2026-04-22 00:00:00,41.49,Uber,Shopping,IN,Android
TXN02665,2026-04-22 01:00:00,58.98,Flipkart,Entertainment,IN,iOS
TXN02666,2026-04-22 02:00:00,42.11,Flipkart,Bills,IN,iOS
TXN02667,2026-04-22 03:00:00,45.77,Myntra,Travel,IN,iOS
TXN02668,2026-04-22 04:00:00,53.9,Other,Bills,IN,Android
TXN02669,2026-04-22 05:00:00,35.65,Reliance,Food,IN,iOS
TXN02670,2026-04-22 06:00:00,631.7174415836424,Reliance,Food,IN,Android
TXN02671,2026-04-22 07:00:00,138.85,Uber,Bills,IN,Android
TXN02672,2026-04-22 08:00:00,40.37,Amazon,Bills,IN,Android
TXN02673,2026-04-22 09:00:00,74.84,Reliance,Bills,IN,Android
TXN02674,2026-04-22 10:00:00,46.72,Reliance,Travel,IN,iOS
TXN02675,2026-04-22 11:00:00,69.24,Uber,Shopping,IN,Web
TXN02676,2026-04-22 12:00:00,151.07,Amazon,Bills,IN,Android
TXN02677,2026-04-22 13:00:00,75.99,Myntra,Bills,IN,iOS
TXN02678,2026-04-22 14:00:00,17.24,Other,Travel,IN,iOS
TXN02679,2026-04-22 15:00:00,73.34,Flipkart,Food,IN,Web
TXN02680,2026-04-22 16:00:00,121.68,Flipkart,Entertainment,IN,iOS
TXN02681,2026-04-22 17:00:00,47.27,Reliance,Food,IN,Android
TXN02682,2026-04-22 18:00:00,104.29,Swiggy,Food,IN,Android
TXN02683,2026-04-22 19:00:00,34.86,Reliance,Bills,IN,iOS
TXN02684,2026-04-22 20:00:00,20.79,Myntra,Travel,IN,Android
TXN02685,2026-04-22 21:00:00,59.85,Flipkart,Travel,IN,Web
TXN02686,2026-04-22 22:00:00,17.43,Amazon,Bills,IN,Web
TXN02687,2026-04-22 23:00:00,46.72,Uber,Food,IN,Web
TXN02688,2026-04-23 00:00:00,126.02,Swiggy,Shopping,IN,Android
TXN02689,2026-04-23 01:00:00,15.78,Reliance,Shopping,IN,iOS
TXN02690,2026-04-23 02:00:00,23.77,Swiggy,Entertainment,IN,iOS
TXN02691,2026-04-23 03:00:00,27.92,Flipkart,Travel,IN,Android
TXN02692,2026-04-23 16:00:00,477.79566731057713,Other,Travel,IN,Android
TXN02693,2026-04-23 05:00:00,43.05,Reliance,Food,IN,Android
TXN02694,2026-04-23 06:00:00,135.56,Myntra,Bills,IN,Android
TXN02695,2026-04-23 07:00:00,101.53,Other,Entertainment,IN,Web
TXN02696,2026-04-23 08:00:00,75.33,Reliance,Bills,IN,iOS
TXN02697,2026-04-23 09:00:00,60.02,Other,Travel,IN,Android
TXN02698,2026-04-23 10:00:00,70.5,Reliance,Travel,IN,Android
TXN02699,2026-04-23 11:00:00,31.18,Swiggy,Entertainment,IN,Android
TXN02700,2026-04-23 12:00:00,95.31,Amazon,Entertainment,IN,Android
TXN02701,2026-04-23 13:00:00,26.5,Myntra,Food,IN,Android
TXN02702,2026-04-23 14:00:00,93.97,Reliance,Entertainment,IN,iOS
TXN02703,2026-04-23 15:00:00,118.04,Other,Entertainment,IN,iOS
TXN02704,2026-04-23 16:00:00,62.62,Myntra,Entertainment,IN,iOS
TXN02705,2026-04-23 17:00:00,48.69,Uber,Shopping,IN,Web
TXN02706,2026-04-23 18:00:00,70.82,Myntra,Shopping,IN,Android
TXN02707,2026-04-23 19:00:00,8.5,Amazon,Food,IN,iOS
TXN02708,2026-04-23 20:00:00,66.45,Amazon,Bills,IN,Android
TXN02709,2026-04-23 21:00:00,50.72,Amazon,Shopping,IN,Android
TXN02710,2026-04-23 22:00:00,52.83,Other,Shopping,IN,Android
TXN02711,2026-04-23 23:00:00,86.42,Reliance,Shopping,IN,Android
TXN02712,2026-04-24 00:00:00,52.01,Flipkart,Shopping,IN,Android
TXN02713,2026-04-24 01:00:00,26.02,Swiggy,Entertainment,IN,Android
TXN02714,2026-04-24 02:00:00,49.8,Uber,Bills,IN,Android
TXN02715,2026-04-24 03:00:00,57.05,Flipkart,Bills,IN,Web
TXN02716,2026-04-24 04:00:00,58.83,Swiggy,Food,IN,Android
TXN02717,2026-04-24 05:00:00,60.66,Swiggy,Bills,IN,Android
TXN02718,2026-04-24 06:00:00,107.3,Myntra,Bills,IN,Web
TXN02719,2026-04-24 07:00:00,26.95,Reliance,Travel,IN,iOS
TXN02720,2026-04-24 08:00:00,61.2,Amazon,Entertainment,IN,Android
TXN02721,2026-04-24 09:00:00,126.27,Uber,Travel,IN,Web
TXN02722,2026-04-24 10:00:00,17.68,Other,Food,IN,Android
TXN02723,2026-04-24 11:00:00,61.36,Other,Bills,IN,Android
TXN02724,2026-04-24 12:00:00,37.32,Reliance,Entertainment,IN,Android
TXN02725,2026-04-24 13:00:00,42.91,Reliance,Entertainment,IN,Android
TXN02726,2026-04-24 14:00:00,30.32,Amazon,Travel,IN,iOS
TXN02727,2026-04-24 15:00:00,48.9,Other,Travel,IN,Android
TXN02728,2026-04-24 16:00:00,180.7,Reliance,Entertainment,IN,iOS
TXN02729,2026-04-24 17:00:00,24.0,Other,Bills,IN,iOS
TXN02730,2026-04-24 18:00:00,25.53,Other,Travel,IN,Web
TXN02731,2026-04-24 19:00:00,23.42,Flipkart,Food,IN,Android
TXN02732,2026-04-24 20:00:00,167.81,Amazon,Entertainment,IN,Android
TXN02733,2026-04-24 21:00:00,40.43,Myntra,Entertainment,IN,Web
TXN02734,2026-04-24 22:00:00,53.7,Uber,Shopping,IN,iOS
TXN02735,2026-04-24 23:00:00,42.02,Amazon,Shopping,IN,Android
TXN02736,2026-04-25 00:00:00,29.55,Flipkart,Shopping,IN,Android
TXN02737,2026-04-25 01:00:00,46.86,Other,Food,IN,iOS
TXN02738,2026-04-25 02:00:00,269.85,Swiggy,Shopping,IN,iOS
TXN02739,2026-04-25 03:00:00,134.94,Flipkart,Entertainment,IN,iOS
TXN02740,2026-04-25 04:00:00,31.36,Myntra,Entertainment,IN,Web
TXN02741,2026-04-25 05:00:00,83.17,Myntra,Shopping,IN,Android
TXN02742,2026-04-25 06:00:00,31.8,Swiggy,Entertainment,IN,Android
TXN02743,2026-04-25 07:00:00,17.21,Reliance,Shopping,IN,iOS
TXN02744,2026-04-25 08:00:00,105.92,Myntra,Bills,IN,Web
TXN02745,2026-04-25 09:00:00,116.05,Flipkart,Food,IN,Android
TXN02746,2026-04-25 10:00:00,107.76,Swiggy,Shopping,IN,iOS
TXN02747,2026-04-25 11:00:00,40.23,Reliance,Travel,IN,Android
TXN02748,2026-04-25 12:00:00,48.99,Amazon,Entertainment,IN,Android
TXN02749,2026-04-25 13:00:00,88.89,Amazon,Entertainment,IN,Web
TXN02750,2026-04-25 14:00:00,70.42,Myntra,Shopping,IN,Android
TXN02751,2026-04-25 15:00:00,42.27,Uber,Entertainment,IN,Android
TXN02752,2026-04-25 16:00:00,19.06,Flipkart,Food,IN,iOS
TXN02753,2026-04-25 17:00:00,58.79,Uber,Travel,IN,Android
TXN02754,2026-04-25 18:00:00,110.1,Flipkart,Shopping,IN,Android
TXN02755,2026-04-25 19:00:00,25.07,Swiggy,Entertainment,IN,iOS
TXN02756,2026-04-25 20:00:00,82.7,Flipkart,Bills,IN,Android
TXN02757,2026-04-25 21:00:00,67.73,Myntra,Bills,IN,iOS
TXN02758,2026-04-25 22:00:00,88.91,Myntra,Bills,IN,Android
TXN02759,2026-04-25 23:00:00,96.23,Other,Entertainment,IN,Android
TXN02760,2026-04-26 00:00:00,34.76,Amazon,Shopping,IN,iOS
TXN02761,2026-04-26 01:00:00,19.09,Swiggy,Food,IN,Android
TXN02762,2026-04-26 02:00:00,38.6,Flipkart,Shopping,IN,Web
TXN02763,2026-04-26 03:00:00,97.31,Myntra,Travel,IN,Web
TXN02764,2026-04-26 04:00:00,38.39,Uber,Travel,IN,iOS
TXN02765,2026-04-26 05:00:00,34.77,Other,Shopping,IN,Android
TXN02766,2026-04-26 06:00:00,16.71,Other,Bills,IN,Android
TXN02767,2026-04-26 07:00:00,170.58,Reliance,Shopping,IN,Web
TXN02768,2026-04-26 08:00:00,93.38,Flipkart,Bills,IN,Android
TXN02769,2026-04-26 09:00:00,90.06,Amazon,Bills,IN,iOS
TXN02770,2026-04-26 10:00:00,102.41,Other,Entertainment,IN,iOS
TXN02771,2026-04-26 11:00:00,79.43,Other,Shopping,IN,Android
TXN02772,2026-04-26 12:00:00,46.58,Flipkart,Entertainment,IN,Android
TXN02773,2026-04-26 13:00:00,49.08,Amazon,Travel,IN,iOS
TXN02774,2026-04-26 14:00:00,41.35,Myntra,Entertainment,IN,iOS
TXN02775,2026-04-26 15:00:00,302.65,Myntra,Bills,IN,Android
TXN02776,2026-04-26 16:00:00,78.36,Other,Bills,IN,iOS
TXN02777,2026-04-26 17:00:00,40.39,Myntra,Shopping,IN,iOS
TXN02778,2026-04-26 18:00:00,73.89,Reliance,Bills,IN,Android
TXN02779,2026-04-26 19:00:00,28.3,Reliance,Travel,IN,Android
TXN02780,2026-04-26 20:00:00,145.17,Amazon,Entertainment,IN,iOS
TXN02781,2026-04-26 21:00:00,35.53,Flipkart,Bills,IN,iOS
TXN02782,2026-04-26 22:00:00,75.62,Reliance,Shopping,IN,Web
TXN02783,2026-04-26 23:00:00,109.17,Flipkart,Entertainment,IN,Android
TXN02784,2026-04-27 00:00:00,70.11,Flipkart,Shopping,IN,Web
TXN02785,2026-04-27 01:00:00,58.06,Reliance,Food,IN,iOS
TXN02786,2026-04-27 02:00:00,54.98,Flipkart,Food,IN,iOS
TXN02787,2026-04-27 03:00:00,52.63,Flipkart,Entertainment,IN,Android
TXN02788,2026-04-27 04:00:00,37.53,Amazon,Shopping,IN,Android
TXN02789,2026-04-27 05:00:00,40.77,Uber,Entertainment,IN,Android
TXN02790,2026-04-27 06:00:00,142.84,Myntra,Food,IN,Android
TXN02791,2026-04-27 07:00:00,50.88,Reliance,Bills,IN,Android
TXN02792,2026-04-27 08:00:00,32.76,Other,Shopping,IN,Web
TXN02793,2026-04-27 09:00:00,39.03,Myntra,Food,IN,Android
TXN02794,2026-04-27 10:00:00,111.64,Reliance,Bills,IN,Web
TXN02795,2026-04-27 11:00:00,84.7,Flipkart,Bills,IN,Android
TXN02796,2026-04-27 12:00:00,78.59,Swiggy,Entertainment,IN,iOS
TXN02797,2026-04-27 13:00:00,46.18,Swiggy,Entertainment,IN,Android
TXN02798,2026-04-27 14:00:00,79.26,Amazon,Travel,IN,iOS
TXN02799,2026-04-27 15:00:00,35.93,Other,Food,IN,iOS
TXN02800,2026-04-27 16:00:00,46.12,Flipkart,Food,IN,Web
TXN02801,2026-04-27 17:00:00,102.55,Uber,Entertainment,IN,Android
TXN02802,2026-04-27 18:00:00,96.38,Swiggy,Bills,IN,Android
TXN02803,2026-04-27 19:00:00,28.84,Amazon,Entertainment,IN,Web
TXN02804,2026-04-27 20:00:00,31.31,Other,Travel,IN,Android
TXN02805,2026-04-27 21:00:00,58.6,Flipkart,Travel,IN,iOS
TXN02806,2026-04-27 22:00:00,167.67,Amazon,Entertainment,IN,Android
TXN02807,2026-04-27 23:00:00,15.72,Swiggy,Bills,IN,Android
TXN02808,2026-04-28 00:00:00,65.43,Flipkart,Food,IN,iOS
TXN02809,2026-04-28 01:00:00,22.32,Other,Travel,IN,iOS
TXN02810,2026-04-28 02:00:00,36.15,Flipkart,Food,IN,iOS
TXN02811,2026-04-28 03:00:00,43.08,Swiggy,Bills,IN,Android
TXN02812,2026-04-28 04:00:00,41.54,Flipkart,Shopping,IN,iOS
TXN02813,2026-04-28 05:00:00,38.59,Amazon,Entertainment,IN,Web
TXN02814,2026-04-28 06:00:00,54.85,Amazon,Entertainment,IN,Android
TXN02815,2026-04-28 07:00:00,38.55,Uber,Shopping,IN,Android
TXN02816,2026-04-28 08:00:00,21.1,Flipkart,Bills,IN,Android
TXN02817,2026-04-28 09:00:00,90.64,Amazon,Shopping,IN,iOS
TXN02818,2026-04-28 10:00:00,89.07,Swiggy,Food,IN,Android
TXN02819,2026-04-28 11:00:00,94.45,Flipkart,Food,IN,iOS
TXN02820,2026-04-28 12:00:00,20.06,Swiggy,Travel,IN,Android
TXN02821,2026-04-28 13:00:00,66.31,Other,Entertainment,IN,iOS
TXN02822,2026-04-28 14:00:00,84.72,Swiggy,Travel,IN,iOS
TXN02823,2026-04-28 15:00:00,27.93,Myntra,Food,IN,Android
TXN02824,2026-04-28 16:00:00,54.92,Reliance,Shopping,IN,Android
TXN02825,2026-04-28 17:00:00,50.62,Amazon,Entertainment,IN,Android
TXN02826,2026-04-28 18:00:00,180.8,Uber,Food,IN,Android
TXN02827,2026-04-28 19:00:00,190.74,Uber,Travel,IN,Android
TXN02828,2026-04-28 20:00:00,18.51,Uber,Shopping,IN,iOS
TXN02829,2026-04-28 21:00:00,276.18,Flipkart,Food,IN,Android
TXN02830,2026-04-28 22:00:00,30.12,Uber,Travel,IN,Android
TXN02831,2026-04-28 23:00:00,103.28,Amazon,Entertainment,IN,Android
TXN02832,2026-04-29 00:00:00,102.6,Other,Food,IN,Android
TXN02833,2026-04-29 01:00:00,28.58,Myntra,Travel,IN,Web
TXN02834,2026-04-29 02:00:00,75.24,Amazon,Entertainment,IN,Android
TXN02835,2026-04-29 03:00:00,50.91,Uber,Food,IN,Android
TXN02836,2026-04-29 04:00:00,78.28,Other,Food,IN,Android
TXN02837,2026-04-29 05:00:00,63.43,Reliance,Shopping,IN,Web
TXN02838,2026-04-29 06:00:00,118.82,Flipkart,Entertainment,IN,iOS
TXN02839,2026-04-29 07:00:00,57.34,Other,Shopping,IN,Android
TXN02840,2026-04-29 08:00:00,48.95,Flipkart,Food,IN,iOS
TXN02841,2026-04-29 09:00:00,111.32,Flipkart,Shopping,IN,iOS
TXN02842,2026-04-29 10:00:00,79.62,Flipkart,Bills,IN,iOS
TXN02843,2026-04-29 11:00:00,87.85,Other,Food,IN,Android
TXN02844,2026-04-29 12:00:00,35.45,Reliance,Bills,IN,iOS
TXN02845,2026-04-29 13:00:00,27.68,Uber,Bills,IN,iOS
TXN02846,2026-04-29 14:00:00,37.75,Myntra,Shopping,IN,Android
TXN02847,2026-04-29 15:00:00,36.47,Flipkart,Food,IN,Android
TXN02848,2026-04-29 16:00:00,91.02,Amazon,Shopping,IN,Android
TXN02849,2026-04-29 17:00:00,102.97,Reliance,Shopping,IN,Android
TXN02850,2026-04-29 18:00:00,49.36,Other,Travel,IN,Android
TXN02851,2026-04-29 19:00:00,138.39,Amazon,Food,IN,iOS
TXN02852,2026-04-29 20:00:00,132.89,Amazon,Shopping,IN,iOS
TXN02853,2026-04-29 21:00:00,63.96,Uber,Travel,IN,Android
TXN02854,2026-04-29 22:00:00,32.0,Amazon,Travel,IN,Android
TXN02855,2026-04-29 23:00:00,152.02,Reliance,Entertainment,IN,iOS
TXN02856,2026-04-30 00:00:00,52.48,Other,Bills,IN,Android
TXN02857,2026-04-30 01:00:00,59.26,Flipkart,Food,IN,Android
TXN02858,2026-04-30 02:00:00,43.78,Swiggy,Travel,IN,iOS
TXN02859,2026-04-30 03:00:00,30.62,Other,Shopping,IN,Android
TXN02860,2026-04-30 04:00:00,21.02,Swiggy,Food,IN,Android
TXN02861,2026-04-30 05:00:00,82.38,Flipkart,Travel,IN,iOS
TXN02862,2026-04-30 06:00:00,32.81,Amazon,Shopping,IN,iOS
TXN02863,2026-04-30 07:00:00,398.89,Reliance,Entertainment,IN,Android
TXN02864,2026-04-30 08:00:00,26.95,Other,Travel,IN,iOS
TXN02865,2026-04-30 09:00:00,24.11,Amazon,Bills,IN,Web
TXN02866,2026-04-30 10:00:00,76.07,Reliance,Food,IN,Android
TXN02867,2026-04-30 11:00:00,147.53,Flipkart,Entertainment,IN,iOS
TXN02868,2026-04-30 12:00:00,56.94,Amazon,Food,IN,Android
TXN02869,2026-04-30 13:00:00,79.2,Swiggy,Entertainment,IN,Android
TXN02870,2026-04-30 14:00:00,16.47,Uber,Travel,IN,Android
TXN02871,2026-04-30 15:00:00,337.16273097903616,Reliance,Bills,IN,Android
TXN02872,2026-04-30 16:00:00,27.17,Myntra,Food,IN,Android
TXN02873,2026-04-30 17:00:00,15.93,Flipkart,Entertainment,IN,iOS
TXN02874,2026-04-30 18:00:00,58.91,Myntra,Shopping,IN,Android
TXN02875,2026-04-30 19:00:00,12.71,Other,Shopping,IN,Web
TXN02876,2026-04-30 20:00:00,23.12,Myntra,Travel,IN,Android
TXN02877,2026-04-30 21:00:00,38.51,Flipkart,Entertainment,IN,iOS
TXN02878,2026-04-30 22:00:00,31.81,Amazon,Entertainment,IN,Android
TXN02879,2026-04-30 23:00:00,70.64,Uber,Entertainment,IN,Android
TXN02880,2026-05-01 00:00:00,66.59,Uber,Travel,IN,iOS
TXN02881,2026-05-01 01:00:00,97.61,Swiggy,Entertainment,IN,iOS
TXN02882,2026-05-01 02:00:00,89.04,Amazon,Travel,IN,Android
TXN02883,2026-05-01 03:00:00,114.61,Amazon,Travel,IN,Android
TXN02884,2026-05-01 04:00:00,54.53,Uber,Shopping,IN,iOS
TXN02885,2026-05-01 05:00:00,66.5,Other,Bills,IN,iOS
TXN02886,2026-05-01 06:00:00,76.13,Myntra,Food,IN,Android
TXN02887,2026-05-01 07:00:00,59.86,Uber,Shopping,IN,iOS
TXN02888,2026-05-01 08:00:00,42.17,Other,Food,IN,Android
TXN02889,2026-05-01 09:00:00,43.99,Myntra,Bills,IN,Android
TXN02890,2026-05-01 10:00:00,32.09,Reliance,Food,IN,iOS
TXN02891,2026-05-01 11:00:00,71.81,Myntra,Food,IN,Web
TXN02892,2026-05-01 12:00:00,51.36,Reliance,Food,IN,Android
TXN02893,2026-05-01 13:00:00,35.48,Uber,Travel,IN,Android
TXN02894,2026-05-01 14:00:00,35.5,Myntra,Bills,IN,Android
TXN02895,2026-05-01 15:00:00,24.86,Myntra,Bills,IN,iOS
TXN02896,2026-05-01 16:00:00,103.16,Reliance,Shopping,IN,Android
TXN02897,2026-05-01 17:00:00,57.46,Other,Food,IN,Android
TXN02898,2026-05-01 18:00:00,31.16,Swiggy,Bills,IN,Android
TXN02899,2026-05-01 19:00:00,92.35,Myntra,Food,IN,Web
TXN02900,2026-05-01 20:00:00,37.93,Amazon,Shopping,IN,Android
TXN02901,2026-05-01 21:00:00,21.88,Uber,Food,IN,iOS
TXN02902,2026-05-01 22:00:00,106.04,Other,Bills,IN,Android
TXN02903,2026-05-01 23:00:00,38.51,Myntra,Bills,IN,Android
TXN02904,2026-05-02 00:00:00,41.86,Flipkart,Shopping,IN,Android
TXN02905,2026-05-02 01:00:00,56.08,Myntra,Bills,IN,Android
TXN02906,2026-05-02 02:00:00,114.74,Swiggy,Shopping,IN,Android
TXN02907,2026-05-02 03:00:00,55.31,Uber,Bills,IN,Android
TXN02908,2026-05-02 04:00:00,25.04,Flipkart,Travel,IN,Android
TXN02909,2026-05-02 05:00:00,77.75,Myntra,Shopping,IN,Android
TXN02910,2026-05-02 06:00:00,39.84,Flipkart,Food,IN,Android
TXN02911,2026-05-02 07:00:00,186.26,Uber,Entertainment,IN,Android
TXN02912,2026-05-02 08:00:00,54.56,Other,Travel,IN,Android
TXN02913,2026-05-02 09:00:00,112.05689446538423,Reliance,Bills,IN,Android
TXN02914,2026-05-02 10:00:00,68.87,Swiggy,Bills,IN,iOS
TXN02915,2026-05-02 11:00:00,193.25,Other,Shopping,IN,Web
TXN02916,2026-05-02 12:00:00,152.07,Amazon,Entertainment,IN,iOS
TXN02917,2026-05-02 13:00:00,179.49,Other,Food,IN,Android
TXN02918,2026-05-02 14:00:00,28.14,Swiggy,Bills,IN,Web
TXN02919,2026-05-02 15:00:00,98.78,Reliance,Travel,IN,Web
TXN02920,2026-05-02 16:00:00,34.15,Other,Travel,IN,Android
TXN02921,2026-05-02 17:00:00,63.17,Myntra,Food,IN,Android
TXN02922,2026-05-02 18:00:00,23.87,Myntra,Entertainment,IN,iOS
TXN02923,2026-05-02 19:00:00,35.91,Reliance,Shopping,IN,Web
TXN02924,2026-05-02 20:00:00,35.18,Flipkart,Entertainment,IN,iOS
TXN02925,2026-05-02 21:00:00,97.91,Flipkart,Food,IN,iOS
TXN02926,2026-05-02 22:00:00,91.88,Swiggy,Entertainment,IN,iOS
TXN02927,2026-05-02 23:00:00,65.36,Uber,Shopping,IN,Web
TXN02928,2026-05-03 00:00:00,22.7,Reliance,Shopping,IN,Android
TXN02929,2026-05-03 01:00:00,44.59,Flipkart,Shopping,IN,Android
TXN02930,2026-05-03 02:00:00,33.62,Uber,Travel,IN,iOS
TXN02931,2026-05-03 03:00:00,96.09,Amazon,Food,IN,Android
TXN02932,2026-05-03 04:00:00,117.43,Amazon,Travel,IN,Android
TXN02933,2026-05-03 05:00:00,108.49,Other,Entertainment,IN,Android
TXN02934,2026-05-03 06:00:00,33.42,Reliance,Shopping,IN,Android
TXN02935,2026-05-03 07:00:00,9.2,Other,Travel,IN,Android
TXN02936,2026-05-03 08:00:00,17.31,Swiggy,Bills,IN,iOS
TXN02937,2026-05-03 09:00:00,137.56,Uber,Travel,IN,Android
TXN02938,2026-05-03 10:00:00,42.06,Myntra,Entertainment,IN,iOS
TXN02939,2026-05-03 11:00:00,33.52,Flipkart,Bills,IN,Android
TXN02940,2026-05-03 12:00:00,158.81,Reliance,Shopping,IN,Web
TXN02941,2026-05-03 13:00:00,124.26,Myntra,Travel,IN,iOS
TXN02942,2026-05-03 14:00:00,55.47,Swiggy,Food,IN,Web
TXN02943,2026-05-03 15:00:00,45.12,Uber,Shopping,IN,Android
TXN02944,2026-05-03 16:00:00,50.11,Swiggy,Entertainment,IN,Android
TXN02945,2026-05-03 17:00:00,63.29,Reliance,Food,IN,iOS
TXN02946,2026-05-03 18:00:00,154.47,Other,Shopping,IN,iOS
TXN02947,2026-05-03 19:00:00,71.85,Other,Food,IN,Android
TXN02948,2026-05-03 20:00:00,87.52,Reliance,Entertainment,IN,iOS
TXN02949,2026-05-03 21:00:00,116.75,Swiggy,Travel,IN,iOS
TXN02950,2026-05-03 22:00:00,25.53,Reliance,Entertainment,IN,Android
TXN02951,2026-05-03 23:00:00,89.18,Flipkart,Travel,IN,iOS
TXN02952,2026-05-04 00:00:00,45.08,Other,Shopping,IN,Android
TXN02953,2026-05-04 01:00:00,10.64,Flipkart,Food,IN,Android
TXN02954,2026-05-04 02:00:00,13.69,Swiggy,Shopping,IN,Web
TXN02955,2026-05-04 03:00:00,28.17,Amazon,Travel,IN,Android
TXN02956,2026-05-04 04:00:00,77.11,Amazon,Food,IN,iOS
TXN02957,2026-05-04 05:00:00,58.79,Swiggy,Entertainment,IN,iOS
TXN02958,2026-05-04 06:00:00,61.55,Uber,Food,IN,Web
TXN02959,2026-05-04 07:00:00,194.05,Amazon,Food,IN,Android
TXN02960,2026-05-04 08:00:00,23.93,Reliance,Entertainment,IN,Android
TXN02961,2026-05-04 09:00:00,53.63,Amazon,Travel,IN,Android
TXN02962,2026-05-04 10:00:00,66.55,Other,Shopping,IN,iOS
TXN02963,2026-05-04 11:00:00,33.83,Flipkart,Travel,IN,Android
TXN02964,2026-05-04 12:00:00,55.61,Swiggy,Food,IN,iOS
TXN02965,2026-05-04 13:00:00,19.3,Flipkart,Bills,IN,Android
TXN02966,2026-05-04 14:00:00,136.52,Reliance,Travel,IN,Android
TXN02967,2026-05-04 15:00:00,35.06,Reliance,Bills,IN,Web
TXN02968,2026-05-04 16:00:00,204.47,Amazon,Entertainment,IN,iOS
TXN02969,2026-05-04 17:00:00,53.46,Amazon,Bills,IN,Android
TXN02970,2026-05-04 18:00:00,106.51,Myntra,Food,IN,iOS
TXN02971,2026-05-04 19:00:00,52.74,Other,Food,IN,Android
TXN02972,2026-05-04 20:00:00,53.52,Amazon,Travel,IN,iOS
TXN02973,2026-05-04 21:00:00,37.35,Flipkart,Travel,IN,Android
TXN02974,2026-05-04 22:00:00,58.99,Uber,Food,IN,Android
TXN02975,2026-05-04 23:00:00,67.13,Amazon,Entertainment,IN,Android
TXN02976,2026-05-05 00:00:00,32.79,Swiggy,Entertainment,IN,Android
TXN02977,2026-05-05 01:00:00,50.34,Amazon,Food,IN,iOS
TXN02978,2026-05-05 02:00:00,36.72,Uber,Bills,IN,Android
TXN02979,2026-05-05 03:00:00,243.42,Reliance,Entertainment,IN,Android
TXN02980,2026-05-05 04:00:00,51.5,Swiggy,Shopping,IN,Android
TXN02981,2026-05-05 05:00:00,149.07,Flipkart,Food,IN,Android
TXN02982,2026-05-05 06:00:00,48.08,Swiggy,Bills,IN,iOS
TXN02983,2026-05-05 07:00:00,64.62,Uber,Travel,IN,Android
TXN02984,2026-05-05 08:00:00,23.13,Flipkart,Bills,IN,iOS
TXN02985,2026-05-05 09:00:00,40.83,Amazon,Travel,IN,Web
TXN02986,2026-05-05 10:00:00,62.61,Flipkart,Shopping,IN,Android
TXN02987,2026-05-05 11:00:00,153.07,Other,Travel,IN,iOS
TXN02988,2026-05-05 12:00:00,63.07,Reliance,Travel,IN,Android
TXN02989,2026-05-05 13:00:00,134.21,Amazon,Entertainment,IN,Android
TXN02990,2026-05-05 14:00:00,82.8,Swiggy,Shopping,IN,Android
TXN02991,2026-05-05 15:00:00,1634.7639050802907,Swiggy,Shopping,IN,Android
TXN02992,2026-05-05 16:00:00,52.54,Flipkart,Shopping,IN,Android
TXN02993,2026-05-05 17:00:00,258.18,Reliance,Travel,IN,Android
TXN02994,2026-05-05 18:00:00,39.82,Other,Entertainment,IN,iOS
TXN02995,2026-05-05 19:00:00,33.18,Flipkart,Bills,IN,Android
TXN02996,2026-05-05 20:00:00,24.87,Amazon,Entertainment,IN,Web
TXN02997,2026-05-05 21:00:00,248.43,Flipkart,Entertainment,IN,Android
TXN02998,2026-05-05 22:00:00,93.0,Myntra,Bills,IN,iOS
TXN02999,2026-05-05 23:00:00,43.94,Reliance,Bills,IN,Android
TXN03000,2026-05-06 00:00:00,122.96,Swiggy,Food,IN,Android
TXN03001,2026-05-06 01:00:00,85.37,Flipkart,Entertainment,IN,Android
TXN03002,2026-05-06 02:00:00,195.97,Flipkart,Bills,IN,Web
TXN03003,2026-05-06 03:00:00,19.96,Amazon,Entertainment,IN,Web
TXN03004,2026-05-06 04:00:00,45.95,Amazon,Entertainment,IN,Android
TXN03005,2026-05-06 05:00:00,40.42,Swiggy,Food,IN,iOS
TXN03006,2026-05-06 06:00:00,15.14,Myntra,Shopping,IN,iOS
TXN03007,2026-05-06 07:00:00,108.77,Amazon,Entertainment,IN,iOS
TXN03008,2026-05-06 08:00:00,45.8,Flipkart,Travel,IN,Android
TXN03009,2026-05-06 09:00:00,725.6626989497113,Other,Entertainment,IN,iOS
TXN03010,2026-05-06 10:00:00,253.12,Other,Bills,IN,iOS
TXN03011,2026-05-06 11:00:00,43.4,Myntra,Food,IN,Android
TXN03012,2026-05-06 12:00:00,41.52,Uber,Food,IN,Android
TXN03013,2026-05-06 13:00:00,58.98,Myntra,Bills,IN,Android
TXN03014,2026-05-06 14:00:00,103.72,Swiggy,Food,IN,Web
TXN03015,2026-05-06 15:00:00,37.77,Flipkart,Food,IN,Android
TXN03016,2026-05-06 16:00:00,36.23,Swiggy,Food,IN,Android
TXN03017,2026-05-06 17:00:00,108.55,Myntra,Bills,IN,Android
TXN03018,2026-05-06 18:00:00,69.83,Myntra,Shopping,IN,iOS
TXN03019,2026-05-06 19:00:00,14.45,Myntra,Shopping,IN,iOS
TXN03020,2026-05-06 20:00:00,24.62,Myntra,Shopping,IN,Android
TXN03021,2026-05-07 05:00:00,1502.2302439940402,Amazon,Bills,IN,Android
TXN03022,2026-05-06 22:00:00,70.9,Myntra,Shopping,IN,iOS
TXN03023,2026-05-06 23:00:00,33.27,Other,Travel,IN,Android
TXN03024,2026-05-07 00:00:00,48.87,Myntra,Shopping,IN,Android
TXN03025,2026-05-07 01:00:00,55.07,Myntra,Travel,IN,Web
TXN03026,2026-05-07 02:00:00,88.08,Flipkart,Shopping,IN,Android
TXN03027,2026-05-07 03:00:00,22.58,Reliance,Shopping,IN,Android
TXN03028,2026-05-07 04:00:00,31.61,Uber,Travel,IN,Android
TXN03029,2026-05-07 05:00:00,65.2,Flipkart,Bills,IN,iOS
TXN03030,2026-05-07 06:00:00,51.17,Uber,Shopping,IN,iOS
TXN03031,2026-05-07 07:00:00,79.18,Amazon,Travel,IN,Android
TXN03032,2026-05-07 08:00:00,24.55,Other,Entertainment,IN,iOS
TXN03033,2026-05-07 09:00:00,68.86,Myntra,Bills,IN,Web
TXN03034,2026-05-07 10:00:00,111.0,Swiggy,Bills,IN,iOS
TXN03035,2026-05-07 11:00:00,74.92,Reliance,Food,IN,Android
TXN03036,2026-05-07 12:00:00,59.77,Amazon,Entertainment,IN,Android
TXN03037,2026-05-07 13:00:00,51.3,Swiggy,Shopping,IN,Web
TXN03038,2026-05-07 14:00:00,31.73,Myntra,Bills,IN,Android
TXN03039,2026-05-07 15:00:00,52.1,Amazon,Travel,IN,Android
TXN03040,2026-05-07 16:00:00,123.82,Myntra,Shopping,IN,Android
TXN03041,2026-05-07 17:00:00,50.53,Reliance,Entertainment,IN,iOS
TXN03042,2026-05-07 18:00:00,30.62,Myntra,Bills,IN,Android
TXN03043,2026-05-07 19:00:00,39.65,Flipkart,Food,IN,Android
TXN03044,2026-05-07 20:00:00,62.21,Reliance,Shopping,IN,iOS
TXN03045,2026-05-07 21:00:00,42.83,Swiggy,Bills,IN,Android
TXN03046,2026-05-07 22:00:00,74.85,Reliance,Travel,IN,Android
TXN03047,2026-05-07 23:00:00,76.7,Myntra,Shopping,IN,Android
TXN03048,2026-05-08 00:00:00,97.3,Amazon,Entertainment,IN,Android
TXN03049,2026-05-08 01:00:00,137.73,Amazon,Bills,IN,Web
TXN03050,2026-05-08 02:00:00,104.3,Amazon,Travel,IN,Android
TXN03051,2026-05-08 03:00:00,29.75,Amazon,Food,IN,iOS
TXN03052,2026-05-08 04:00:00,30.35,Swiggy,Food,IN,Android
TXN03053,2026-05-08 05:00:00,51.97,Amazon,Travel,IN,Android
TXN03054,2026-05-08 06:00:00,40.72,Other,Shopping,IN,Android
TXN03055,2026-05-08 07:00:00,26.05,Other,Food,IN,Android
TXN03056,2026-05-08 08:00:00,40.97,Flipkart,Food,IN,Android
TXN03057,2026-05-08 09:00:00,40.11,Swiggy,Shopping,IN,Android
TXN03058,2026-05-08 10:00:00,35.28,Reliance,Shopping,IN,Web
TXN03059,2026-05-08 11:00:00,44.47,Myntra,Food,IN,Android
TXN03060,2026-05-08 12:00:00,117.45,Myntra,Food,IN,Web
TXN03061,2026-05-08 13:00:00,62.15,Other,Food,IN,Android
TXN03062,2026-05-08 14:00:00,272.24,Myntra,Bills,IN,Android
TXN03063,2026-05-08 15:00:00,61.0,Myntra,Travel,IN,iOS
TXN03064,2026-05-08 16:00:00,45.22,Uber,Shopping,IN,Android
TXN03065,2026-05-08 17:00:00,54.75,Uber,Entertainment,IN,Android
TXN03066,2026-05-08 18:00:00,64.5,Swiggy,Bills,IN,Android
TXN03067,2026-05-08 19:00:00,72.45,Uber,Travel,IN,Android
TXN03068,2026-05-08 20:00:00,210.58,Other,Shopping,IN,iOS
TXN03069,2026-05-08 21:00:00,31.52,Swiggy,Entertainment,IN,Android
TXN03070,2026-05-08 22:00:00,95.43,Amazon,Bills,IN,Web
TXN03071,2026-05-08 23:00:00,62.49,Myntra,Travel,IN,Android
TXN03072,2026-05-09 00:00:00,19.66,Reliance,Shopping,IN,Android
TXN03073,2026-05-09 01:00:00,90.1,Other,Shopping,IN,Android
TXN03074,2026-05-09 02:00:00,124.46,Uber,Food,IN,Android
TXN03075,2026-05-09 03:00:00,31.28,Reliance,Food,IN,Web
TXN03076,2026-05-09 04:00:00,54.28,Flipkart,Food,IN,iOS
TXN03077,2026-05-09 05:00:00,17.79,Swiggy,Travel,IN,Android
TXN03078,2026-05-09 06:00:00,24.09,Swiggy,Shopping,IN,Android
TXN03079,2026-05-09 07:00:00,107.9,Swiggy,Food,IN,iOS
TXN03080,2026-05-09 08:00:00,40.32,Reliance,Entertainment,IN,Android
TXN03081,2026-05-09 09:00:00,267.8328418616807,Other,Entertainment,IN,Android
TXN03082,2026-05-09 10:00:00,63.38,Swiggy,Shopping,IN,Android
TXN03083,2026-05-09 11:00:00,38.88,Amazon,Bills,IN,Android
TXN03084,2026-05-09 12:00:00,40.2,Reliance,Entertainment,IN,Android
TXN03085,2026-05-09 13:00:00,88.28,Reliance,Travel,IN,Android
TXN03086,2026-05-09 14:00:00,25.66,Other,Food,IN,Web
TXN03087,2026-05-09 15:00:00,30.31,Flipkart,Travel,IN,Android
TXN03088,2026-05-09 16:00:00,60.35,Reliance,Food,IN,Web
TXN03089,2026-05-09 17:00:00,102.53,Reliance,Food,IN,iOS
TXN03090,2026-05-09 18:00:00,122.1,Reliance,Entertainment,IN,Android
TXN03091,2026-05-09 19:00:00,35.44,Reliance,Bills,IN,Android
TXN03092,2026-05-09 20:00:00,100.41,Other,Travel,IN,Android
TXN03093,2026-05-09 21:00:00,32.8,Uber,Shopping,IN,iOS
TXN03094,2026-05-09 22:00:00,178.94,Amazon,Entertainment,IN,Android
TXN03095,2026-05-09 23:00:00,26.13,Flipkart,Shopping,IN,Web
TXN03096,2026-05-10 00:00:00,129.48,Other,Bills,IN,iOS
TXN03097,2026-05-10 01:00:00,35.63,Reliance,Food,IN,iOS
TXN03098,2026-05-10 02:00:00,202.07,Amazon,Food,IN,Android
TXN03099,2026-05-10 03:00:00,80.19,Swiggy,Shopping,IN,iOS
TXN03100,2026-05-10 04:00:00,28.21,Flipkart,Food,IN,iOS
TXN03101,2026-05-10 05:00:00,38.88,Swiggy,Bills,IN,iOS
TXN03102,2026-05-10 06:00:00,90.72,Myntra,Travel,IN,Android
TXN03103,2026-05-10 07:00:00,108.23,Uber,Shopping,IN,iOS
TXN03104,2026-05-10 08:00:00,52.15,Uber,Food,IN,Android
TXN03105,2026-05-10 09:00:00,56.21,Uber,Shopping,IN,iOS
TXN03106,2026-05-10 10:00:00,89.38,Myntra,Travel,IN,Android
TXN03107,2026-05-10 11:00:00,59.48,Myntra,Entertainment,IN,Android
TXN03108,2026-05-10 12:00:00,23.55,Amazon,Entertainment,IN,iOS
TXN03109,2026-05-10 13:00:00,32.19,Amazon,Entertainment,IN,Android
TXN03110,2026-05-10 14:00:00,63.61,Swiggy,Shopping,IN,iOS
TXN03111,2026-05-10 15:00:00,120.31,Uber,Travel,IN,iOS
TXN03112,2026-05-10 16:00:00,156.08,Other,Shopping,IN,iOS
TXN03113,2026-05-10 17:00:00,90.62,Other,Travel,IN,iOS
TXN03114,2026-05-10 18:00:00,65.81,Myntra,Travel,IN,Android
TXN03115,2026-05-10 19:00:00,88.83,Amazon,Bills,IN,Android
TXN03116,2026-05-10 20:00:00,35.4,Amazon,Food,IN,iOS
TXN03117,2026-05-10 21:00:00,49.42,Uber,Shopping,IN,Android
TXN03118,2026-05-10 22:00:00,31.95,Myntra,Travel,IN,Android
TXN03119,2026-05-10 23:00:00,24.25,Myntra,Travel,IN,Android
TXN03120,2026-05-11 00:00:00,67.82,Amazon,Bills,IN,Android
TXN03121,2026-05-11 01:00:00,61.6,Other,Shopping,IN,Web
TXN03122,2026-05-11 02:00:00,85.37,Uber,Bills,IN,Android
TXN03123,2026-05-11 03:00:00,77.86,Myntra,Travel,IN,Android
TXN03124,2026-05-11 04:00:00,63.93,Amazon,Bills,IN,Web
TXN03125,2026-05-11 05:00:00,78.4,Reliance,Entertainment,IN,Web
TXN03126,2026-05-11 06:00:00,53.1,Uber,Food,IN,Android
TXN03127,2026-05-11 07:00:00,71.41,Flipkart,Bills,IN,Web
TXN03128,2026-05-11 08:00:00,34.06,Swiggy,Shopping,IN,Android
TXN03129,2026-05-11 09:00:00,69.43,Swiggy,Entertainment,IN,iOS
TXN03130,2026-05-11 10:00:00,84.31,Amazon,Travel,IN,Android
TXN03131,2026-05-11 11:00:00,35.33,Other,Bills,IN,Android
TXN03132,2026-05-11 12:00:00,56.47,Reliance,Bills,IN,Android
TXN03133,2026-05-11 13:00:00,36.4,Other,Bills,IN,iOS
TXN03134,2026-05-11 14:00:00,38.77,Swiggy,Food,IN,Android
TXN03135,2026-05-11 15:00:00,26.28,Uber,Bills,IN,Android
TXN03136,2026-05-11 16:00:00,124.31,Uber,Travel,IN,iOS
TXN03137,2026-05-11 17:00:00,109.15,Uber,Bills,IN,Android
TXN03138,2026-05-12 11:00:00,667.0805021377815,Myntra,Bills,IN,Web
TXN03139,2026-05-11 19:00:00,196.75,Uber,Travel,IN,Android
TXN03140,2026-05-11 20:00:00,48.28,Reliance,Shopping,IN,Android
TXN03141,2026-05-11 21:00:00,391.76,Amazon,Food,IN,Android
TXN03142,2026-05-11 22:00:00,47.09,Flipkart,Entertainment,IN,Android
TXN03143,2026-05-11 23:00:00,64.45,Other,Travel,IN,Android
TXN03144,2026-05-12 00:00:00,42.16,Other,Bills,IN,Android
TXN03145,2026-05-12 01:00:00,69.55,Reliance,Food,IN,iOS
TXN03146,2026-05-12 19:00:00,1141.2982844634564,Swiggy,Bills,IN,Android
TXN03147,2026-05-12 03:00:00,50.7,Uber,Travel,IN,Android
TXN03148,2026-05-12 04:00:00,173.27,Amazon,Food,IN,iOS
TXN03149,2026-05-12 05:00:00,63.78,Flipkart,Shopping,IN,Android
TXN03150,2026-05-12 06:00:00,65.09,Reliance,Food,IN,iOS
TXN03151,2026-05-12 07:00:00,30.24,Swiggy,Travel,IN,Web
TXN03152,2026-05-12 08:00:00,71.67,Uber,Food,IN,Android
TXN03153,2026-05-12 09:00:00,50.04,Amazon,Food,IN,iOS
TXN03154,2026-05-12 10:00:00,36.77,Uber,Food,IN,Web
TXN03155,2026-05-12 11:00:00,32.96,Reliance,Food,IN,Android
TXN03156,2026-05-12 12:00:00,310.02,Myntra,Bills,IN,Web
TXN03157,2026-05-12 13:00:00,46.0,Uber,Travel,IN,Android
TXN03158,2026-05-12 14:00:00,21.18,Other,Travel,IN,iOS
TXN03159,2026-05-12 15:00:00,34.68,Flipkart,Shopping,IN,Android
TXN03160,2026-05-12 16:00:00,52.8,Swiggy,Travel,IN,Android
TXN03161,2026-05-12 17:00:00,77.89,Myntra,Entertainment,IN,Web
TXN03162,2026-05-12 18:00:00,78.31,Uber,Bills,IN,Android
TXN03163,2026-05-12 19:00:00,84.76,Other,Travel,IN,Web
TXN03164,2026-05-12 20:00:00,35.9,Amazon,Food,IN,iOS
TXN03165,2026-05-12 21:00:00,68.12,Amazon,Food,IN,Web
TXN03166,2026-05-12 22:00:00,30.89,Swiggy,Shopping,IN,Web
TXN03167,2026-05-12 23:00:00,36.5,Uber,Shopping,IN,iOS
TXN03168,2026-05-13 00:00:00,30.07,Other,Bills,IN,Web
TXN03169,2026-05-13 01:00:00,25.22,Uber,Entertainment,IN,iOS
TXN03170,2026-05-13 02:00:00,109.04,Uber,Entertainment,IN,Android
TXN03171,2026-05-13 03:00:00,85.42,Flipkart,Bills,IN,iOS
TXN03172,2026-05-13 04:00:00,103.01,Uber,Entertainment,IN,Android
TXN03173,2026-05-13 05:00:00,56.01,Uber,Travel,IN,Android
TXN03174,2026-05-13 06:00:00,90.46,Myntra,Food,IN,Android
TXN03175,2026-05-13 07:00:00,17.38,Myntra,Food,IN,Android
TXN03176,2026-05-13 08:00:00,95.68,Uber,Food,IN,Android
TXN03177,2026-05-13 09:00:00,61.26,Flipkart,Bills,IN,Android
TXN03178,2026-05-13 10:00:00,82.07,Flipkart,Shopping,IN,iOS
TXN03179,2026-05-13 11:00:00,505.882090709875,Flipkart,Entertainment,IN,iOS
TXN03180,2026-05-13 12:00:00,28.74,Myntra,Bills,IN,Web
TXN03181,2026-05-13 13:00:00,20.62,Reliance,Food,IN,Web
TXN03182,2026-05-13 14:00:00,34.37,Other,Bills,IN,Web
TXN03183,2026-05-13 15:00:00,78.82,Swiggy,Shopping,IN,iOS
TXN03184,2026-05-13 16:00:00,85.5,Amazon,Travel,IN,Android
TXN03185,2026-05-13 17:00:00,22.44,Myntra,Shopping,IN,Web
TXN03186,2026-05-13 18:00:00,28.86,Amazon,Shopping,IN,Android
TXN03187,2026-05-13 19:00:00,34.12,Myntra,Shopping,IN,Android
TXN03188,2026-05-13 20:00:00,43.28,Swiggy,Bills,IN,Android
TXN03189,2026-05-13 21:00:00,22.53,Reliance,Bills,IN,iOS
TXN03190,2026-05-13 22:00:00,21.66,Myntra,Entertainment,IN,iOS
TXN03191,2026-05-13 23:00:00,32.0,Reliance,Entertainment,IN,Android
TXN03192,2026-05-14 00:00:00,57.75,Swiggy,Entertainment,IN,iOS
TXN03193,2026-05-14 01:00:00,25.35,Reliance,Entertainment,IN,Android
TXN03194,2026-05-14 02:00:00,50.64,Uber,Shopping,IN,Android
TXN03195,2026-05-14 03:00:00,108.64,Myntra,Bills,IN,Android
TXN03196,2026-05-14 04:00:00,23.43,Swiggy,Bills,IN,Android
TXN03197,2026-05-14 05:00:00,47.74,Uber,Shopping,IN,iOS
TXN03198,2026-05-14 06:00:00,106.28,Reliance,Shopping,IN,Android
TXN03199,2026-05-14 07:00:00,41.6,Swiggy,Entertainment,IN,Android
TXN03200,2026-05-14 08:00:00,37.6,Amazon,Entertainment,IN,Android
TXN03201,2026-05-14 09:00:00,116.31,Swiggy,Food,IN,iOS
TXN03202,2026-05-14 10:00:00,44.74,Swiggy,Shopping,IN,Web
TXN03203,2026-05-14 11:00:00,111.94,Swiggy,Food,IN,iOS
TXN03204,2026-05-14 12:00:00,72.16,Amazon,Shopping,IN,iOS
TXN03205,2026-05-14 13:00:00,43.69,Amazon,Bills,IN,Web
TXN03206,2026-05-14 14:00:00,74.57,Swiggy,Food,IN,Android
TXN03207,2026-05-14 15:00:00,67.24,Swiggy,Shopping,IN,Android
TXN03208,2026-05-14 16:00:00,106.01,Amazon,Entertainment,IN,Android
TXN03209,2026-05-14 17:00:00,38.23,Swiggy,Entertainment,IN,Android
TXN03210,2026-05-14 18:00:00,56.08,Swiggy,Entertainment,IN,Android
TXN03211,2026-05-14 19:00:00,52.46,Amazon,Entertainment,IN,Android
TXN03212,2026-05-14 20:00:00,86.29,Flipkart,Shopping,IN,Android
TXN03213,2026-05-14 21:00:00,28.04,Flipkart,Bills,IN,Android
TXN03214,2026-05-14 22:00:00,105.75,Flipkart,Bills,IN,Android
TXN03215,2026-05-14 23:00:00,73.93,Reliance,Bills,IN,Android
TXN03216,2026-05-15 00:00:00,23.2,Amazon,Food,IN,Web
TXN03217,2026-05-15 01:00:00,119.75,Myntra,Food,IN,iOS
TXN03218,2026-05-15 02:00:00,233.26,Myntra,Entertainment,IN,Android
TXN03219,2026-05-15 03:00:00,104.71,Reliance,Shopping,IN,Android
TXN03220,2026-05-15 04:00:00,138.04,Uber,Bills,IN,Android
TXN03221,2026-05-15 05:00:00,57.71,Uber,Bills,IN,Android
TXN03222,2026-05-15 06:00:00,18.54,Reliance,Bills,IN,Android
TXN03223,2026-05-15 07:00:00,16.47,Reliance,Travel,IN,Android
TXN03224,2026-05-15 08:00:00,64.44,Flipkart,Bills,IN,iOS
TXN03225,2026-05-15 09:00:00,37.16,Reliance,Entertainment,IN,iOS
TXN03226,2026-05-15 10:00:00,30.13,Uber,Bills,IN,iOS
TXN03227,2026-05-15 11:00:00,52.42,Amazon,Shopping,IN,iOS
TXN03228,2026-05-15 12:00:00,81.46,Myntra,Food,IN,iOS
TXN03229,2026-05-15 13:00:00,21.24,Other,Food,IN,iOS
TXN03230,2026-05-15 14:00:00,40.78,Amazon,Food,IN,Web
TXN03231,2026-05-15 15:00:00,145.68,Amazon,Food,IN,iOS
TXN03232,2026-05-15 16:00:00,27.14,Other,Food,IN,iOS
TXN03233,2026-05-15 17:00:00,96.1,Myntra,Bills,IN,iOS
TXN03234,2026-05-15 18:00:00,39.84,Flipkart,Shopping,IN,iOS
TXN03235,2026-05-15 19:00:00,77.85,Reliance,Bills,IN,Android
TXN03236,2026-05-15 20:00:00,111.42,Swiggy,Bills,IN,Android
TXN03237,2026-05-15 21:00:00,88.4,Swiggy,Entertainment,IN,Android
TXN03238,2026-05-15 22:00:00,98.59,Swiggy,Shopping,IN,Android
TXN03239,2026-05-15 23:00:00,25.83,Myntra,Food,IN,Android
TXN03240,2026-05-16 00:00:00,112.6,Amazon,Entertainment,IN,Android
TXN03241,2026-05-16 01:00:00,31.37,Swiggy,Travel,IN,Android
TXN03242,2026-05-16 02:00:00,64.63,Swiggy,Travel,IN,Web
TXN03243,2026-05-16 03:00:00,64.58,Amazon,Shopping,IN,Android
TXN03244,2026-05-16 04:00:00,74.84,Reliance,Bills,IN,Android
TXN03245,2026-05-16 05:00:00,67.97,Amazon,Food,IN,Android
TXN03246,2026-05-16 06:00:00,31.55,Other,Entertainment,IN,Android
TXN03247,2026-05-16 07:00:00,22.71,Amazon,Food,IN,iOS
TXN03248,2026-05-16 08:00:00,96.26,Swiggy,Shopping,IN,iOS
TXN03249,2026-05-16 09:00:00,61.61,Amazon,Travel,IN,Android
TXN03250,2026-05-16 10:00:00,115.25,Swiggy,Travel,IN,Android
TXN03251,2026-05-16 11:00:00,53.03,Myntra,Travel,IN,Android
TXN03252,2026-05-16 12:00:00,21.9,Amazon,Entertainment,IN,iOS
TXN03253,2026-05-16 13:00:00,102.31,Uber,Food,IN,Web
TXN03254,2026-05-16 14:00:00,42.92,Reliance,Food,IN,Web
TXN03255,2026-05-16 15:00:00,68.19,Uber,Bills,IN,Android
TXN03256,2026-05-16 16:00:00,35.84,Amazon,Shopping,IN,iOS
TXN03257,2026-05-16 17:00:00,158.98,Myntra,Entertainment,IN,iOS
TXN03258,2026-05-16 18:00:00,30.88,Flipkart,Food,IN,Web
TXN03259,2026-05-16 19:00:00,43.85,Amazon,Food,IN,Android
TXN03260,2026-05-16 20:00:00,58.55,Uber,Shopping,IN,Android
TXN03261,2026-05-16 21:00:00,26.85,Flipkart,Food,IN,Android
TXN03262,2026-05-16 22:00:00,67.68,Amazon,Travel,IN,Android
TXN03263,2026-05-16 23:00:00,155.67,Reliance,Bills,IN,iOS
TXN03264,2026-05-17 00:00:00,39.69,Myntra,Entertainment,IN,Android
TXN03265,2026-05-17 01:00:00,70.59,Other,Bills,IN,Android
TXN03266,2026-05-17 02:00:00,9.14,Uber,Food,IN,iOS
TXN03267,2026-05-17 03:00:00,53.23,Uber,Entertainment,IN,Android
TXN03268,2026-05-17 04:00:00,44.55,Reliance,Shopping,IN,Web
TXN03269,2026-05-17 05:00:00,32.07,Amazon,Food,IN,iOS
TXN03270,2026-05-17 06:00:00,110.27,Swiggy,Food,IN,Web
TXN03271,2026-05-17 07:00:00,44.17,Reliance,Travel,IN,iOS
TXN03272,2026-05-17 08:00:00,48.65,Swiggy,Food,IN,Android
TXN03273,2026-05-17 09:00:00,42.73,Other,Entertainment,IN,Android
TXN03274,2026-05-17 10:00:00,15.71,Flipkart,Food,IN,Web
TXN03275,2026-05-17 11:00:00,26.16,Swiggy,Food,IN,Android
TXN03276,2026-05-17 12:00:00,101.97,Other,Bills,IN,Android
TXN03277,2026-05-18 01:00:00,155.0566421698375,Flipkart,Travel,IN,iOS
TXN03278,2026-05-17 14:00:00,33.18,Other,Travel,IN,Android
TXN03279,2026-05-17 15:00:00,42.11,Amazon,Entertainment,IN,Android
TXN03280,2026-05-17 16:00:00,169.58,Flipkart,Travel,IN,Android
TXN03281,2026-05-17 17:00:00,89.98,Myntra,Shopping,IN,Android
TXN03282,2026-05-17 18:00:00,38.01,Myntra,Bills,IN,iOS
TXN03283,2026-05-17 19:00:00,127.48,Other,Bills,IN,Android
TXN03284,2026-05-17 20:00:00,33.74,Other,Food,IN,Android
TXN03285,2026-05-17 21:00:00,105.21,Myntra,Entertainment,IN,Android
TXN03286,2026-05-17 22:00:00,22.57,Myntra,Food,IN,iOS
TXN03287,2026-05-17 23:00:00,109.69,Swiggy,Shopping,IN,Android
TXN03288,2026-05-18 00:00:00,41.93,Reliance,Shopping,IN,Android
TXN03289,2026-05-18 01:00:00,27.98,Myntra,Bills,IN,iOS
TXN03290,2026-05-18 02:00:00,47.41,Amazon,Food,IN,Android
TXN03291,2026-05-18 03:00:00,65.38,Reliance,Travel,IN,iOS
TXN03292,2026-05-18 04:00:00,39.58,Swiggy,Bills,IN,Android
TXN03293,2026-05-18 05:00:00,78.26,Uber,Entertainment,IN,Android
TXN03294,2026-05-18 06:00:00,37.38,Uber,Travel,IN,Android
TXN03295,2026-05-18 07:00:00,81.72,Reliance,Entertainment,IN,Web
TXN03296,2026-05-18 08:00:00,72.78,Flipkart,Food,IN,Android
TXN03297,2026-05-18 09:00:00,52.48,Swiggy,Entertainment,IN,Android
TXN03298,2026-05-18 10:00:00,40.98,Amazon,Food,IN,Android
TXN03299,2026-05-18 11:00:00,60.25,Swiggy,Shopping,IN,Android
TXN03300,2026-05-18 12:00:00,78.07,Amazon,Bills,IN,iOS
TXN03301,2026-05-18 13:00:00,208.55,Myntra,Bills,IN,Web
TXN03302,2026-05-18 14:00:00,100.55,Other,Entertainment,IN,Android
TXN03303,2026-05-18 15:00:00,102.97,Uber,Entertainment,IN,Android
TXN03304,2026-05-18 16:00:00,406.48,Other,Shopping,IN,Android
TXN03305,2026-05-18 17:00:00,76.35,Other,Bills,IN,Web
TXN03306,2026-05-18 18:00:00,74.81,Amazon,Bills,IN,Android
TXN03307,2026-05-18 19:00:00,86.28,Uber,Bills,IN,Android
TXN03308,2026-05-18 20:00:00,28.34,Uber,Shopping,IN,Web
TXN03309,2026-05-18 21:00:00,40.91,Swiggy,Shopping,IN,Web
TXN03310,2026-05-18 22:00:00,39.29,Reliance,Bills,IN,Android
TXN03311,2026-05-18 23:00:00,83.18,Swiggy,Entertainment,IN,Android
TXN03312,2026-05-19 00:00:00,48.75,Amazon,Shopping,IN,iOS
TXN03313,2026-05-19 01:00:00,59.73,Uber,Shopping,IN,iOS
TXN03314,2026-05-19 02:00:00,110.7,Flipkart,Travel,IN,Android
TXN03315,2026-05-19 03:00:00,95.68,Swiggy,Food,IN,Android
TXN03316,2026-05-19 04:00:00,49.15,Uber,Entertainment,IN,Android
TXN03317,2026-05-19 05:00:00,35.32,Reliance,Entertainment,IN,Android
TXN03318,2026-05-19 06:00:00,114.2,Flipkart,Travel,IN,Android
TXN03319,2026-05-19 07:00:00,90.29,Swiggy,Entertainment,IN,iOS
TXN03320,2026-05-19 08:00:00,19.22,Amazon,Food,IN,Android
TXN03321,2026-05-19 09:00:00,44.54,Swiggy,Entertainment,IN,Android
TXN03322,2026-05-19 10:00:00,60.8,Myntra,Travel,IN,iOS
TXN03323,2026-05-19 11:00:00,90.58,Myntra,Travel,IN,Android
TXN03324,2026-05-19 12:00:00,98.65,Swiggy,Shopping,IN,Android
TXN03325,2026-05-19 13:00:00,65.66,Amazon,Shopping,IN,Web
TXN03326,2026-05-19 14:00:00,79.87,Myntra,Shopping,IN,Android
TXN03327,2026-05-19 15:00:00,56.92,Myntra,Travel,IN,Web
TXN03328,2026-05-19 16:00:00,35.23,Amazon,Shopping,IN,Android
TXN03329,2026-05-19 17:00:00,46.07,Uber,Shopping,IN,Android
TXN03330,2026-05-19 18:00:00,55.28,Amazon,Bills,IN,iOS
TXN03331,2026-05-19 19:00:00,53.38,Uber,Entertainment,IN,Android
TXN03332,2026-05-19 20:00:00,16.03,Myntra,Shopping,IN,Android
TXN03333,2026-05-19 21:00:00,42.17,Reliance,Travel,IN,Android
TXN03334,2026-05-19 22:00:00,56.63,Myntra,Entertainment,IN,iOS
TXN03335,2026-05-19 23:00:00,45.47,Reliance,Travel,IN,Android
TXN03336,2026-05-20 00:00:00,46.51,Flipkart,Shopping,IN,iOS
TXN03337,2026-05-20 01:00:00,74.98,Reliance,Shopping,IN,iOS
TXN03338,2026-05-20 02:00:00,27.08,Swiggy,Entertainment,IN,Android
TXN03339,2026-05-20 03:00:00,18.95,Swiggy,Travel,IN,Android
TXN03340,2026-05-20 04:00:00,43.54,Reliance,Shopping,IN,Android
TXN03341,2026-05-20 05:00:00,89.72,Swiggy,Entertainment,IN,iOS
TXN03342,2026-05-20 06:00:00,163.52,Amazon,Entertainment,IN,Android
TXN03343,2026-05-20 07:00:00,90.77,Reliance,Bills,IN,iOS
TXN03344,2026-05-20 08:00:00,21.02,Myntra,Shopping,IN,Android
TXN03345,2026-05-20 09:00:00,46.94,Myntra,Shopping,IN,Android
TXN03346,2026-05-20 10:00:00,64.51,Flipkart,Food,IN,iOS
TXN03347,2026-05-20 11:00:00,61.28,Myntra,Shopping,IN,Android
TXN03348,2026-05-20 12:00:00,77.52,Flipkart,Travel,IN,Android
TXN03349,2026-05-20 13:00:00,30.08,Uber,Food,IN,iOS
TXN03350,2026-05-20 14:00:00,56.95,Uber,Bills,IN,iOS
TXN03351,2026-05-20 15:00:00,71.75,Reliance,Shopping,IN,Android
TXN03352,2026-05-20 16:00:00,93.38,Other,Bills,IN,Android
TXN03353,2026-05-20 17:00:00,32.34,Flipkart,Entertainment,IN,Android
TXN03354,2026-05-20 18:00:00,43.63,Amazon,Shopping,IN,iOS
TXN03355,2026-05-20 19:00:00,9.42,Uber,Bills,IN,Android
TXN03356,2026-05-20 20:00:00,36.45,Other,Travel,IN,iOS
TXN03357,2026-05-20 21:00:00,38.83,Flipkart,Shopping,IN,iOS
TXN03358,2026-05-20 22:00:00,28.14,Uber,Food,IN,Web
TXN03359,2026-05-20 23:00:00,60.8,Swiggy,Bills,IN,Android
TXN03360,2026-05-21 00:00:00,52.65,Swiggy,Entertainment,IN,Android
TXN03361,2026-05-21 01:00:00,12.57,Myntra,Food,IN,Android
TXN03362,2026-05-21 02:00:00,62.81,Swiggy,Shopping,IN,Android
TXN03363,2026-05-21 03:00:00,29.86,Uber,Food,IN,Android
TXN03364,2026-05-21 04:00:00,74.87,Reliance,Entertainment,IN,Web
TXN03365,2026-05-21 05:00:00,23.73,Swiggy,Travel,IN,Android
TXN03366,2026-05-21 06:00:00,55.67,Amazon,Travel,IN,Android
TXN03367,2026-05-21 07:00:00,45.42,Other,Shopping,IN,Android
TXN03368,2026-05-21 08:00:00,66.49,Flipkart,Bills,IN,Web
TXN03369,2026-05-21 09:00:00,59.21,Reliance,Travel,IN,Android
TXN03370,2026-05-21 10:00:00,46.25,Reliance,Travel,IN,iOS
TXN03371,2026-05-21 11:00:00,20.11,Uber,Entertainment,IN,iOS
TXN03372,2026-05-21 12:00:00,20.9,Amazon,Travel,IN,Android
TXN03373,2026-05-21 13:00:00,37.36,Other,Entertainment,IN,iOS
TXN03374,2026-05-21 14:00:00,54.31,Myntra,Travel,IN,Android
TXN03375,2026-05-21 15:00:00,36.77,Swiggy,Food,IN,Android
TXN03376,2026-05-21 16:00:00,81.97,Reliance,Entertainment,IN,Android
TXN03377,2026-05-21 17:00:00,45.54,Reliance,Bills,IN,Android
TXN03378,2026-05-21 18:00:00,29.16,Reliance,Bills,IN,iOS
TXN03379,2026-05-21 19:00:00,45.57,Flipkart,Food,IN,iOS
TXN03380,2026-05-21 20:00:00,63.23,Myntra,Bills,IN,Android
TXN03381,2026-05-21 21:00:00,67.44,Swiggy,Travel,IN,iOS
TXN03382,2026-05-21 22:00:00,185.11,Amazon,Shopping,IN,Android
TXN03383,2026-05-21 23:00:00,35.35,Swiggy,Food,IN,Android
TXN03384,2026-05-22 00:00:00,52.05,Amazon,Entertainment,IN,iOS
TXN03385,2026-05-22 01:00:00,72.02,Amazon,Travel,IN,Android
TXN03386,2026-05-22 02:00:00,53.77,Reliance,Bills,IN,iOS
TXN03387,2026-05-22 03:00:00,39.43,Uber,Shopping,IN,Android
TXN03388,2026-05-22 04:00:00,19.95,Swiggy,Food,IN,iOS
TXN03389,2026-05-22 05:00:00,424.45769350054263,Flipkart,Entertainment,IN,Android
TXN03390,2026-05-22 06:00:00,27.17,Reliance,Travel,IN,Android
TXN03391,2026-05-22 07:00:00,17.77,Myntra,Entertainment,IN,iOS
TXN03392,2026-05-22 08:00:00,32.55,Myntra,Entertainment,IN,Android
TXN03393,2026-05-22 09:00:00,27.64,Flipkart,Food,IN,Android
TXN03394,2026-05-22 10:00:00,79.8,Amazon,Entertainment,IN,Web
TXN03395,2026-05-22 11:00:00,80.7,Amazon,Bills,IN,Android
TXN03396,2026-05-22 12:00:00,30.34,Amazon,Shopping,IN,Android
TXN03397,2026-05-22 13:00:00,46.1,Other,Shopping,IN,Android
TXN03398,2026-05-22 14:00:00,16.32,Swiggy,Shopping,IN,iOS
TXN03399,2026-05-22 15:00:00,39.59,Myntra,Bills,IN,iOS
TXN03400,2026-05-22 16:00:00,70.76,Other,Shopping,IN,iOS
TXN03401,2026-05-22 17:00:00,93.34,Other,Food,IN,Android
TXN03402,2026-05-22 18:00:00,34.35,Swiggy,Travel,IN,Android
TXN03403,2026-05-22 19:00:00,108.17,Uber,Shopping,IN,Android
TXN03404,2026-05-22 20:00:00,20.39,Uber,Food,IN,Android
TXN03405,2026-05-22 21:00:00,24.27,Amazon,Bills,IN,iOS
TXN03406,2026-05-22 22:00:00,86.6,Reliance,Entertainment,IN,Android
TXN03407,2026-05-22 23:00:00,161.78,Myntra,Travel,IN,iOS
TXN03408,2026-05-23 00:00:00,75.24,Swiggy,Bills,IN,iOS
TXN03409,2026-05-23 01:00:00,53.19,Uber,Travel,IN,iOS
TXN03410,2026-05-23 02:00:00,13.11,Reliance,Travel,IN,Android
TXN03411,2026-05-23 03:00:00,14.66,Amazon,Travel,IN,Android
TXN03412,2026-05-23 04:00:00,305.2771126190226,Myntra,Entertainment,IN,Web
TXN03413,2026-05-23 05:00:00,43.26,Other,Shopping,IN,iOS
TXN03414,2026-05-23 06:00:00,26.61,Reliance,Travel,IN,Android
TXN03415,2026-05-23 07:00:00,56.97,Myntra,Shopping,IN,iOS
TXN03416,2026-05-23 08:00:00,58.84,Amazon,Entertainment,IN,Web
TXN03417,2026-05-23 09:00:00,100.87,Reliance,Bills,IN,Android
TXN03418,2026-05-23 10:00:00,59.67,Reliance,Shopping,IN,Web
TXN03419,2026-05-23 11:00:00,121.32,Uber,Bills,IN,Android
TXN03420,2026-05-23 12:00:00,54.88,Myntra,Travel,IN,Web
TXN03421,2026-05-23 13:00:00,50.65,Myntra,Shopping,IN,Android
TXN03422,2026-05-23 14:00:00,109.05,Amazon,Entertainment,IN,Android
TXN03423,2026-05-23 15:00:00,28.9,Flipkart,Food,IN,Android
TXN03424,2026-05-23 16:00:00,340.15,Reliance,Shopping,IN,iOS
TXN03425,2026-05-23 17:00:00,69.68,Other,Bills,IN,Web
TXN03426,2026-05-23 18:00:00,822.1537385461845,Flipkart,Food,IN,Android
TXN03427,2026-05-23 19:00:00,76.81,Swiggy,Bills,IN,Android
TXN03428,2026-05-23 20:00:00,184.96,Other,Shopping,IN,Android
TXN03429,2026-05-23 21:00:00,91.39,Flipkart,Entertainment,IN,Android
TXN03430,2026-05-23 22:00:00,19.23,Flipkart,Travel,IN,iOS
TXN03431,2026-05-23 23:00:00,135.95,Amazon,Travel,IN,Android
TXN03432,2026-05-24 00:00:00,43.75,Flipkart,Entertainment,IN,Web
TXN03433,2026-05-24 01:00:00,58.54,Myntra,Travel,IN,Web
TXN03434,2026-05-24 02:00:00,23.77,Swiggy,Shopping,IN,Android
TXN03435,2026-05-24 03:00:00,76.86,Other,Travel,IN,Android
TXN03436,2026-05-24 04:00:00,35.75,Other,Bills,IN,Web
TXN03437,2026-05-24 05:00:00,58.27,Other,Food,IN,Web
TXN03438,2026-05-24 06:00:00,465.80280727247987,Reliance,Shopping,IN,iOS
TXN03439,2026-05-24 07:00:00,190.81,Myntra,Shopping,IN,Android
TXN03440,2026-05-24 08:00:00,198.04,Uber,Entertainment,IN,Android
TXN03441,2026-05-24 09:00:00,56.27,Other,Shopping,IN,iOS
TXN03442,2026-05-24 10:00:00,56.92,Amazon,Travel,IN,Android
TXN03443,2026-05-24 11:00:00,42.83,Reliance,Entertainment,IN,iOS
TXN03444,2026-05-24 12:00:00,112.05,Amazon,Food,IN,iOS
TXN03445,2026-05-24 13:00:00,44.09,Swiggy,Food,IN,Android
TXN03446,2026-05-24 14:00:00,41.52,Flipkart,Bills,IN,Android
TXN03447,2026-05-24 15:00:00,103.14,Myntra,Bills,IN,Android
TXN03448,2026-05-24 16:00:00,550.757765570978,Reliance,Shopping,IN,Web
TXN03449,2026-05-24 17:00:00,53.27,Amazon,Travel,IN,Android
TXN03450,2026-05-24 18:00:00,19.53,Myntra,Shopping,IN,Android
TXN03451,2026-05-24 19:00:00,86.29,Flipkart,Food,IN,Web
TXN03452,2026-05-24 20:00:00,192.78,Amazon,Food,IN,iOS
TXN03453,2026-05-24 21:00:00,87.25,Swiggy,Entertainment,IN,Android
TXN03454,2026-05-24 22:00:00,141.2,Myntra,Entertainment,IN,iOS
TXN03455,2026-05-24 23:00:00,31.5,Flipkart,Bills,IN,Android
TXN03456,2026-05-25 00:00:00,63.66,Swiggy,Bills,IN,Web
TXN03457,2026-05-25 01:00:00,29.58,Other,Shopping,IN,Web
TXN03458,2026-05-25 02:00:00,47.08,Swiggy,Shopping,IN,Android
TXN03459,2026-05-25 03:00:00,90.19,Other,Bills,IN,Android
TXN03460,2026-05-25 04:00:00,58.33,Reliance,Travel,IN,Android
TXN03461,2026-05-25 05:00:00,21.8,Swiggy,Travel,IN,iOS
TXN03462,2026-05-25 06:00:00,23.23,Myntra,Bills,IN,iOS
TXN03463,2026-05-25 07:00:00,22.25,Myntra,Food,IN,Android
TXN03464,2026-05-25 08:00:00,75.15,Uber,Bills,IN,Web
TXN03465,2026-05-25 09:00:00,208.83,Swiggy,Bills,IN,Android
TXN03466,2026-05-25 10:00:00,132.37,Swiggy,Food,IN,iOS
TXN03467,2026-05-25 11:00:00,15.92,Amazon,Bills,IN,iOS
TXN03468,2026-05-25 12:00:00,137.51,Amazon,Shopping,IN,Android
TXN03469,2026-05-25 13:00:00,100.35,Swiggy,Food,IN,Android
TXN03470,2026-05-25 14:00:00,20.0,Reliance,Bills,IN,iOS
TXN03471,2026-05-25 15:00:00,44.83,Flipkart,Entertainment,IN,iOS
TXN03472,2026-05-25 16:00:00,111.28,Flipkart,Shopping,IN,Android
TXN03473,2026-05-25 17:00:00,78.08,Swiggy,Bills,IN,iOS
TXN03474,2026-05-25 18:00:00,23.31,Myntra,Travel,IN,Android
TXN03475,2026-05-25 19:00:00,81.21,Flipkart,Bills,IN,Android
TXN03476,2026-05-25 20:00:00,13.61,Flipkart,Bills,IN,iOS
TXN03477,2026-05-25 21:00:00,47.24,Amazon,Shopping,IN,Android
TXN03478,2026-05-25 22:00:00,114.4,Swiggy,Bills,IN,iOS
TXN03479,2026-05-25 23:00:00,55.25,Flipkart,Food,IN,iOS
TXN03480,2026-05-26 00:00:00,39.48,Reliance,Shopping,IN,Android
TXN03481,2026-05-26 01:00:00,97.33,Other,Travel,IN,Android
TXN03482,2026-05-26 02:00:00,102.88,Swiggy,Shopping,IN,Android
TXN03483,2026-05-26 03:00:00,127.94,Amazon,Bills,IN,Android
TXN03484,2026-05-26 04:00:00,96.38,Amazon,Travel,IN,iOS
TXN03485,2026-05-26 05:00:00,110.27,Swiggy,Travel,IN,Android
TXN03486,2026-05-26 06:00:00,87.92,Uber,Shopping,IN,Web
TXN03487,2026-05-26 07:00:00,64.88,Uber,Bills,IN,Android
TXN03488,2026-05-26 08:00:00,57.87,Swiggy,Shopping,IN,Android
TXN03489,2026-05-26 09:00:00,371.2400224072448,Swiggy,Food,IN,Web
TXN03490,2026-05-26 10:00:00,24.83,Flipkart,Food,IN,Android
TXN03491,2026-05-26 11:00:00,29.34,Uber,Bills,IN,iOS
TXN03492,2026-05-26 12:00:00,45.45,Myntra,Travel,IN,iOS
TXN03493,2026-05-26 13:00:00,63.88,Amazon,Entertainment,IN,Web
TXN03494,2026-05-26 14:00:00,139.29,Uber,Entertainment,IN,Android
TXN03495,2026-05-26 15:00:00,53.13,Myntra,Bills,IN,Android
TXN03496,2026-05-26 16:00:00,104.82,Myntra,Shopping,IN,Web
TXN03497,2026-05-26 17:00:00,110.12,Uber,Bills,IN,Android
TXN03498,2026-05-26 18:00:00,46.97,Uber,Food,IN,iOS
TXN03499,2026-05-26 19:00:00,80.36,Myntra,Entertainment,IN,iOS
TXN03500,2026-05-26 20:00:00,46.6,Swiggy,Entertainment,IN,iOS
TXN03501,2026-05-26 21:00:00,128.95,Uber,Shopping,IN,iOS
TXN03502,2026-05-26 22:00:00,82.54,Swiggy,Shopping,IN,Web
TXN03503,2026-05-26 23:00:00,25.18,Uber,Bills,IN,Android
TXN03504,2026-05-27 00:00:00,60.64,Amazon,Shopping,IN,iOS
TXN03505,2026-05-27 01:00:00,159.38,Swiggy,Entertainment,IN,iOS
TXN03506,2026-05-27 02:00:00,48.53,Amazon,Travel,IN,Android
TXN03507,2026-05-27 03:00:00,73.04,Flipkart,Travel,IN,Web
TXN03508,2026-05-27 04:00:00,77.85,Swiggy,Entertainment,IN,Android
TXN03509,2026-05-27 05:00:00,27.83,Uber,Food,IN,Android
TXN03510,2026-05-27 06:00:00,76.09,Other,Travel,IN,Web
TXN03511,2026-05-27 07:00:00,22.07,Amazon,Entertainment,IN,Web
TXN03512,2026-05-27 08:00:00,36.36,Other,Shopping,IN,Android
TXN03513,2026-05-27 17:00:00,1215.4811936810847,Swiggy,Shopping,IN,iOS
TXN03514,2026-05-27 10:00:00,68.85,Reliance,Shopping,IN,Android
TXN03515,2026-05-27 11:00:00,44.79,Myntra,Food,IN,Android
TXN03516,2026-05-27 12:00:00,1092.2852332383684,Other,Shopping,IN,Android
TXN03517,2026-05-27 13:00:00,52.51,Amazon,Shopping,IN,Web
TXN03518,2026-05-27 14:00:00,55.05,Other,Entertainment,IN,Android
TXN03519,2026-05-27 15:00:00,83.67,Amazon,Travel,IN,Android
TXN03520,2026-05-27 16:00:00,34.03,Other,Food,IN,iOS
TXN03521,2026-05-27 17:00:00,56.05,Myntra,Travel,IN,Android
TXN03522,2026-05-27 18:00:00,44.57,Uber,Entertainment,IN,Android
TXN03523,2026-05-27 19:00:00,19.48,Swiggy,Travel,IN,Android
TXN03524,2026-05-27 20:00:00,30.02,Amazon,Travel,IN,iOS
TXN03525,2026-05-27 21:00:00,151.31,Reliance,Entertainment,IN,iOS
TXN03526,2026-05-27 22:00:00,70.11,Reliance,Shopping,IN,iOS
TXN03527,2026-05-27 23:00:00,23.1,Other,Travel,IN,Android
TXN03528,2026-05-28 00:00:00,20.06,Reliance,Bills,IN,Android
TXN03529,2026-05-28 01:00:00,50.76,Other,Travel,IN,iOS
TXN03530,2026-05-28 02:00:00,150.62,Other,Entertainment,IN,Android
TXN03531,2026-05-28 03:00:00,48.36,Swiggy,Entertainment,IN,Android
TXN03532,2026-05-28 04:00:00,127.68,Myntra,Food,IN,Android
TXN03533,2026-05-28 05:00:00,68.63,Flipkart,Entertainment,IN,Android
TXN03534,2026-05-28 06:00:00,74.17,Reliance,Food,IN,Android
TXN03535,2026-05-28 07:00:00,22.91,Myntra,Food,IN,Web
TXN03536,2026-05-28 08:00:00,100.42,Uber,Entertainment,IN,Android
TXN03537,2026-05-28 09:00:00,43.92,Myntra,Shopping,IN,iOS
TXN03538,2026-05-29 02:00:00,1391.1312882680525,Flipkart,Food,IN,Android
TXN03539,2026-05-28 11:00:00,32.16,Myntra,Bills,IN,iOS
TXN03540,2026-05-28 12:00:00,61.26,Uber,Travel,IN,iOS
TXN03541,2026-05-28 13:00:00,68.63,Swiggy,Entertainment,IN,Web
TXN03542,2026-05-28 14:00:00,49.4,Other,Food,IN,Android
TXN03543,2026-05-28 15:00:00,71.02,Amazon,Travel,IN,iOS
TXN03544,2026-05-28 16:00:00,45.92,Reliance,Shopping,IN,Android
TXN03545,2026-05-28 17:00:00,35.81,Flipkart,Food,IN,iOS
TXN03546,2026-05-28 18:00:00,155.02,Flipkart,Shopping,IN,Web
TXN03547,2026-05-28 19:00:00,107.97,Flipkart,Bills,IN,iOS
TXN03548,2026-05-28 20:00:00,33.3,Amazon,Food,IN,iOS
TXN03549,2026-05-28 21:00:00,79.0,Amazon,Bills,IN,Web
TXN03550,2026-05-28 22:00:00,33.69,Reliance,Food,IN,Web
TXN03551,2026-05-28 23:00:00,25.28,Other,Travel,IN,Android
TXN03552,2026-05-29 00:00:00,573.8235039718544,Myntra,Entertainment,IN,Android
TXN03553,2026-05-29 01:00:00,18.04,Amazon,Entertainment,IN,iOS
TXN03554,2026-05-29 02:00:00,99.73,Other,Shopping,IN,Web
TXN03555,2026-05-29 03:00:00,46.33,Myntra,Bills,IN,Android
TXN03556,2026-05-29 04:00:00,47.58,Uber,Entertainment,IN,Android
TXN03557,2026-05-29 05:00:00,71.26,Other,Bills,IN,Android
TXN03558,2026-05-29 06:00:00,79.66,Swiggy,Shopping,IN,Android
TXN03559,2026-05-29 07:00:00,31.91,Swiggy,Bills,IN,Android
TXN03560,2026-05-29 08:00:00,87.05,Reliance,Bills,IN,Android
TXN03561,2026-05-29 09:00:00,58.77,Uber,Bills,IN,Android
TXN03562,2026-05-29 10:00:00,24.13,Reliance,Travel,IN,iOS
TXN03563,2026-05-29 11:00:00,48.89,Myntra,Travel,IN,Android
TXN03564,2026-05-29 12:00:00,134.0,Reliance,Bills,IN,Android
TXN03565,2026-05-29 13:00:00,162.36,Swiggy,Travel,IN,Android
TXN03566,2026-05-29 14:00:00,87.03,Amazon,Bills,IN,Android
TXN03567,2026-05-29 15:00:00,25.19,Uber,Bills,IN,Android
TXN03568,2026-05-29 16:00:00,75.11,Myntra,Food,IN,Android
TXN03569,2026-05-29 17:00:00,94.92,Reliance,Bills,IN,Android
TXN03570,2026-05-29 18:00:00,87.51,Flipkart,Bills,IN,iOS
TXN03571,2026-05-29 19:00:00,90.94,Reliance,Travel,IN,Android
TXN03572,2026-05-29 20:00:00,69.14,Reliance,Bills,IN,Android
TXN03573,2026-05-29 21:00:00,52.09,Reliance,Shopping,IN,Android
TXN03574,2026-05-29 22:00:00,36.77,Reliance,Food,IN,Android
TXN03575,2026-05-29 23:00:00,15.9,Other,Bills,IN,Android
TXN03576,2026-05-30 00:00:00,68.09,Myntra,Entertainment,IN,Android
TXN03577,2026-05-30 01:00:00,61.62,Swiggy,Bills,IN,Android
TXN03578,2026-05-30 02:00:00,78.45,Uber,Bills,IN,Android
TXN03579,2026-05-30 03:00:00,22.89,Reliance,Food,IN,Web
TXN03580,2026-05-30 04:00:00,83.03,Flipkart,Bills,IN,Android
TXN03581,2026-05-30 05:00:00,207.57,Myntra,Food,IN,Android
TXN03582,2026-05-30 06:00:00,57.45,Myntra,Shopping,IN,Android
TXN03583,2026-05-30 07:00:00,52.45,Myntra,Food,IN,Android
TXN03584,2026-05-30 08:00:00,66.74,Swiggy,Bills,IN,iOS
TXN03585,2026-05-30 09:00:00,204.59,Reliance,Entertainment,IN,Android
TXN03586,2026-05-30 10:00:00,28.07,Amazon,Travel,IN,Android
TXN03587,2026-05-30 11:00:00,62.31,Reliance,Entertainment,IN,Web
TXN03588,2026-05-30 12:00:00,32.47,Reliance,Bills,IN,Android
TXN03589,2026-05-30 13:00:00,38.26,Other,Travel,IN,Android
TXN03590,2026-05-30 14:00:00,52.87,Other,Entertainment,IN,iOS
TXN03591,2026-05-30 15:00:00,131.07,Swiggy,Travel,IN,Web
TXN03592,2026-05-30 16:00:00,176.03,Amazon,Travel,IN,Android
TXN03593,2026-05-30 17:00:00,73.06,Myntra,Bills,IN,iOS
TXN03594,2026-05-30 18:00:00,42.74,Amazon,Bills,IN,Android
TXN03595,2026-05-30 19:00:00,275.97,Flipkart,Travel,IN,iOS
TXN03596,2026-05-30 20:00:00,41.35,Myntra,Travel,IN,Android
TXN03597,2026-05-30 21:00:00,37.67,Myntra,Entertainment,IN,iOS
TXN03598,2026-05-30 22:00:00,17.22,Myntra,Shopping,IN,Android
TXN03599,2026-05-30 23:00:00,135.3,Reliance,Shopping,IN,Android
TXN03600,2026-05-31 00:00:00,102.45,Flipkart,Travel,IN,Android
TXN03601,2026-05-31 01:00:00,262.85,Reliance,Shopping,IN,iOS
TXN03602,2026-05-31 02:00:00,22.13,Myntra,Food,IN,iOS
TXN03603,2026-05-31 03:00:00,140.87,Swiggy,Travel,IN,iOS
TXN03604,2026-05-31 04:00:00,57.14,Uber,Travel,IN,Web
TXN03605,2026-05-31 05:00:00,92.2,Uber,Food,IN,Android
TXN03606,2026-05-31 06:00:00,18.71,Uber,Food,IN,iOS
TXN03607,2026-05-31 07:00:00,141.78,Swiggy,Bills,IN,Android
TXN03608,2026-05-31 08:00:00,91.03,Flipkart,Entertainment,IN,Web
TXN03609,2026-05-31 09:00:00,53.23,Flipkart,Bills,IN,iOS
TXN03610,2026-05-31 10:00:00,83.04,Swiggy,Travel,IN,Android
TXN03611,2026-05-31 11:00:00,33.2,Flipkart,Shopping,IN,Android
TXN03612,2026-05-31 12:00:00,37.46,Uber,Food,IN,iOS
TXN03613,2026-05-31 13:00:00,40.4,Other,Travel,IN,iOS
TXN03614,2026-05-31 14:00:00,16.37,Amazon,Food,IN,iOS
TXN03615,2026-05-31 15:00:00,95.6,Swiggy,Bills,IN,Android
TXN03616,2026-05-31 16:00:00,118.46,Amazon,Food,IN,Android
TXN03617,2026-05-31 17:00:00,34.61,Other,Entertainment,IN,Web
TXN03618,2026-05-31 18:00:00,68.47,Myntra,Food,IN,iOS
TXN03619,2026-05-31 19:00:00,45.94,Flipkart,Travel,IN,Android
TXN03620,2026-05-31 20:00:00,67.58,Swiggy,Bills,IN,iOS
TXN03621,2026-05-31 21:00:00,36.31,Reliance,Food,IN,iOS
TXN03622,2026-05-31 22:00:00,30.75,Other,Bills,IN,iOS
TXN03623,2026-05-31 23:00:00,108.19,Myntra,Travel,IN,iOS
TXN03624,2026-06-01 00:00:00,52.38,Flipkart,Bills,IN,Web
TXN03625,2026-06-01 01:00:00,203.24,Myntra,Travel,IN,Web
TXN03626,2026-06-01 02:00:00,56.27,Myntra,Entertainment,IN,Android
TXN03627,2026-06-01 03:00:00,29.91,Myntra,Bills,IN,Android
TXN03628,2026-06-01 04:00:00,121.21,Amazon,Shopping,IN,iOS
TXN03629,2026-06-01 05:00:00,82.27,Myntra,Travel,IN,iOS
TXN03630,2026-06-01 06:00:00,87.57,Amazon,Entertainment,IN,Android
TXN03631,2026-06-01 07:00:00,118.38,Other,Food,IN,Web
TXN03632,2026-06-01 08:00:00,35.72,Other,Travel,IN,Android
TXN03633,2026-06-01 09:00:00,50.26,Uber,Bills,IN,Android
TXN03634,2026-06-01 10:00:00,48.84,Myntra,Food,IN,Web
TXN03635,2026-06-01 11:00:00,23.59,Amazon,Travel,IN,Web
TXN03636,2026-06-01 12:00:00,46.0,Other,Travel,IN,Android
TXN03637,2026-06-01 13:00:00,130.14,Flipkart,Shopping,IN,Android
TXN03638,2026-06-01 14:00:00,63.71,Flipkart,Shopping,IN,Android
TXN03639,2026-06-01 15:00:00,22.76,Myntra,Travel,IN,Android
TXN03640,2026-06-01 16:00:00,19.86,Other,Shopping,IN,Android
TXN03641,2026-06-01 17:00:00,161.11,Uber,Entertainment,IN,Android
TXN03642,2026-06-01 18:00:00,51.49,Uber,Travel,IN,Android
TXN03643,2026-06-01 19:00:00,35.84,Uber,Bills,IN,iOS
TXN03644,2026-06-01 20:00:00,45.69,Swiggy,Food,IN,iOS
TXN03645,2026-06-01 21:00:00,20.9,Myntra,Food,IN,iOS
TXN03646,2026-06-01 22:00:00,137.69,Other,Travel,IN,Android
TXN03647,2026-06-01 23:00:00,42.29,Swiggy,Bills,IN,Android
TXN03648,2026-06-02 00:00:00,132.8,Reliance,Food,IN,Android
TXN03649,2026-06-02 01:00:00,56.46,Reliance,Food,IN,Web
TXN03650,2026-06-02 02:00:00,138.27,Reliance,Shopping,IN,Android
TXN03651,2026-06-02 03:00:00,64.51,Reliance,Travel,IN,iOS
TXN03652,2026-06-02 04:00:00,95.07,Other,Bills,IN,Android
TXN03653,2026-06-02 05:00:00,87.13,Reliance,Travel,IN,Web
TXN03654,2026-06-02 06:00:00,81.87,Other,Food,IN,Android
TXN03655,2026-06-02 07:00:00,68.45,Reliance,Food,IN,Android
TXN03656,2026-06-02 08:00:00,46.93,Reliance,Food,IN,iOS
TXN03657,2026-06-02 09:00:00,189.62,Other,Food,IN,Android
TXN03658,2026-06-02 10:00:00,30.28,Other,Food,IN,iOS
TXN03659,2026-06-02 11:00:00,54.75,Myntra,Entertainment,IN,Android
TXN03660,2026-06-02 12:00:00,55.13,Myntra,Food,IN,Web
TXN03661,2026-06-02 13:00:00,70.92,Other,Food,IN,iOS
TXN03662,2026-06-02 14:00:00,41.3,Swiggy,Bills,IN,Android
TXN03663,2026-06-02 15:00:00,66.99,Amazon,Entertainment,IN,iOS
TXN03664,2026-06-02 16:00:00,48.92,Other,Travel,IN,iOS
TXN03665,2026-06-02 17:00:00,19.53,Myntra,Bills,IN,iOS
TXN03666,2026-06-02 18:00:00,54.94,Swiggy,Shopping,IN,Android
TXN03667,2026-06-02 19:00:00,26.7,Reliance,Travel,IN,Android
TXN03668,2026-06-02 20:00:00,17.68,Amazon,Shopping,IN,iOS
TXN03669,2026-06-02 21:00:00,59.68,Uber,Shopping,IN,Android
TXN03670,2026-06-02 22:00:00,74.97,Flipkart,Travel,IN,Web
TXN03671,2026-06-02 23:00:00,76.89,Swiggy,Food,IN,Android
TXN03672,2026-06-03 00:00:00,78.94,Other,Shopping,IN,iOS
TXN03673,2026-06-03 01:00:00,15.55,Uber,Shopping,IN,Android
TXN03674,2026-06-03 02:00:00,22.54,Amazon,Bills,IN,iOS
TXN03675,2026-06-03 03:00:00,196.92,Swiggy,Travel,IN,Android
TXN03676,2026-06-03 04:00:00,27.64,Flipkart,Food,IN,Android
TXN03677,2026-06-03 05:00:00,81.21,Other,Entertainment,IN,Android
TXN03678,2026-06-03 06:00:00,34.94,Swiggy,Food,IN,iOS
TXN03679,2026-06-03 07:00:00,57.5,Swiggy,Entertainment,IN,Android
TXN03680,2026-06-03 08:00:00,36.18,Swiggy,Food,IN,iOS
TXN03681,2026-06-03 09:00:00,78.65,Flipkart,Shopping,IN,Android
TXN03682,2026-06-03 10:00:00,59.67,Reliance,Shopping,IN,iOS
TXN03683,2026-06-03 11:00:00,40.8,Myntra,Food,IN,iOS
TXN03684,2026-06-03 12:00:00,27.59,Uber,Shopping,IN,Android
TXN03685,2026-06-03 13:00:00,64.98,Swiggy,Shopping,IN,Android
TXN03686,2026-06-03 14:00:00,24.82,Myntra,Food,IN,Android
TXN03687,2026-06-03 15:00:00,72.09,Amazon,Entertainment,IN,iOS
TXN03688,2026-06-03 16:00:00,3856.627794107081,Other,Food,IN,Web
TXN03689,2026-06-03 17:00:00,131.32,Uber,Food,IN,Android
TXN03690,2026-06-03 18:00:00,87.09,Flipkart,Entertainment,IN,iOS
TXN03691,2026-06-03 19:00:00,51.64,Uber,Food,IN,iOS
TXN03692,2026-06-03 20:00:00,15.48,Reliance,Entertainment,IN,iOS
TXN03693,2026-06-03 21:00:00,23.12,Flipkart,Bills,IN,Android
TXN03694,2026-06-03 22:00:00,125.69,Uber,Entertainment,IN,Web
TXN03695,2026-06-03 23:00:00,32.68,Myntra,Travel,IN,Android
TXN03696,2026-06-04 00:00:00,34.66,Reliance,Travel,IN,iOS
TXN03697,2026-06-04 01:00:00,49.02,Uber,Food,IN,Android
TXN03698,2026-06-04 02:00:00,27.38,Reliance,Travel,IN,iOS
TXN03699,2026-06-04 03:00:00,24.6,Reliance,Bills,IN,Web
TXN03700,2026-06-04 04:00:00,52.84,Other,Entertainment,IN,Web
TXN03701,2026-06-04 05:00:00,30.58,Swiggy,Shopping,IN,Android
TXN03702,2026-06-04 06:00:00,33.73,Myntra,Shopping,IN,iOS
TXN03703,2026-06-04 07:00:00,32.86,Flipkart,Shopping,IN,Android
TXN03704,2026-06-04 08:00:00,76.67,Reliance,Bills,IN,iOS
TXN03705,2026-06-04 09:00:00,46.95,Other,Shopping,IN,Android
TXN03706,2026-06-04 10:00:00,48.61,Swiggy,Entertainment,IN,iOS
TXN03707,2026-06-04 11:00:00,80.48,Uber,Food,IN,Android
TXN03708,2026-06-04 18:00:00,704.6892552392667,Reliance,Food,IN,Android
TXN03709,2026-06-04 13:00:00,45.56,Amazon,Entertainment,IN,Android
TXN03710,2026-06-04 14:00:00,74.13,Myntra,Bills,IN,Android
TXN03711,2026-06-04 15:00:00,84.3,Reliance,Travel,IN,Android
TXN03712,2026-06-04 16:00:00,49.62,Other,Entertainment,IN,iOS
TXN03713,2026-06-04 17:00:00,57.54,Flipkart,Bills,IN,iOS
TXN03714,2026-06-04 18:00:00,32.85,Reliance,Bills,IN,iOS
TXN03715,2026-06-04 19:00:00,31.2,Reliance,Food,IN,iOS
TXN03716,2026-06-04 20:00:00,90.01,Amazon,Entertainment,IN,Android
TXN03717,2026-06-04 21:00:00,72.91,Myntra,Bills,IN,Android
TXN03718,2026-06-04 22:00:00,73.4,Myntra,Entertainment,IN,Android
TXN03719,2026-06-04 23:00:00,65.53,Other,Entertainment,IN,Android
TXN03720,2026-06-05 00:00:00,56.26,Amazon,Travel,IN,iOS
TXN03721,2026-06-05 01:00:00,85.86,Other,Food,IN,iOS
TXN03722,2026-06-05 02:00:00,100.27,Uber,Entertainment,IN,iOS
TXN03723,2026-06-05 03:00:00,98.72,Flipkart,Entertainment,IN,iOS
TXN03724,2026-06-05 04:00:00,51.14,Swiggy,Shopping,IN,Android
TXN03725,2026-06-05 05:00:00,134.5,Reliance,Bills,IN,iOS
TXN03726,2026-06-05 06:00:00,63.34,Other,Bills,IN,Android
TXN03727,2026-06-05 07:00:00,82.36,Swiggy,Bills,IN,Web
TXN03728,2026-06-05 08:00:00,65.59,Other,Entertainment,IN,Android
TXN03729,2026-06-05 09:00:00,64.11,Myntra,Food,IN,Android
TXN03730,2026-06-05 10:00:00,33.84,Flipkart,Entertainment,IN,Android
TXN03731,2026-06-05 11:00:00,86.13,Myntra,Bills,IN,Android
TXN03732,2026-06-05 12:00:00,347.04,Reliance,Shopping,IN,Android
TXN03733,2026-06-05 13:00:00,42.79,Amazon,Travel,IN,Android
TXN03734,2026-06-05 14:00:00,57.18,Amazon,Shopping,IN,iOS
TXN03735,2026-06-05 15:00:00,40.85,Amazon,Entertainment,IN,Web
TXN03736,2026-06-05 16:00:00,39.76,Uber,Bills,IN,Android
TXN03737,2026-06-05 17:00:00,148.99,Amazon,Entertainment,IN,Android
TXN03738,2026-06-05 18:00:00,35.25,Other,Bills,IN,Web
TXN03739,2026-06-05 19:00:00,40.12,Amazon,Food,IN,Android
TXN03740,2026-06-05 20:00:00,19.46,Amazon,Travel,IN,iOS
TXN03741,2026-06-05 21:00:00,33.37,Flipkart,Entertainment,IN,Android
TXN03742,2026-06-05 22:00:00,17.99,Reliance,Shopping,IN,Android
TXN03743,2026-06-05 23:00:00,82.32,Other,Entertainment,IN,Android
TXN03744,2026-06-06 00:00:00,336.91,Flipkart,Travel,IN,Android
TXN03745,2026-06-06 01:00:00,43.02,Uber,Travel,IN,iOS
TXN03746,2026-06-06 02:00:00,18.48,Reliance,Bills,IN,iOS
TXN03747,2026-06-06 03:00:00,98.0,Reliance,Shopping,IN,Android
TXN03748,2026-06-06 04:00:00,34.04,Flipkart,Shopping,IN,Web
TXN03749,2026-06-06 05:00:00,127.05,Reliance,Shopping,IN,Android
TXN03750,2026-06-06 06:00:00,45.45,Other,Bills,IN,Android
TXN03751,2026-06-06 07:00:00,36.21,Reliance,Shopping,IN,Web
TXN03752,2026-06-06 08:00:00,48.63,Uber,Bills,IN,Web
TXN03753,2026-06-06 09:00:00,89.35,Swiggy,Shopping,IN,Android
TXN03754,2026-06-06 10:00:00,47.1,Other,Bills,IN,Android
TXN03755,2026-06-06 11:00:00,39.53,Other,Entertainment,IN,Android
TXN03756,2026-06-06 12:00:00,47.98,Uber,Travel,IN,Android
TXN03757,2026-06-06 13:00:00,23.89,Reliance,Food,IN,iOS
TXN03758,2026-06-06 14:00:00,70.67,Swiggy,Travel,IN,Android
TXN03759,2026-06-06 15:00:00,17.09,Reliance,Bills,IN,iOS
TXN03760,2026-06-06 16:00:00,40.91,Amazon,Bills,IN,Android
TXN03761,2026-06-06 17:00:00,89.44,Other,Bills,IN,Android
TXN03762,2026-06-06 18:00:00,66.49,Uber,Travel,IN,Android
TXN03763,2026-06-06 19:00:00,80.13,Myntra,Bills,IN,Android
TXN03764,2026-06-06 20:00:00,52.34,Flipkart,Food,IN,iOS
TXN03765,2026-06-06 21:00:00,116.79,Uber,Food,IN,Web
TXN03766,2026-06-06 22:00:00,99.59,Amazon,Entertainment,IN,Web
TXN03767,2026-06-06 23:00:00,72.97,Other,Travel,IN,iOS
TXN03768,2026-06-07 00:00:00,99.77,Reliance,Entertainment,IN,Android
TXN03769,2026-06-07 01:00:00,88.92,Uber,Bills,IN,Web
TXN03770,2026-06-07 02:00:00,41.03,Reliance,Travel,IN,Web
TXN03771,2026-06-07 03:00:00,22.79,Reliance,Travel,IN,Web
TXN03772,2026-06-07 04:00:00,71.75,Amazon,Bills,IN,Android
TXN03773,2026-06-07 05:00:00,77.86,Amazon,Shopping,IN,Android
TXN03774,2026-06-07 06:00:00,110.92,Flipkart,Travel,IN,iOS
TXN03775,2026-06-07 07:00:00,29.71,Amazon,Bills,IN,Android
TXN03776,2026-06-07 08:00:00,30.29,Myntra,Shopping,IN,Android
TXN03777,2026-06-07 09:00:00,73.62,Uber,Shopping,IN,Android
TXN03778,2026-06-07 10:00:00,52.13,Uber,Shopping,IN,iOS
TXN03779,2026-06-07 11:00:00,16.03,Amazon,Travel,IN,Android
TXN03780,2026-06-07 12:00:00,69.67,Other,Food,IN,iOS
TXN03781,2026-06-07 13:00:00,16.38,Other,Travel,IN,iOS
TXN03782,2026-06-07 14:00:00,29.54,Myntra,Shopping,IN,Android
TXN03783,2026-06-07 15:00:00,131.45,Amazon,Food,IN,Android
TXN03784,2026-06-07 16:00:00,178.78,Swiggy,Shopping,IN,Web
TXN03785,2026-06-07 17:00:00,24.77,Reliance,Entertainment,IN,Android
TXN03786,2026-06-07 18:00:00,44.08,Reliance,Travel,IN,Android
TXN03787,2026-06-07 19:00:00,56.13,Flipkart,Shopping,IN,Android
TXN03788,2026-06-07 20:00:00,173.78,Reliance,Travel,IN,Android
TXN03789,2026-06-07 21:00:00,39.63,Other,Entertainment,IN,iOS
TXN03790,2026-06-07 22:00:00,40.05,Uber,Entertainment,IN,Android
TXN03791,2026-06-07 23:00:00,149.41,Swiggy,Entertainment,IN,Web
TXN03792,2026-06-08 00:00:00,42.79,Uber,Travel,IN,Android
TXN03793,2026-06-08 01:00:00,87.31,Amazon,Food,IN,Web
TXN03794,2026-06-08 02:00:00,20.9,Uber,Food,IN,iOS
TXN03795,2026-06-08 03:00:00,48.85,Amazon,Food,IN,Android
TXN03796,2026-06-08 04:00:00,18.56,Amazon,Entertainment,IN,iOS
TXN03797,2026-06-08 05:00:00,27.49,Uber,Shopping,IN,Android
TXN03798,2026-06-08 06:00:00,94.21,Uber,Entertainment,IN,Web
TXN03799,2026-06-08 07:00:00,52.86,Other,Entertainment,IN,iOS
TXN03800,2026-06-08 08:00:00,44.37,Uber,Entertainment,IN,Android
TXN03801,2026-06-08 09:00:00,33.56,Other,Bills,IN,Android
TXN03802,2026-06-08 10:00:00,47.3,Reliance,Entertainment,IN,Web
TXN03803,2026-06-08 11:00:00,66.4,Swiggy,Shopping,IN,iOS
TXN03804,2026-06-08 12:00:00,103.43,Other,Entertainment,IN,Android
TXN03805,2026-06-08 13:00:00,9.91,Uber,Travel,IN,Android
TXN03806,2026-06-08 14:00:00,31.8,Myntra,Entertainment,IN,Android
TXN03807,2026-06-09 02:00:00,774.0667385917657,Amazon,Shopping,IN,iOS
TXN03808,2026-06-08 16:00:00,51.2,Flipkart,Entertainment,IN,iOS
TXN03809,2026-06-08 17:00:00,70.97,Uber,Travel,IN,iOS
TXN03810,2026-06-08 18:00:00,64.97,Flipkart,Shopping,IN,iOS
TXN03811,2026-06-08 19:00:00,44.78,Myntra,Travel,IN,iOS
TXN03812,2026-06-08 20:00:00,38.77,Amazon,Shopping,IN,Android
TXN03813,2026-06-08 21:00:00,46.55,Flipkart,Shopping,IN,iOS
TXN03814,2026-06-08 22:00:00,115.2,Myntra,Travel,IN,Android
TXN03815,2026-06-08 23:00:00,33.93,Myntra,Entertainment,IN,Web
TXN03816,2026-06-09 00:00:00,52.41,Other,Shopping,IN,Android
TXN03817,2026-06-09 01:00:00,61.51,Other,Food,IN,iOS
TXN03818,2026-06-09 02:00:00,150.54,Reliance,Food,IN,Web
TXN03819,2026-06-09 03:00:00,44.92,Amazon,Travel,IN,iOS
TXN03820,2026-06-09 04:00:00,101.82,Myntra,Shopping,IN,Android
TXN03821,2026-06-09 05:00:00,121.61,Flipkart,Bills,IN,iOS
TXN03822,2026-06-09 06:00:00,52.38,Flipkart,Travel,IN,Android
TXN03823,2026-06-09 07:00:00,47.61,Flipkart,Entertainment,IN,Android
TXN03824,2026-06-09 08:00:00,44.08,Uber,Food,IN,iOS
TXN03825,2026-06-09 09:00:00,296.38237338831965,Amazon,Travel,IN,iOS
TXN03826,2026-06-09 10:00:00,95.13,Uber,Shopping,IN,Android
TXN03827,2026-06-09 11:00:00,63.44,Flipkart,Entertainment,IN,Web
TXN03828,2026-06-09 12:00:00,63.62,Uber,Entertainment,IN,Android
TXN03829,2026-06-09 13:00:00,26.27,Myntra,Food,IN,Web
TXN03830,2026-06-09 14:00:00,29.11,Flipkart,Travel,IN,iOS
TXN03831,2026-06-09 15:00:00,219.91,Amazon,Entertainment,IN,Web
TXN03832,2026-06-09 16:00:00,48.64,Reliance,Food,IN,iOS
TXN03833,2026-06-09 17:00:00,33.0,Reliance,Food,IN,Web
TXN03834,2026-06-09 18:00:00,138.41,Flipkart,Food,IN,iOS
TXN03835,2026-06-09 19:00:00,65.57,Other,Bills,IN,Android
TXN03836,2026-06-09 20:00:00,79.5,Flipkart,Food,IN,Android
TXN03837,2026-06-09 21:00:00,49.91,Other,Shopping,IN,iOS
TXN03838,2026-06-09 22:00:00,44.38,Amazon,Shopping,IN,Android
TXN03839,2026-06-09 23:00:00,48.9,Myntra,Entertainment,IN,Web
TXN03840,2026-06-10 00:00:00,22.23,Amazon,Entertainment,IN,Android
TXN03841,2026-06-10 01:00:00,51.57,Flipkart,Entertainment,IN,Web
TXN03842,2026-06-10 02:00:00,66.18,Swiggy,Food,IN,Android
TXN03843,2026-06-10 03:00:00,181.78,Amazon,Travel,IN,iOS
TXN03844,2026-06-10 04:00:00,57.74,Uber,Travel,IN,Web
TXN03845,2026-06-10 05:00:00,11.97,Flipkart,Travel,IN,Android
TXN03846,2026-06-10 06:00:00,51.36,Amazon,Shopping,IN,iOS
TXN03847,2026-06-10 07:00:00,323.98,Other,Travel,IN,Android
TXN03848,2026-06-10 08:00:00,95.88,Other,Shopping,IN,iOS
TXN03849,2026-06-10 09:00:00,32.23,Other,Food,IN,iOS
TXN03850,2026-06-10 10:00:00,80.18,Flipkart,Food,IN,Android
TXN03851,2026-06-10 11:00:00,33.71,Swiggy,Bills,IN,Android
TXN03852,2026-06-10 12:00:00,278.97170720025576,Swiggy,Entertainment,IN,Android
TXN03853,2026-06-10 13:00:00,43.53,Swiggy,Bills,IN,Android
TXN03854,2026-06-10 14:00:00,57.94,Swiggy,Travel,IN,iOS
TXN03855,2026-06-10 15:00:00,16.17,Uber,Travel,IN,Android
TXN03856,2026-06-10 16:00:00,25.87,Uber,Travel,IN,Web
TXN03857,2026-06-10 17:00:00,54.97,Swiggy,Shopping,IN,Web
TXN03858,2026-06-10 18:00:00,41.87,Other,Entertainment,IN,Web
TXN03859,2026-06-10 19:00:00,70.57,Other,Entertainment,IN,iOS
TXN03860,2026-06-10 20:00:00,24.79,Swiggy,Food,IN,Android
TXN03861,2026-06-10 21:00:00,86.85,Flipkart,Shopping,IN,iOS
TXN03862,2026-06-10 22:00:00,25.29,Uber,Shopping,IN,iOS
TXN03863,2026-06-10 23:00:00,158.82,Swiggy,Bills,IN,Web
TXN03864,2026-06-11 00:00:00,17.9,Other,Shopping,IN,Android
TXN03865,2026-06-11 01:00:00,26.84,Uber,Shopping,IN,Android
TXN03866,2026-06-11 02:00:00,71.61,Amazon,Bills,IN,Web
TXN03867,2026-06-11 03:00:00,161.06,Amazon,Shopping,IN,iOS
TXN03868,2026-06-11 04:00:00,67.01,Amazon,Shopping,IN,Android
TXN03869,2026-06-11 05:00:00,78.72,Swiggy,Shopping,IN,iOS
TXN03870,2026-06-11 06:00:00,55.22,Swiggy,Bills,IN,Android
TXN03871,2026-06-11 07:00:00,28.02,Reliance,Food,IN,iOS
TXN03872,2026-06-11 08:00:00,39.7,Other,Food,IN,Android
TXN03873,2026-06-11 09:00:00,24.84,Amazon,Bills,IN,Android
TXN03874,2026-06-11 10:00:00,341.3248007767114,Other,Shopping,IN,Android
TXN03875,2026-06-11 11:00:00,70.89,Myntra,Travel,IN,Android
TXN03876,2026-06-11 12:00:00,26.31,Swiggy,Travel,IN,Android
TXN03877,2026-06-11 13:00:00,67.2,Swiggy,Bills,IN,Android
TXN03878,2026-06-11 14:00:00,23.43,Uber,Bills,IN,Android
TXN03879,2026-06-11 15:00:00,66.2,Flipkart,Bills,IN,iOS
TXN03880,2026-06-11 16:00:00,39.74,Other,Food,IN,iOS
TXN03881,2026-06-11 17:00:00,136.22,Amazon,Shopping,IN,iOS
TXN03882,2026-06-11 18:00:00,67.38,Amazon,Travel,IN,Android
TXN03883,2026-06-11 19:00:00,121.91,Flipkart,Shopping,IN,Android
TXN03884,2026-06-11 20:00:00,33.41,Flipkart,Travel,IN,iOS
TXN03885,2026-06-11 21:00:00,56.63,Amazon,Bills,IN,Web
TXN03886,2026-06-11 22:00:00,28.86,Swiggy,Entertainment,IN,Web
TXN03887,2026-06-11 23:00:00,41.73,Swiggy,Bills,IN,Web
TXN03888,2026-06-12 00:00:00,46.05,Amazon,Entertainment,IN,iOS
TXN03889,2026-06-12 01:00:00,34.06,Reliance,Travel,IN,Web
TXN03890,2026-06-12 02:00:00,24.78,Other,Travel,IN,Android
TXN03891,2026-06-12 03:00:00,21.78,Reliance,Food,IN,iOS
TXN03892,2026-06-12 04:00:00,11.93,Uber,Bills,IN,Web
TXN03893,2026-06-12 05:00:00,27.48,Other,Entertainment,IN,iOS
TXN03894,2026-06-12 06:00:00,82.09,Swiggy,Food,IN,Android
TXN03895,2026-06-12 07:00:00,19.32,Swiggy,Shopping,IN,Android
TXN03896,2026-06-12 08:00:00,22.44,Amazon,Shopping,IN,Android
TXN03897,2026-06-12 09:00:00,174.88,Myntra,Bills,IN,Android
TXN03898,2026-06-12 10:00:00,36.1,Amazon,Bills,IN,iOS
TXN03899,2026-06-12 11:00:00,67.27,Myntra,Shopping,IN,iOS
TXN03900,2026-06-12 12:00:00,82.89,Reliance,Shopping,IN,Android
TXN03901,2026-06-12 13:00:00,83.99,Flipkart,Bills,IN,iOS
TXN03902,2026-06-12 14:00:00,20.3,Myntra,Food,IN,Android
TXN03903,2026-06-12 15:00:00,46.98,Swiggy,Travel,IN,iOS
TXN03904,2026-06-12 16:00:00,19.07,Swiggy,Food,IN,Android
TXN03905,2026-06-12 17:00:00,267.76,Uber,Bills,IN,Android
TXN03906,2026-06-12 18:00:00,19.36,Flipkart,Bills,IN,iOS
TXN03907,2026-06-12 19:00:00,27.63,Reliance,Shopping,IN,iOS
TXN03908,2026-06-12 20:00:00,27.76,Swiggy,Shopping,IN,iOS
TXN03909,2026-06-12 21:00:00,20.64,Uber,Travel,IN,Android
TXN03910,2026-06-12 22:00:00,131.52,Reliance,Bills,IN,iOS
TXN03911,2026-06-12 23:00:00,263.64,Flipkart,Shopping,IN,Android
TXN03912,2026-06-13 00:00:00,40.08,Uber,Shopping,IN,Android
TXN03913,2026-06-13 01:00:00,23.14,Other,Bills,IN,iOS
TXN03914,2026-06-13 02:00:00,12.76,Swiggy,Travel,IN,iOS
TXN03915,2026-06-13 03:00:00,46.59,Amazon,Shopping,IN,Web
TXN03916,2026-06-13 04:00:00,44.45,Flipkart,Bills,IN,Android
TXN03917,2026-06-13 08:00:00,316.20194883738066,Other,Shopping,IN,iOS
TXN03918,2026-06-13 06:00:00,63.05,Reliance,Food,IN,Android
TXN03919,2026-06-13 07:00:00,70.59,Reliance,Bills,IN,iOS
TXN03920,2026-06-13 08:00:00,67.36,Flipkart,Food,IN,iOS
TXN03921,2026-06-13 09:00:00,44.46,Reliance,Shopping,IN,iOS
TXN03922,2026-06-13 10:00:00,26.68,Swiggy,Entertainment,IN,Web
TXN03923,2026-06-13 11:00:00,84.17,Reliance,Food,IN,iOS
TXN03924,2026-06-13 12:00:00,55.04,Other,Travel,IN,Android
TXN03925,2026-06-13 13:00:00,97.26,Flipkart,Entertainment,IN,Web
TXN03926,2026-06-13 14:00:00,91.25,Other,Entertainment,IN,Web
TXN03927,2026-06-13 15:00:00,21.67,Myntra,Entertainment,IN,Android
TXN03928,2026-06-13 16:00:00,21.49,Reliance,Food,IN,Android
TXN03929,2026-06-13 17:00:00,33.41,Reliance,Entertainment,IN,Android
TXN03930,2026-06-13 18:00:00,27.48,Flipkart,Shopping,IN,iOS
TXN03931,2026-06-13 19:00:00,89.2,Reliance,Food,IN,Web
TXN03932,2026-06-13 20:00:00,68.6,Flipkart,Shopping,IN,iOS
TXN03933,2026-06-13 21:00:00,111.55,Flipkart,Travel,IN,Android
TXN03934,2026-06-13 22:00:00,70.65,Amazon,Entertainment,IN,Android
TXN03935,2026-06-13 23:00:00,62.53,Flipkart,Bills,IN,Android
TXN03936,2026-06-14 00:00:00,119.08,Other,Entertainment,IN,Android
TXN03937,2026-06-14 01:00:00,74.09,Swiggy,Shopping,IN,Android
TXN03938,2026-06-14 02:00:00,57.07,Swiggy,Bills,IN,Android
TXN03939,2026-06-14 03:00:00,142.92,Uber,Bills,IN,Android
TXN03940,2026-06-14 04:00:00,58.84,Myntra,Travel,IN,Android
TXN03941,2026-06-14 05:00:00,44.8,Myntra,Shopping,IN,iOS
TXN03942,2026-06-14 06:00:00,31.67,Uber,Shopping,IN,Android
TXN03943,2026-06-14 07:00:00,86.23,Reliance,Entertainment,IN,Android
TXN03944,2026-06-14 08:00:00,122.01,Uber,Food,IN,iOS
TXN03945,2026-06-14 09:00:00,52.83,Reliance,Bills,IN,Web
TXN03946,2026-06-14 10:00:00,127.76,Other,Entertainment,IN,iOS
TXN03947,2026-06-14 11:00:00,15.17,Myntra,Travel,IN,iOS
TXN03948,2026-06-14 12:00:00,52.67,Amazon,Food,IN,iOS
TXN03949,2026-06-14 13:00:00,53.19,Flipkart,Travel,IN,iOS
TXN03950,2026-06-15 00:00:00,410.3793623353656,Myntra,Food,IN,iOS
TXN03951,2026-06-14 15:00:00,257.11,Uber,Shopping,IN,Android
TXN03952,2026-06-14 16:00:00,52.3,Flipkart,Entertainment,IN,iOS
TXN03953,2026-06-14 17:00:00,41.89,Swiggy,Food,IN,Android
TXN03954,2026-06-14 18:00:00,55.53,Amazon,Bills,IN,Android
TXN03955,2026-06-14 19:00:00,14.85,Flipkart,Bills,IN,Android
TXN03956,2026-06-14 20:00:00,33.32,Reliance,Travel,IN,Android
TXN03957,2026-06-14 21:00:00,103.45,Amazon,Travel,IN,Android
TXN03958,2026-06-14 22:00:00,36.28,Reliance,Shopping,IN,iOS
TXN03959,2026-06-14 23:00:00,31.86,Swiggy,Travel,IN,Android
TXN03960,2026-06-15 00:00:00,127.89,Reliance,Bills,IN,Android
TXN03961,2026-06-15 01:00:00,130.47,Flipkart,Shopping,IN,Android
TXN03962,2026-06-15 02:00:00,76.4,Reliance,Food,IN,Android
TXN03963,2026-06-15 03:00:00,40.62,Myntra,Bills,IN,iOS
TXN03964,2026-06-15 04:00:00,46.73,Reliance,Entertainment,IN,Android
TXN03965,2026-06-15 05:00:00,32.37,Amazon,Food,IN,Android
TXN03966,2026-06-15 06:00:00,28.6,Reliance,Entertainment,IN,Android
TXN03967,2026-06-15 07:00:00,382.21602503836857,Flipkart,Shopping,IN,Android
TXN03968,2026-06-15 08:00:00,36.53,Swiggy,Travel,IN,Android
TXN03969,2026-06-15 09:00:00,27.87,Amazon,Entertainment,IN,Android
TXN03970,2026-06-15 10:00:00,19.76,Other,Travel,IN,iOS
TXN03971,2026-06-15 11:00:00,62.97,Myntra,Travel,IN,Web
TXN03972,2026-06-15 12:00:00,63.59,Other,Shopping,IN,iOS
TXN03973,2026-06-15 13:00:00,164.93,Uber,Travel,IN,Android
TXN03974,2026-06-15 14:00:00,35.36,Flipkart,Travel,IN,Android
TXN03975,2026-06-15 15:00:00,66.19,Swiggy,Entertainment,IN,iOS
TXN03976,2026-06-15 16:00:00,66.9,Uber,Food,IN,Android
TXN03977,2026-06-15 17:00:00,46.29,Flipkart,Food,IN,Web
TXN03978,2026-06-15 18:00:00,88.57,Other,Bills,IN,Android
TXN03979,2026-06-15 19:00:00,90.37,Other,Entertainment,IN,Android
TXN03980,2026-06-15 20:00:00,67.55,Uber,Food,IN,Android
TXN03981,2026-06-15 21:00:00,46.24,Myntra,Bills,IN,Web
TXN03982,2026-06-15 22:00:00,43.28,Myntra,Entertainment,IN,Web
TXN03983,2026-06-15 23:00:00,22.44,Myntra,Bills,IN,Web
TXN03984,2026-06-16 00:00:00,32.34,Amazon,Travel,IN,Android
TXN03985,2026-06-16 01:00:00,36.44,Uber,Food,IN,iOS
TXN03986,2026-06-16 02:00:00,26.3,Reliance,Food,IN,Android
TXN03987,2026-06-16 03:00:00,72.67,Reliance,Shopping,IN,Android
TXN03988,2026-06-16 04:00:00,118.84,Myntra,Shopping,IN,iOS
TXN03989,2026-06-16 05:00:00,30.26,Other,Travel,IN,Web
TXN03990,2026-06-16 06:00:00,65.64,Myntra,Shopping,IN,Android
TXN03991,2026-06-16 07:00:00,27.88,Swiggy,Shopping,IN,Android
TXN03992,2026-06-16 08:00:00,44.78,Uber,Bills,IN,Android
TXN03993,2026-06-16 09:00:00,34.86,Myntra,Shopping,IN,Android
TXN03994,2026-06-16 10:00:00,80.74,Other,Shopping,IN,Android
TXN03995,2026-06-16 11:00:00,35.12,Flipkart,Travel,IN,Web
TXN03996,2026-06-16 12:00:00,105.38,Swiggy,Entertainment,IN,Android
TXN03997,2026-06-16 13:00:00,46.54,Myntra,Bills,IN,iOS
TXN03998,2026-06-16 14:00:00,35.79,Reliance,Shopping,IN,Android
TXN03999,2026-06-16 15:00:00,24.18,Swiggy,Shopping,IN,Android
TXN04000,2026-06-16 16:00:00,64.37,Myntra,Bills,IN,Android
TXN04001,2026-06-16 17:00:00,97.7,Amazon,Bills,IN,Android
TXN04002,2026-06-16 18:00:00,65.21,Swiggy,Food,IN,Android
TXN04003,2026-06-16 19:00:00,233.98,Other,Entertainment,IN,iOS
TXN04004,2026-06-16 20:00:00,138.29,Myntra,Entertainment,IN,Web
TXN04005,2026-06-16 21:00:00,44.71,Other,Bills,IN,Android
TXN04006,2026-06-16 22:00:00,44.4,Flipkart,Bills,IN,iOS
TXN04007,2026-06-16 23:00:00,74.09,Swiggy,Bills,IN,Web
TXN04008,2026-06-17 00:00:00,31.67,Other,Shopping,IN,Android
TXN04009,2026-06-17 01:00:00,116.52,Other,Bills,IN,Web
TXN04010,2026-06-17 02:00:00,69.06,Other,Entertainment,IN,Web
TXN04011,2026-06-17 03:00:00,64.5,Swiggy,Food,IN,iOS
TXN04012,2026-06-17 04:00:00,85.33,Reliance,Shopping,IN,iOS
TXN04013,2026-06-17 05:00:00,167.31,Uber,Food,IN,iOS
TXN04014,2026-06-17 06:00:00,61.02,Reliance,Food,IN,Android
TXN04015,2026-06-17 07:00:00,50.73,Reliance,Entertainment,IN,iOS
TXN04016,2026-06-17 08:00:00,145.57,Uber,Travel,IN,Web
TXN04017,2026-06-17 09:00:00,102.4,Swiggy,Bills,IN,Android
TXN04018,2026-06-17 10:00:00,44.32,Other,Entertainment,IN,iOS
TXN04019,2026-06-17 11:00:00,54.78,Uber,Bills,IN,Android
TXN04020,2026-06-17 12:00:00,61.99,Uber,Bills,IN,Android
TXN04021,2026-06-17 13:00:00,69.07,Myntra,Entertainment,IN,iOS
TXN04022,2026-06-17 14:00:00,22.61,Other,Bills,IN,iOS
TXN04023,2026-06-17 15:00:00,20.03,Amazon,Food,IN,iOS
TXN04024,2026-06-17 16:00:00,30.67,Other,Bills,IN,iOS
TXN04025,2026-06-17 17:00:00,29.16,Swiggy,Food,IN,Android
TXN04026,2026-06-17 18:00:00,35.93,Amazon,Food,IN,Web
TXN04027,2026-06-17 19:00:00,82.48,Swiggy,Bills,IN,iOS
TXN04028,2026-06-17 20:00:00,48.92,Uber,Food,IN,iOS
TXN04029,2026-06-17 21:00:00,62.03,Myntra,Shopping,IN,Android
TXN04030,2026-06-17 22:00:00,24.64,Uber,Entertainment,IN,Android
TXN04031,2026-06-17 23:00:00,40.44,Amazon,Travel,IN,Web
TXN04032,2026-06-18 00:00:00,79.98,Uber,Bills,IN,Android
TXN04033,2026-06-18 01:00:00,80.38,Flipkart,Entertainment,IN,Android
TXN04034,2026-06-18 02:00:00,34.09,Flipkart,Bills,IN,iOS
TXN04035,2026-06-18 03:00:00,60.65,Myntra,Bills,IN,iOS
TXN04036,2026-06-18 04:00:00,227.98,Reliance,Bills,IN,Web
TXN04037,2026-06-18 05:00:00,53.98,Flipkart,Food,IN,iOS
TXN04038,2026-06-18 06:00:00,34.79,Myntra,Entertainment,IN,Web
TXN04039,2026-06-18 07:00:00,48.77,Swiggy,Bills,IN,Android
TXN04040,2026-06-18 08:00:00,57.97,Swiggy,Shopping,IN,iOS
TXN04041,2026-06-18 09:00:00,49.49,Myntra,Shopping,IN,iOS
TXN04042,2026-06-18 10:00:00,53.5,Flipkart,Entertainment,IN,iOS
TXN04043,2026-06-18 11:00:00,21.37,Reliance,Entertainment,IN,Android
TXN04044,2026-06-18 12:00:00,29.2,Swiggy,Entertainment,IN,Android
TXN04045,2026-06-18 13:00:00,49.55,Amazon,Shopping,IN,iOS
TXN04046,2026-06-18 14:00:00,49.04,Reliance,Entertainment,IN,iOS
TXN04047,2026-06-18 15:00:00,37.79,Reliance,Entertainment,IN,Android
TXN04048,2026-06-18 16:00:00,48.66,Uber,Bills,IN,iOS
TXN04049,2026-06-18 17:00:00,56.81,Reliance,Travel,IN,iOS
TXN04050,2026-06-18 18:00:00,97.33,Flipkart,Travel,IN,Android
TXN04051,2026-06-18 19:00:00,51.19,Swiggy,Travel,IN,iOS
TXN04052,2026-06-18 20:00:00,70.77,Swiggy,Shopping,IN,iOS
TXN04053,2026-06-18 21:00:00,38.4,Reliance,Travel,IN,Android
TXN04054,2026-06-18 22:00:00,79.19,Swiggy,Food,IN,Android
TXN04055,2026-06-18 23:00:00,69.7,Reliance,Food,IN,Android
TXN04056,2026-06-19 00:00:00,95.85,Swiggy,Shopping,IN,iOS
TXN04057,2026-06-19 01:00:00,86.81,Myntra,Travel,IN,Android
TXN04058,2026-06-19 02:00:00,80.05,Flipkart,Shopping,IN,Android
TXN04059,2026-06-19 03:00:00,51.21,Uber,Entertainment,IN,Android
TXN04060,2026-06-19 04:00:00,64.02,Amazon,Entertainment,IN,iOS
TXN04061,2026-06-19 05:00:00,108.99,Reliance,Entertainment,IN,iOS
TXN04062,2026-06-19 06:00:00,35.74,Amazon,Food,IN,Android
TXN04063,2026-06-19 07:00:00,36.29,Other,Shopping,IN,Web
TXN04064,2026-06-19 08:00:00,61.43,Reliance,Travel,IN,Android
TXN04065,2026-06-19 09:00:00,71.52,Myntra,Bills,IN,Android
TXN04066,2026-06-19 10:00:00,31.96,Other,Shopping,IN,Android
TXN04067,2026-06-19 11:00:00,52.01,Reliance,Entertainment,IN,iOS
TXN04068,2026-06-19 12:00:00,51.36,Amazon,Travel,IN,iOS
TXN04069,2026-06-19 13:00:00,12.94,Reliance,Entertainment,IN,Android
TXN04070,2026-06-19 14:00:00,47.34,Swiggy,Shopping,IN,iOS
TXN04071,2026-06-19 15:00:00,49.29,Reliance,Travel,IN,iOS
TXN04072,2026-06-19 16:00:00,49.2,Other,Travel,IN,Web
TXN04073,2026-06-19 17:00:00,137.05,Other,Shopping,IN,Web
TXN04074,2026-06-19 18:00:00,24.77,Uber,Bills,IN,iOS
TXN04075,2026-06-19 19:00:00,31.94,Flipkart,Entertainment,IN,Android
TXN04076,2026-06-19 20:00:00,9.99,Amazon,Travel,IN,Android
TXN04077,2026-06-19 21:00:00,39.94,Flipkart,Food,IN,Web
TXN04078,2026-06-19 22:00:00,42.22,Other,Bills,IN,iOS
TXN04079,2026-06-19 23:00:00,39.19,Myntra,Food,IN,Android
TXN04080,2026-06-20 00:00:00,112.17,Swiggy,Food,IN,Web
TXN04081,2026-06-20 01:00:00,95.53,Uber,Bills,IN,Web
TXN04082,2026-06-20 02:00:00,57.43,Flipkart,Travel,IN,iOS
TXN04083,2026-06-20 03:00:00,42.91,Uber,Food,IN,Web
TXN04084,2026-06-20 04:00:00,106.38,Swiggy,Travel,IN,Android
TXN04085,2026-06-20 05:00:00,53.9,Reliance,Entertainment,IN,iOS
TXN04086,2026-06-20 06:00:00,32.08,Amazon,Travel,IN,Web
TXN04087,2026-06-20 07:00:00,17.89,Other,Shopping,IN,Android
TXN04088,2026-06-20 08:00:00,40.98,Amazon,Entertainment,IN,Android
TXN04089,2026-06-20 09:00:00,89.17,Swiggy,Bills,IN,iOS
TXN04090,2026-06-20 10:00:00,239.79,Swiggy,Food,IN,Android
TXN04091,2026-06-20 11:00:00,56.83,Reliance,Entertainment,IN,Android
TXN04092,2026-06-20 12:00:00,33.2,Myntra,Entertainment,IN,Android
TXN04093,2026-06-20 13:00:00,25.27,Flipkart,Entertainment,IN,Android
TXN04094,2026-06-20 14:00:00,78.16,Uber,Food,IN,Android
TXN04095,2026-06-20 15:00:00,17.34,Uber,Entertainment,IN,Web
TXN04096,2026-06-20 16:00:00,917.5596321683895,Uber,Entertainment,IN,iOS
TXN04097,2026-06-20 17:00:00,1075.6624096238693,Amazon,Entertainment,IN,iOS
TXN04098,2026-06-20 18:00:00,72.5,Flipkart,Travel,IN,Android
TXN04099,2026-06-20 19:00:00,47.33,Uber,Food,IN,Android
TXN04100,2026-06-20 20:00:00,78.82,Flipkart,Food,IN,Android
TXN04101,2026-06-20 21:00:00,61.01,Uber,Entertainment,IN,Web
TXN04102,2026-06-20 22:00:00,32.92,Flipkart,Travel,IN,Web
TXN04103,2026-06-20 23:00:00,181.77,Reliance,Entertainment,IN,Android
TXN04104,2026-06-21 00:00:00,43.44,Flipkart,Travel,IN,Web
TXN04105,2026-06-21 01:00:00,90.4,Myntra,Travel,IN,Android
TXN04106,2026-06-21 02:00:00,11.34,Reliance,Shopping,IN,Android
TXN04107,2026-06-21 03:00:00,125.17,Swiggy,Travel,IN,iOS
TXN04108,2026-06-21 04:00:00,141.84,Amazon,Travel,IN,Android
TXN04109,2026-06-21 05:00:00,55.67,Amazon,Shopping,IN,Web
TXN04110,2026-06-21 06:00:00,78.51,Swiggy,Shopping,IN,Android
TXN04111,2026-06-21 07:00:00,78.49,Amazon,Travel,IN,iOS
TXN04112,2026-06-21 08:00:00,35.95,Other,Food,IN,Android
TXN04113,2026-06-21 09:00:00,77.92,Other,Bills,IN,Android
TXN04114,2026-06-21 10:00:00,32.28,Other,Travel,IN,Android
TXN04115,2026-06-21 11:00:00,36.76,Other,Travel,IN,Web
TXN04116,2026-06-21 12:00:00,113.58,Myntra,Shopping,IN,iOS
TXN04117,2026-06-21 13:00:00,102.88,Swiggy,Travel,IN,iOS
TXN04118,2026-06-21 14:00:00,34.5,Uber,Travel,IN,Android
TXN04119,2026-06-21 15:00:00,33.89,Flipkart,Travel,IN,Android
TXN04120,2026-06-21 16:00:00,35.89,Reliance,Food,IN,Android
TXN04121,2026-06-21 17:00:00,87.9,Uber,Shopping,IN,iOS
TXN04122,2026-06-21 18:00:00,28.5,Swiggy,Entertainment,IN,Android
TXN04123,2026-06-21 19:00:00,68.85,Myntra,Entertainment,IN,Android
TXN04124,2026-06-21 20:00:00,88.72,Swiggy,Entertainment,IN,iOS
TXN04125,2026-06-21 21:00:00,51.55,Swiggy,Food,IN,iOS
TXN04126,2026-06-21 22:00:00,105.27,Flipkart,Bills,IN,Android
TXN04127,2026-06-21 23:00:00,44.8,Amazon,Shopping,IN,Android
TXN04128,2026-06-22 00:00:00,47.51,Amazon,Entertainment,IN,Android
TXN04129,2026-06-22 01:00:00,28.93,Swiggy,Shopping,IN,iOS
TXN04130,2026-06-22 02:00:00,105.76,Other,Travel,IN,Android
TXN04131,2026-06-22 03:00:00,33.17,Flipkart,Entertainment,IN,iOS
TXN04132,2026-06-22 04:00:00,68.54,Myntra,Bills,IN,Android
TXN04133,2026-06-22 05:00:00,52.12,Swiggy,Entertainment,IN,Web
TXN04134,2026-06-22 06:00:00,27.54,Swiggy,Travel,IN,Web
TXN04135,2026-06-22 07:00:00,36.75,Flipkart,Shopping,IN,Android
TXN04136,2026-06-22 08:00:00,134.14,Uber,Shopping,IN,Android
TXN04137,2026-06-22 09:00:00,62.24,Myntra,Shopping,IN,Android
TXN04138,2026-06-22 10:00:00,28.33,Swiggy,Shopping,IN,iOS
TXN04139,2026-06-22 11:00:00,66.58,Uber,Travel,IN,Android
TXN04140,2026-06-22 12:00:00,49.65,Uber,Shopping,IN,iOS
TXN04141,2026-06-22 13:00:00,515.5,Flipkart,Shopping,IN,Android
TXN04142,2026-06-22 14:00:00,65.72,Myntra,Travel,IN,Android
TXN04143,2026-06-22 15:00:00,42.63,Uber,Bills,IN,iOS
TXN04144,2026-06-22 16:00:00,1980.6272851202682,Amazon,Bills,IN,iOS
TXN04145,2026-06-22 17:00:00,16.5,Uber,Shopping,IN,iOS
TXN04146,2026-06-22 18:00:00,58.05,Swiggy,Entertainment,IN,iOS
TXN04147,2026-06-22 19:00:00,1985.8812701872403,Reliance,Travel,IN,iOS
TXN04148,2026-06-22 20:00:00,50.63,Swiggy,Food,IN,Android
TXN04149,2026-06-22 21:00:00,17.7,Other,Food,IN,Web
TXN04150,2026-06-22 22:00:00,42.21,Myntra,Entertainment,IN,iOS
TXN04151,2026-06-22 23:00:00,140.53,Amazon,Travel,IN,Web
TXN04152,2026-06-23 00:00:00,69.72,Swiggy,Food,IN,Web
TXN04153,2026-06-23 01:00:00,31.65,Other,Travel,IN,Android
TXN04154,2026-06-23 02:00:00,34.97,Flipkart,Shopping,IN,iOS
TXN04155,2026-06-23 03:00:00,37.95,Myntra,Shopping,IN,iOS
TXN04156,2026-06-23 04:00:00,69.05,Reliance,Food,IN,Android
TXN04157,2026-06-23 05:00:00,130.3,Myntra,Food,IN,iOS
TXN04158,2026-06-23 06:00:00,108.21,Amazon,Food,IN,Android
TXN04159,2026-06-23 07:00:00,73.44,Swiggy,Shopping,IN,Android
TXN04160,2026-06-23 08:00:00,22.98,Swiggy,Bills,IN,Android
TXN04161,2026-06-23 09:00:00,23.03,Swiggy,Shopping,IN,iOS
TXN04162,2026-06-23 10:00:00,77.22,Other,Food,IN,iOS
TXN04163,2026-06-23 11:00:00,22.77,Amazon,Entertainment,IN,Android
TXN04164,2026-06-23 12:00:00,47.15,Uber,Shopping,IN,Android
TXN04165,2026-06-23 13:00:00,66.53,Other,Food,IN,iOS
TXN04166,2026-06-23 14:00:00,26.06,Other,Travel,IN,Android
TXN04167,2026-06-23 15:00:00,28.06,Myntra,Food,IN,Android
TXN04168,2026-06-23 16:00:00,51.36,Other,Food,IN,Android
TXN04169,2026-06-23 17:00:00,75.75,Swiggy,Shopping,IN,Web
TXN04170,2026-06-23 18:00:00,108.85,Myntra,Travel,IN,Android
TXN04171,2026-06-23 19:00:00,81.01,Uber,Bills,IN,iOS
TXN04172,2026-06-23 20:00:00,57.28,Amazon,Travel,IN,Web
TXN04173,2026-06-23 21:00:00,33.62,Amazon,Entertainment,IN,Android
TXN04174,2026-06-23 22:00:00,27.22,Other,Bills,IN,Web
TXN04175,2026-06-23 23:00:00,39.17,Flipkart,Bills,IN,Android
TXN04176,2026-06-24 00:00:00,71.27,Swiggy,Travel,IN,Android
TXN04177,2026-06-24 01:00:00,67.95,Myntra,Bills,IN,Android
TXN04178,2026-06-25 01:00:00,102.97653830258825,Myntra,Travel,IN,iOS
TXN04179,2026-06-24 03:00:00,32.76,Uber,Entertainment,IN,Web
TXN04180,2026-06-24 04:00:00,119.45,Other,Travel,IN,iOS
TXN04181,2026-06-24 05:00:00,57.48,Reliance,Travel,IN,iOS
TXN04182,2026-06-24 06:00:00,21.74,Other,Shopping,IN,Android
TXN04183,2026-06-24 07:00:00,252.47,Myntra,Entertainment,IN,Web
TXN04184,2026-06-24 15:00:00,284.35807270149,Other,Travel,IN,Android
TXN04185,2026-06-24 09:00:00,70.09,Myntra,Bills,IN,Android
TXN04186,2026-06-24 10:00:00,70.79,Uber,Bills,IN,Web
TXN04187,2026-06-24 11:00:00,42.99,Reliance,Shopping,IN,Android
TXN04188,2026-06-24 12:00:00,34.02,Other,Bills,IN,Android
TXN04189,2026-06-24 13:00:00,216.82,Amazon,Travel,IN,Android
TXN04190,2026-06-24 14:00:00,104.8,Other,Food,IN,Android
TXN04191,2026-06-24 15:00:00,93.15,Myntra,Food,IN,iOS
TXN04192,2026-06-24 16:00:00,79.41,Other,Bills,IN,Android
TXN04193,2026-06-24 17:00:00,28.44,Reliance,Shopping,IN,Web
TXN04194,2026-06-24 18:00:00,125.26,Other,Bills,IN,Android
TXN04195,2026-06-24 19:00:00,31.56,Flipkart,Entertainment,IN,iOS
TXN04196,2026-06-24 20:00:00,65.64,Flipkart,Shopping,IN,iOS
TXN04197,2026-06-24 21:00:00,18.81,Flipkart,Shopping,IN,iOS
TXN04198,2026-06-24 22:00:00,14.49,Flipkart,Shopping,IN,Android
TXN04199,2026-06-24 23:00:00,67.15,Flipkart,Bills,IN,iOS
TXN04200,2026-06-25 00:00:00,32.27,Uber,Entertainment,IN,iOS
TXN04201,2026-06-25 01:00:00,14.98,Flipkart,Entertainment,IN,Web
TXN04202,2026-06-25 02:00:00,77.59,Flipkart,Shopping,IN,Android
TXN04203,2026-06-25 03:00:00,216.6,Uber,Travel,IN,Android
TXN04204,2026-06-25 04:00:00,134.72,Reliance,Shopping,IN,iOS
TXN04205,2026-06-25 05:00:00,46.19,Amazon,Food,IN,Android
TXN04206,2026-06-25 06:00:00,54.91,Uber,Food,IN,Android
TXN04207,2026-06-25 07:00:00,97.22,Myntra,Bills,IN,Web
TXN04208,2026-06-25 08:00:00,113.23,Myntra,Entertainment,IN,Android
TXN04209,2026-06-25 09:00:00,567.4331884667645,Amazon,Entertainment,IN,Android
TXN04210,2026-06-25 10:00:00,55.82,Reliance,Shopping,IN,iOS
TXN04211,2026-06-25 11:00:00,66.38,Amazon,Food,IN,Android
TXN04212,2026-06-25 12:00:00,78.26,Flipkart,Food,IN,Android
TXN04213,2026-06-25 13:00:00,50.07,Swiggy,Food,IN,Android
TXN04214,2026-06-25 14:00:00,50.5,Reliance,Food,IN,Android
TXN04215,2026-06-25 15:00:00,133.87,Flipkart,Bills,IN,Android
TXN04216,2026-06-25 16:00:00,119.84,Reliance,Bills,IN,iOS
TXN04217,2026-06-25 17:00:00,74.46,Other,Entertainment,IN,Android
TXN04218,2026-06-25 18:00:00,166.9,Other,Bills,IN,Android
TXN04219,2026-06-25 19:00:00,42.47,Swiggy,Food,IN,iOS
TXN04220,2026-06-25 20:00:00,156.79,Amazon,Shopping,IN,Android
TXN04221,2026-06-25 21:00:00,77.68,Flipkart,Food,IN,Android
TXN04222,2026-06-25 22:00:00,457.68,Reliance,Bills,IN,Android
TXN04223,2026-06-25 23:00:00,25.15,Flipkart,Entertainment,IN,Android
TXN04224,2026-06-26 00:00:00,34.88,Myntra,Food,IN,Android
TXN04225,2026-06-26 01:00:00,71.68,Swiggy,Shopping,IN,Android
TXN04226,2026-06-26 02:00:00,70.68,Reliance,Shopping,IN,Web
TXN04227,2026-06-26 03:00:00,193.95,Myntra,Shopping,IN,Web
TXN04228,2026-06-26 04:00:00,35.36,Myntra,Bills,IN,Web
TXN04229,2026-06-26 05:00:00,98.32,Reliance,Travel,IN,Android
TXN04230,2026-06-26 06:00:00,116.23,Other,Bills,IN,iOS
TXN04231,2026-06-26 07:00:00,86.32,Swiggy,Shopping,IN,iOS
TXN04232,2026-06-26 08:00:00,29.23,Uber,Travel,IN,Android
TXN04233,2026-06-26 09:00:00,136.33,Myntra,Shopping,IN,Web
TXN04234,2026-06-26 10:00:00,121.4,Reliance,Food,IN,iOS
TXN04235,2026-06-26 11:00:00,80.62,Uber,Bills,IN,Android
TXN04236,2026-06-26 12:00:00,62.35,Swiggy,Food,IN,Web
TXN04237,2026-06-26 13:00:00,63.24,Reliance,Bills,IN,Android
TXN04238,2026-06-26 14:00:00,51.87,Other,Food,IN,Android
TXN04239,2026-06-26 15:00:00,82.81,Uber,Travel,IN,Android
TXN04240,2026-06-26 16:00:00,55.71,Amazon,Travel,IN,Android
TXN04241,2026-06-26 17:00:00,31.45,Swiggy,Food,IN,Web
TXN04242,2026-06-26 18:00:00,27.62,Uber,Shopping,IN,iOS
TXN04243,2026-06-26 19:00:00,33.49,Myntra,Travel,IN,Android
TXN04244,2026-06-26 20:00:00,63.08,Myntra,Entertainment,IN,iOS
TXN04245,2026-06-26 21:00:00,53.65,Reliance,Bills,IN,Web
TXN04246,2026-06-26 22:00:00,62.8,Amazon,Bills,IN,Web
TXN04247,2026-06-26 23:00:00,75.61,Uber,Entertainment,IN,Web
TXN04248,2026-06-27 00:00:00,36.32,Myntra,Shopping,IN,Web
TXN04249,2026-06-27 01:00:00,141.55,Other,Bills,IN,iOS
TXN04250,2026-06-27 02:00:00,45.88,Amazon,Food,IN,Android
TXN04251,2026-06-27 03:00:00,41.19,Other,Bills,IN,Web
TXN04252,2026-06-27 04:00:00,74.71,Amazon,Entertainment,IN,Android
TXN04253,2026-06-27 05:00:00,16.55,Flipkart,Entertainment,IN,Android
TXN04254,2026-06-27 06:00:00,32.66,Reliance,Travel,IN,Android
TXN04255,2026-06-27 07:00:00,103.31,Reliance,Entertainment,IN,Android
TXN04256,2026-06-27 08:00:00,17.65,Other,Bills,IN,iOS
TXN04257,2026-06-27 09:00:00,112.89,Myntra,Shopping,IN,Web
TXN04258,2026-06-27 10:00:00,145.8,Myntra,Food,IN,Android
TXN04259,2026-06-27 11:00:00,42.94,Uber,Entertainment,IN,iOS
TXN04260,2026-06-27 12:00:00,66.0,Uber,Entertainment,IN,Android
TXN04261,2026-06-27 13:00:00,113.0,Uber,Entertainment,IN,iOS
TXN04262,2026-06-27 14:00:00,40.31,Swiggy,Food,IN,Android
TXN04263,2026-06-27 15:00:00,95.97,Reliance,Food,IN,Android
TXN04264,2026-06-27 16:00:00,35.3,Swiggy,Entertainment,IN,iOS
TXN04265,2026-06-27 17:00:00,40.03,Myntra,Shopping,IN,Android
TXN04266,2026-06-27 18:00:00,32.47,Myntra,Entertainment,IN,Android
TXN04267,2026-06-27 19:00:00,68.22,Uber,Bills,IN,Android
TXN04268,2026-06-27 20:00:00,115.89,Myntra,Bills,IN,Android
TXN04269,2026-06-27 21:00:00,48.44,Amazon,Travel,IN,iOS
TXN04270,2026-06-27 22:00:00,23.9,Swiggy,Entertainment,IN,Android
TXN04271,2026-06-27 23:00:00,27.01,Uber,Bills,IN,Android
TXN04272,2026-06-28 00:00:00,70.56,Swiggy,Shopping,IN,Web
TXN04273,2026-06-28 01:00:00,181.03,Other,Travel,IN,iOS
TXN04274,2026-06-28 02:00:00,70.52,Other,Entertainment,IN,Android
TXN04275,2026-06-28 03:00:00,42.46,Myntra,Shopping,IN,iOS
TXN04276,2026-06-28 04:00:00,89.84,Swiggy,Bills,IN,Android
TXN04277,2026-06-28 05:00:00,46.73,Amazon,Food,IN,Android
TXN04278,2026-06-28 06:00:00,42.7,Reliance,Travel,IN,iOS
TXN04279,2026-06-28 07:00:00,29.28,Other,Entertainment,IN,Android
TXN04280,2026-06-28 08:00:00,136.39,Uber,Travel,IN,Android
TXN04281,2026-06-28 09:00:00,10.48,Reliance,Shopping,IN,Web
TXN04282,2026-06-28 10:00:00,91.71,Other,Shopping,IN,iOS
TXN04283,2026-06-28 11:00:00,40.39,Uber,Bills,IN,Web
TXN04284,2026-06-28 12:00:00,41.82,Flipkart,Entertainment,IN,Web
TXN04285,2026-06-28 13:00:00,164.02,Amazon,Food,IN,Android
TXN04286,2026-06-28 14:00:00,34.32,Reliance,Entertainment,IN,iOS
TXN04287,2026-06-28 15:00:00,35.09,Uber,Travel,IN,Android
TXN04288,2026-06-28 16:00:00,50.16,Flipkart,Shopping,IN,iOS
TXN04289,2026-06-28 17:00:00,71.45,Amazon,Travel,IN,Android
TXN04290,2026-06-28 18:00:00,40.97,Other,Entertainment,IN,Android
TXN04291,2026-06-28 19:00:00,19.63,Swiggy,Food,IN,Android
TXN04292,2026-06-28 20:00:00,31.1,Swiggy,Entertainment,IN,iOS
TXN04293,2026-06-28 21:00:00,125.57,Myntra,Bills,IN,Android
TXN04294,2026-06-28 22:00:00,57.32,Swiggy,Food,IN,iOS
TXN04295,2026-06-28 23:00:00,73.2,Other,Bills,IN,Web
TXN04296,2026-06-29 00:00:00,46.07,Myntra,Travel,IN,iOS
TXN04297,2026-06-29 01:00:00,35.56,Swiggy,Shopping,IN,Android
TXN04298,2026-06-29 02:00:00,162.46,Flipkart,Entertainment,IN,Android
TXN04299,2026-06-29 03:00:00,48.31,Other,Food,IN,Web
TXN04300,2026-06-29 04:00:00,40.93,Myntra,Travel,IN,iOS
TXN04301,2026-06-29 05:00:00,111.33,Other,Bills,IN,Android
TXN04302,2026-06-29 06:00:00,34.14,Swiggy,Shopping,IN,Web
TXN04303,2026-06-29 07:00:00,37.09,Amazon,Bills,IN,Android
TXN04304,2026-06-29 08:00:00,54.96,Other,Food,IN,Android
TXN04305,2026-06-29 09:00:00,54.61,Flipkart,Travel,IN,Android
TXN04306,2026-06-29 10:00:00,64.63,Reliance,Travel,IN,Android
TXN04307,2026-06-30 01:00:00,2944.285208211545,Myntra,Bills,IN,Android
TXN04308,2026-06-29 12:00:00,67.94,Flipkart,Shopping,IN,iOS
TXN04309,2026-06-29 13:00:00,11.64,Reliance,Shopping,IN,Android
TXN04310,2026-06-29 14:00:00,67.5,Amazon,Travel,IN,iOS
TXN04311,2026-06-29 15:00:00,55.96,Swiggy,Shopping,IN,iOS
TXN04312,2026-06-29 16:00:00,56.16,Swiggy,Food,IN,Web
TXN04313,2026-06-29 17:00:00,64.06,Myntra,Bills,IN,Android
TXN04314,2026-06-29 18:00:00,53.59,Uber,Entertainment,IN,iOS
TXN04315,2026-06-29 19:00:00,52.76,Myntra,Bills,IN,Android
TXN04316,2026-06-29 20:00:00,81.33,Uber,Food,IN,iOS
TXN04317,2026-06-29 21:00:00,38.38,Reliance,Entertainment,IN,Android
TXN04318,2026-06-29 22:00:00,29.49,Flipkart,Travel,IN,iOS
TXN04319,2026-06-29 23:00:00,389.73,Reliance,Shopping,IN,Android
TXN04320,2026-06-30 00:00:00,34.28,Amazon,Bills,IN,iOS
TXN04321,2026-06-30 01:00:00,58.27,Amazon,Travel,IN,Android
TXN04322,2026-06-30 02:00:00,20.65,Reliance,Food,IN,Android
TXN04323,2026-06-30 03:00:00,58.89,Flipkart,Bills,IN,iOS
TXN04324,2026-06-30 04:00:00,29.77,Reliance,Bills,IN,Android
TXN04325,2026-06-30 05:00:00,40.95,Amazon,Food,IN,iOS
TXN04326,2026-06-30 06:00:00,107.69,Flipkart,Shopping,IN,iOS
TXN04327,2026-06-30 07:00:00,74.2,Other,Travel,IN,iOS
TXN04328,2026-06-30 08:00:00,79.0,Flipkart,Shopping,IN,iOS
TXN04329,2026-06-30 09:00:00,17.27,Other,Bills,IN,iOS
TXN04330,2026-06-30 10:00:00,180.18,Swiggy,Travel,IN,Web
TXN04331,2026-06-30 11:00:00,25.16,Reliance,Food,IN,Android
TXN04332,2026-06-30 12:00:00,147.46,Other,Travel,IN,iOS
TXN04333,2026-06-30 13:00:00,106.06,Amazon,Food,IN,iOS
TXN04334,2026-06-30 14:00:00,79.46,Swiggy,Food,IN,Android
TXN04335,2026-06-30 15:00:00,31.32,Myntra,Food,IN,Android
TXN04336,2026-06-30 16:00:00,60.25,Other,Bills,IN,Android
TXN04337,2026-06-30 17:00:00,40.2,Flipkart,Entertainment,IN,iOS
TXN04338,2026-06-30 18:00:00,55.64,Flipkart,Bills,IN,Android
TXN04339,2026-06-30 19:00:00,46.41,Swiggy,Food,IN,iOS
TXN04340,2026-06-30 20:00:00,14.51,Flipkart,Entertainment,IN,iOS
TXN04341,2026-06-30 21:00:00,113.2,Flipkart,Shopping,IN,iOS
TXN04342,2026-06-30 22:00:00,51.79,Amazon,Food,IN,Android
TXN04343,2026-06-30 23:00:00,39.84,Reliance,Shopping,IN,iOS
TXN04344,2026-07-01 00:00:00,37.93,Reliance,Entertainment,IN,iOS
TXN04345,2026-07-01 01:00:00,68.92,Flipkart,Shopping,IN,Android
TXN04346,2026-07-01 02:00:00,30.54,Uber,Travel,IN,Android
TXN04347,2026-07-01 03:00:00,12.61,Myntra,Shopping,IN,Android
TXN04348,2026-07-01 04:00:00,71.14,Myntra,Food,IN,Web
TXN04349,2026-07-01 05:00:00,76.51,Other,Bills,IN,Android
TXN04350,2026-07-01 06:00:00,47.95,Myntra,Entertainment,IN,Android
TXN04351,2026-07-01 07:00:00,25.89,Myntra,Shopping,IN,Android
TXN04352,2026-07-01 08:00:00,57.85,Amazon,Shopping,IN,Android
TXN04353,2026-07-01 09:00:00,21.07,Amazon,Food,IN,Android
TXN04354,2026-07-01 10:00:00,28.0,Myntra,Entertainment,IN,iOS
TXN04355,2026-07-01 11:00:00,33.52,Other,Shopping,IN,Android
TXN04356,2026-07-01 12:00:00,94.5,Swiggy,Shopping,IN,iOS
TXN04357,2026-07-01 13:00:00,43.13,Myntra,Travel,IN,Android
TXN04358,2026-07-01 14:00:00,40.81,Flipkart,Food,IN,Android
TXN04359,2026-07-01 15:00:00,194.52,Uber,Shopping,IN,iOS
TXN04360,2026-07-01 16:00:00,68.66,Reliance,Travel,IN,iOS
TXN04361,2026-07-01 17:00:00,68.06,Myntra,Bills,IN,Web
TXN04362,2026-07-01 18:00:00,42.94,Amazon,Shopping,IN,Android
TXN04363,2026-07-01 19:00:00,37.05,Other,Bills,IN,Android
TXN04364,2026-07-01 20:00:00,13.18,Other,Shopping,IN,iOS
TXN04365,2026-07-01 21:00:00,102.48,Uber,Bills,IN,Android
TXN04366,2026-07-01 22:00:00,73.07,Swiggy,Food,IN,iOS
TXN04367,2026-07-01 23:00:00,48.6,Uber,Food,IN,Android
TXN04368,2026-07-02 00:00:00,49.94,Reliance,Shopping,IN,Android
TXN04369,2026-07-02 01:00:00,88.1,Uber,Entertainment,IN,iOS
TXN04370,2026-07-02 02:00:00,19.87,Amazon,Travel,IN,iOS
TXN04371,2026-07-02 03:00:00,37.21,Amazon,Bills,IN,Web
TXN04372,2026-07-02 04:00:00,26.09,Reliance,Food,IN,Web
TXN04373,2026-07-02 05:00:00,172.69,Reliance,Shopping,IN,Android
TXN04374,2026-07-02 06:00:00,96.46,Reliance,Shopping,IN,iOS
TXN04375,2026-07-02 07:00:00,13.04,Amazon,Travel,IN,Web
TXN04376,2026-07-02 08:00:00,20.41,Flipkart,Food,IN,Android
TXN04377,2026-07-02 09:00:00,50.1,Swiggy,Bills,IN,Android
TXN04378,2026-07-02 10:00:00,40.16,Flipkart,Bills,IN,Web
TXN04379,2026-07-02 11:00:00,23.08,Swiggy,Food,IN,Android
TXN04380,2026-07-02 12:00:00,193.27,Uber,Travel,IN,Web
TXN04381,2026-07-02 13:00:00,66.9,Flipkart,Food,IN,Android
TXN04382,2026-07-02 14:00:00,74.34,Amazon,Bills,IN,Web
TXN04383,2026-07-02 15:00:00,34.82,Swiggy,Bills,IN,iOS
TXN04384,2026-07-02 16:00:00,87.31,Reliance,Bills,IN,iOS
TXN04385,2026-07-02 17:00:00,42.64,Myntra,Shopping,IN,iOS
TXN04386,2026-07-02 18:00:00,45.41,Swiggy,Food,IN,Android
TXN04387,2026-07-02 19:00:00,81.22,Swiggy,Entertainment,IN,iOS
TXN04388,2026-07-02 20:00:00,18.94,Myntra,Food,IN,Web
TXN04389,2026-07-02 21:00:00,154.17,Flipkart,Shopping,IN,Web
TXN04390,2026-07-02 22:00:00,61.47,Reliance,Shopping,IN,Web
TXN04391,2026-07-02 23:00:00,125.54,Other,Shopping,IN,iOS
TXN04392,2026-07-03 00:00:00,27.14,Amazon,Bills,IN,iOS
TXN04393,2026-07-03 01:00:00,29.96,Other,Shopping,IN,iOS
TXN04394,2026-07-03 02:00:00,25.66,Amazon,Travel,IN,iOS
TXN04395,2026-07-03 03:00:00,852.1531600124623,Uber,Food,IN,iOS
TXN04396,2026-07-03 04:00:00,56.99,Myntra,Shopping,IN,Android
TXN04397,2026-07-03 05:00:00,40.37,Swiggy,Entertainment,IN,Android
TXN04398,2026-07-03 06:00:00,28.24,Flipkart,Bills,IN,iOS
TXN04399,2026-07-03 07:00:00,23.97,Amazon,Entertainment,IN,Android
TXN04400,2026-07-03 08:00:00,52.9,Reliance,Entertainment,IN,Android
TXN04401,2026-07-03 09:00:00,40.34,Amazon,Entertainment,IN,Android
TXN04402,2026-07-03 10:00:00,34.97,Uber,Bills,IN,iOS
TXN04403,2026-07-03 11:00:00,149.25,Swiggy,Travel,IN,Web
TXN04404,2026-07-03 12:00:00,51.75,Other,Bills,IN,iOS
TXN04405,2026-07-03 13:00:00,124.65,Other,Travel,IN,Web
TXN04406,2026-07-03 14:00:00,38.61,Reliance,Shopping,IN,Web
TXN04407,2026-07-03 15:00:00,64.01,Reliance,Food,IN,Android
TXN04408,2026-07-03 16:00:00,52.66,Uber,Travel,IN,Android
TXN04409,2026-07-03 17:00:00,18.11,Swiggy,Shopping,IN,Android
TXN04410,2026-07-03 18:00:00,138.16,Flipkart,Entertainment,IN,Android
TXN04411,2026-07-03 19:00:00,50.01,Other,Entertainment,IN,iOS
TXN04412,2026-07-03 20:00:00,88.69,Swiggy,Travel,IN,Android
TXN04413,2026-07-03 21:00:00,33.49,Uber,Travel,IN,Web
TXN04414,2026-07-03 22:00:00,49.05,Amazon,Entertainment,IN,iOS
TXN04415,2026-07-03 23:00:00,31.08,Flipkart,Travel,IN,Android
TXN04416,2026-07-04 00:00:00,121.92,Myntra,Bills,IN,Web
TXN04417,2026-07-04 01:00:00,66.85,Swiggy,Travel,IN,Web
TXN04418,2026-07-04 02:00:00,69.31,Myntra,Food,IN,iOS
TXN04419,2026-07-04 03:00:00,132.0,Flipkart,Bills,IN,iOS
TXN04420,2026-07-04 04:00:00,115.77,Amazon,Shopping,IN,Web
TXN04421,2026-07-04 05:00:00,89.79,Other,Food,IN,iOS
TXN04422,2026-07-04 06:00:00,21.67,Uber,Bills,IN,Web
TXN04423,2026-07-04 07:00:00,34.74,Swiggy,Bills,IN,Android
TXN04424,2026-07-04 08:00:00,28.43,Swiggy,Entertainment,IN,iOS
TXN04425,2026-07-04 09:00:00,87.61,Myntra,Bills,IN,Android
TXN04426,2026-07-04 10:00:00,61.0,Uber,Shopping,IN,Android
TXN04427,2026-07-04 11:00:00,22.11,Swiggy,Entertainment,IN,Android
TXN04428,2026-07-04 12:00:00,48.29,Other,Travel,IN,Android
TXN04429,2026-07-04 13:00:00,20.67,Other,Shopping,IN,Android
TXN04430,2026-07-04 14:00:00,52.74,Flipkart,Travel,IN,Android
TXN04431,2026-07-04 15:00:00,18.62,Myntra,Shopping,IN,Android
TXN04432,2026-07-04 16:00:00,76.99,Other,Travel,IN,iOS
TXN04433,2026-07-04 17:00:00,69.8,Uber,Travel,IN,iOS
TXN04434,2026-07-04 18:00:00,188.7,Amazon,Shopping,IN,iOS
TXN04435,2026-07-04 19:00:00,94.74,Amazon,Entertainment,IN,Android
TXN04436,2026-07-04 20:00:00,41.48,Myntra,Travel,IN,iOS
TXN04437,2026-07-04 21:00:00,92.92,Other,Entertainment,IN,Android
TXN04438,2026-07-04 22:00:00,22.01,Amazon,Travel,IN,Android
TXN04439,2026-07-04 23:00:00,29.21,Uber,Travel,IN,Android
TXN04440,2026-07-05 00:00:00,67.8,Uber,Entertainment,IN,Web
TXN04441,2026-07-05 01:00:00,13.43,Flipkart,Food,IN,Web
TXN04442,2026-07-05 02:00:00,53.3,Myntra,Entertainment,IN,iOS
TXN04443,2026-07-05 03:00:00,28.13,Other,Shopping,IN,iOS
TXN04444,2026-07-05 04:00:00,58.31,Flipkart,Entertainment,IN,Android
TXN04445,2026-07-05 05:00:00,27.1,Amazon,Bills,IN,iOS
TXN04446,2026-07-05 06:00:00,71.93,Swiggy,Travel,IN,Android
TXN04447,2026-07-05 07:00:00,55.29,Swiggy,Food,IN,Android
TXN04448,2026-07-05 08:00:00,135.67,Reliance,Travel,IN,Web
TXN04449,2026-07-05 09:00:00,54.84,Uber,Travel,IN,Web
TXN04450,2026-07-05 10:00:00,33.13,Amazon,Entertainment,IN,Android
TXN04451,2026-07-05 11:00:00,46.5,Swiggy,Entertainment,IN,Android
TXN04452,2026-07-05 12:00:00,22.79,Reliance,Travel,IN,Android
TXN04453,2026-07-05 13:00:00,71.09,Uber,Food,IN,Android
TXN04454,2026-07-05 14:00:00,80.11,Uber,Food,IN,Android
TXN04455,2026-07-05 15:00:00,271.78,Flipkart,Food,IN,iOS
TXN04456,2026-07-05 16:00:00,36.45,Swiggy,Shopping,IN,Android
TXN04457,2026-07-05 20:00:00,579.4990688152022,Amazon,Shopping,IN,Android
TXN04458,2026-07-05 18:00:00,37.55,Amazon,Bills,IN,Android
TXN04459,2026-07-05 19:00:00,62.67,Amazon,Food,IN,iOS
TXN04460,2026-07-05 20:00:00,69.97,Myntra,Travel,IN,Android
TXN04461,2026-07-05 21:00:00,52.74,Flipkart,Bills,IN,Android
TXN04462,2026-07-05 22:00:00,110.62,Myntra,Bills,IN,iOS
TXN04463,2026-07-05 23:00:00,36.56,Other,Food,IN,iOS
TXN04464,2026-07-06 00:00:00,103.65,Myntra,Bills,IN,Android
TXN04465,2026-07-06 01:00:00,77.48,Myntra,Shopping,IN,iOS
TXN04466,2026-07-06 02:00:00,54.17,Amazon,Travel,IN,Android
TXN04467,2026-07-06 03:00:00,44.49,Uber,Shopping,IN,iOS
TXN04468,2026-07-06 04:00:00,264.37,Other,Travel,IN,Android
TXN04469,2026-07-06 05:00:00,32.1,Swiggy,Shopping,IN,Web
TXN04470,2026-07-06 06:00:00,66.26,Reliance,Entertainment,IN,Web
TXN04471,2026-07-06 07:00:00,33.53,Myntra,Bills,IN,iOS
TXN04472,2026-07-06 08:00:00,174.28,Flipkart,Food,IN,Web
TXN04473,2026-07-06 09:00:00,97.17,Amazon,Bills,IN,Android
TXN04474,2026-07-06 10:00:00,35.13,Amazon,Food,IN,iOS
TXN04475,2026-07-06 11:00:00,76.19,Flipkart,Travel,IN,Android
TXN04476,2026-07-06 12:00:00,64.55,Swiggy,Shopping,IN,Android
TXN04477,2026-07-06 13:00:00,39.02,Myntra,Travel,IN,Android
TXN04478,2026-07-06 14:00:00,89.37,Myntra,Shopping,IN,iOS
TXN04479,2026-07-06 15:00:00,70.32,Uber,Shopping,IN,iOS
TXN04480,2026-07-06 16:00:00,62.82,Reliance,Travel,IN,Web
TXN04481,2026-07-06 17:00:00,53.13,Reliance,Travel,IN,iOS
TXN04482,2026-07-06 18:00:00,72.25,Myntra,Food,IN,Web
TXN04483,2026-07-06 19:00:00,63.38,Other,Shopping,IN,Web
TXN04484,2026-07-06 20:00:00,56.74,Swiggy,Travel,IN,iOS
TXN04485,2026-07-06 21:00:00,35.99,Reliance,Entertainment,IN,Android
TXN04486,2026-07-06 22:00:00,164.18,Swiggy,Bills,IN,Android
TXN04487,2026-07-06 23:00:00,27.58,Flipkart,Shopping,IN,iOS
TXN04488,2026-07-07 00:00:00,72.09,Flipkart,Entertainment,IN,Web
TXN04489,2026-07-07 01:00:00,44.34,Amazon,Travel,IN,Android
TXN04490,2026-07-07 02:00:00,171.35,Other,Travel,IN,Android
TXN04491,2026-07-07 03:00:00,30.35,Flipkart,Shopping,IN,Android
TXN04492,2026-07-07 04:00:00,33.85,Reliance,Food,IN,Android
TXN04493,2026-07-07 05:00:00,29.07,Reliance,Bills,IN,iOS
TXN04494,2026-07-07 06:00:00,67.37,Uber,Food,IN,Android
TXN04495,2026-07-07 07:00:00,22.37,Other,Shopping,IN,Android
TXN04496,2026-07-07 08:00:00,40.0,Other,Shopping,IN,iOS
TXN04497,2026-07-07 09:00:00,13.48,Other,Entertainment,IN,Android
TXN04498,2026-07-07 10:00:00,63.83,Uber,Entertainment,IN,Android
TXN04499,2026-07-07 11:00:00,39.44,Swiggy,Shopping,IN,iOS
TXN04500,2026-07-07 12:00:00,20.75,Amazon,Entertainment,IN,Android
TXN04501,2026-07-07 13:00:00,110.57,Reliance,Entertainment,IN,Web
TXN04502,2026-07-07 14:00:00,23.34,Other,Food,IN,iOS
TXN04503,2026-07-07 15:00:00,91.65,Uber,Bills,IN,Web
TXN04504,2026-07-07 16:00:00,34.62,Amazon,Food,IN,Android
TXN04505,2026-07-07 17:00:00,154.63,Reliance,Food,IN,iOS
TXN04506,2026-07-07 18:00:00,88.87,Swiggy,Bills,IN,iOS
TXN04507,2026-07-07 19:00:00,28.35,Uber,Food,IN,iOS
TXN04508,2026-07-07 20:00:00,30.08,Myntra,Food,IN,Android
TXN04509,2026-07-07 21:00:00,80.93,Flipkart,Food,IN,Android
TXN04510,2026-07-07 22:00:00,46.04,Amazon,Shopping,IN,Android
TXN04511,2026-07-07 23:00:00,48.91,Amazon,Entertainment,IN,iOS
TXN04512,2026-07-08 00:00:00,124.83,Other,Bills,IN,iOS
TXN04513,2026-07-08 01:00:00,33.56,Other,Entertainment,IN,Android
TXN04514,2026-07-08 02:00:00,57.94,Swiggy,Travel,IN,iOS
TXN04515,2026-07-08 03:00:00,101.55,Swiggy,Shopping,IN,iOS
TXN04516,2026-07-08 04:00:00,92.38,Swiggy,Food,IN,iOS
TXN04517,2026-07-08 05:00:00,49.22,Swiggy,Food,IN,Android
TXN04518,2026-07-08 06:00:00,582.0764730334758,Uber,Entertainment,IN,Web
TXN04519,2026-07-08 07:00:00,17.63,Swiggy,Food,IN,iOS
TXN04520,2026-07-08 08:00:00,27.48,Myntra,Bills,IN,iOS
TXN04521,2026-07-08 09:00:00,67.15,Swiggy,Shopping,IN,iOS
TXN04522,2026-07-08 10:00:00,49.92,Myntra,Entertainment,IN,iOS
TXN04523,2026-07-08 11:00:00,57.32,Other,Bills,IN,Android
TXN04524,2026-07-08 12:00:00,107.29,Flipkart,Travel,IN,Web
TXN04525,2026-07-08 13:00:00,25.24,Amazon,Food,IN,Android
TXN04526,2026-07-08 14:00:00,46.83,Uber,Food,IN,iOS
TXN04527,2026-07-08 15:00:00,61.72,Amazon,Food,IN,Web
TXN04528,2026-07-08 16:00:00,34.55,Flipkart,Travel,IN,iOS
TXN04529,2026-07-08 17:00:00,138.44,Reliance,Entertainment,IN,iOS
TXN04530,2026-07-08 18:00:00,98.55,Swiggy,Food,IN,Android
TXN04531,2026-07-08 19:00:00,65.93,Uber,Bills,IN,Android
TXN04532,2026-07-08 20:00:00,175.26,Reliance,Travel,IN,iOS
TXN04533,2026-07-08 21:00:00,20.61,Amazon,Bills,IN,Android
TXN04534,2026-07-08 22:00:00,54.32,Uber,Bills,IN,Android
TXN04535,2026-07-08 23:00:00,69.28,Amazon,Shopping,IN,Web
TXN04536,2026-07-09 00:00:00,30.13,Uber,Shopping,IN,Android
TXN04537,2026-07-09 01:00:00,66.38,Flipkart,Entertainment,IN,Android
TXN04538,2026-07-09 02:00:00,26.59,Other,Shopping,IN,Android
TXN04539,2026-07-09 03:00:00,85.53,Flipkart,Travel,IN,iOS
TXN04540,2026-07-09 04:00:00,108.59,Flipkart,Bills,IN,Android
TXN04541,2026-07-09 05:00:00,65.17,Amazon,Travel,IN,iOS
TXN04542,2026-07-09 06:00:00,16.37,Amazon,Shopping,IN,Android
TXN04543,2026-07-09 07:00:00,29.12,Flipkart,Shopping,IN,Android
TXN04544,2026-07-09 08:00:00,78.81,Flipkart,Bills,IN,Android
TXN04545,2026-07-09 09:00:00,55.36,Reliance,Entertainment,IN,Android
TXN04546,2026-07-09 10:00:00,9.48,Other,Food,IN,iOS
TXN04547,2026-07-09 11:00:00,122.47,Reliance,Travel,IN,Android
TXN04548,2026-07-09 12:00:00,59.67,Other,Entertainment,IN,Android
TXN04549,2026-07-09 13:00:00,32.06,Other,Entertainment,IN,Android
TXN04550,2026-07-09 14:00:00,104.24,Uber,Travel,IN,Android
TXN04551,2026-07-09 15:00:00,35.15,Swiggy,Bills,IN,Android
TXN04552,2026-07-09 16:00:00,34.9,Myntra,Entertainment,IN,Android
TXN04553,2026-07-09 17:00:00,68.92,Swiggy,Bills,IN,Web
TXN04554,2026-07-09 18:00:00,173.76,Myntra,Travel,IN,Android
TXN04555,2026-07-09 19:00:00,156.86,Other,Bills,IN,iOS
TXN04556,2026-07-09 20:00:00,68.98,Flipkart,Food,IN,iOS
TXN04557,2026-07-09 21:00:00,73.74,Reliance,Entertainment,IN,Android
TXN04558,2026-07-09 22:00:00,91.33,Other,Shopping,IN,iOS
TXN04559,2026-07-09 23:00:00,24.12,Uber,Food,IN,Web
TXN04560,2026-07-10 00:00:00,82.99,Swiggy,Food,IN,iOS
TXN04561,2026-07-10 01:00:00,33.88,Flipkart,Food,IN,Web
TXN04562,2026-07-10 02:00:00,67.16,Flipkart,Travel,IN,iOS
TXN04563,2026-07-10 03:00:00,47.09,Swiggy,Bills,IN,Android
TXN04564,2026-07-10 04:00:00,75.62,Reliance,Entertainment,IN,Web
TXN04565,2026-07-10 05:00:00,58.95,Uber,Travel,IN,Android
TXN04566,2026-07-10 06:00:00,7.41,Flipkart,Bills,IN,iOS
TXN04567,2026-07-10 07:00:00,61.33,Uber,Travel,IN,iOS
TXN04568,2026-07-10 08:00:00,82.88,Reliance,Shopping,IN,Web
TXN04569,2026-07-10 09:00:00,72.96,Amazon,Bills,IN,Web
TXN04570,2026-07-10 10:00:00,51.08,Amazon,Shopping,IN,Android
TXN04571,2026-07-10 11:00:00,158.76,Other,Travel,IN,iOS
TXN04572,2026-07-10 12:00:00,66.85,Reliance,Entertainment,IN,Android
TXN04573,2026-07-10 13:00:00,72.57,Myntra,Bills,IN,iOS
TXN04574,2026-07-10 14:00:00,107.65,Other,Travel,IN,iOS
TXN04575,2026-07-10 15:00:00,69.11,Myntra,Food,IN,Android
TXN04576,2026-07-10 16:00:00,30.46,Uber,Entertainment,IN,iOS
TXN04577,2026-07-10 17:00:00,11.19,Flipkart,Entertainment,IN,Android
TXN04578,2026-07-10 18:00:00,40.04,Reliance,Food,IN,Android
TXN04579,2026-07-10 19:00:00,89.53,Reliance,Shopping,IN,Web
TXN04580,2026-07-10 20:00:00,43.4,Swiggy,Travel,IN,iOS
TXN04581,2026-07-10 21:00:00,91.91,Reliance,Bills,IN,iOS
TXN04582,2026-07-10 22:00:00,60.14,Reliance,Entertainment,IN,Android
TXN04583,2026-07-10 23:00:00,126.12,Amazon,Entertainment,IN,Android
TXN04584,2026-07-11 00:00:00,45.07,Flipkart,Food,IN,Android
TXN04585,2026-07-11 01:00:00,73.99,Myntra,Food,IN,Android
TXN04586,2026-07-11 02:00:00,75.86,Myntra,Entertainment,IN,Android
TXN04587,2026-07-11 03:00:00,144.9,Myntra,Food,IN,Android
TXN04588,2026-07-11 04:00:00,265.2093676500095,Swiggy,Travel,IN,iOS
TXN04589,2026-07-11 05:00:00,40.53,Reliance,Food,IN,Android
TXN04590,2026-07-11 06:00:00,94.78,Uber,Food,IN,iOS
TXN04591,2026-07-11 07:00:00,149.13,Flipkart,Travel,IN,Web
TXN04592,2026-07-11 08:00:00,63.82,Amazon,Food,IN,Android
TXN04593,2026-07-11 09:00:00,45.14,Other,Travel,IN,iOS
TXN04594,2026-07-11 10:00:00,89.31,Myntra,Food,IN,Android
TXN04595,2026-07-11 11:00:00,96.03,Uber,Shopping,IN,Android
TXN04596,2026-07-11 12:00:00,43.22,Flipkart,Bills,IN,iOS
TXN04597,2026-07-11 13:00:00,67.67,Amazon,Entertainment,IN,Android
TXN04598,2026-07-11 14:00:00,117.61,Flipkart,Travel,IN,Android
TXN04599,2026-07-11 15:00:00,186.57,Amazon,Food,IN,Web
TXN04600,2026-07-11 16:00:00,88.47,Uber,Bills,IN,Android
TXN04601,2026-07-11 17:00:00,56.19,Flipkart,Travel,IN,iOS
TXN04602,2026-07-11 18:00:00,52.71,Amazon,Travel,IN,iOS
TXN04603,2026-07-11 19:00:00,78.44,Flipkart,Travel,IN,Android
TXN04604,2026-07-11 20:00:00,50.64,Myntra,Bills,IN,iOS
TXN04605,2026-07-11 21:00:00,61.76,Uber,Shopping,IN,Android
TXN04606,2026-07-11 22:00:00,27.45,Flipkart,Shopping,IN,Android
TXN04607,2026-07-11 23:00:00,126.86,Reliance,Shopping,IN,Web
TXN04608,2026-07-12 00:00:00,26.02,Uber,Shopping,IN,Android
TXN04609,2026-07-12 01:00:00,41.23,Flipkart,Entertainment,IN,iOS
TXN04610,2026-07-12 02:00:00,58.17,Myntra,Bills,IN,Android
TXN04611,2026-07-12 03:00:00,199.17,Other,Bills,IN,Android
TXN04612,2026-07-12 04:00:00,41.48,Uber,Bills,IN,iOS
TXN04613,2026-07-12 05:00:00,35.41,Flipkart,Shopping,IN,iOS
TXN04614,2026-07-12 06:00:00,38.17,Swiggy,Food,IN,Android
TXN04615,2026-07-12 07:00:00,160.5,Myntra,Bills,IN,iOS
TXN04616,2026-07-12 08:00:00,8.78,Other,Travel,IN,Android
TXN04617,2026-07-12 09:00:00,28.45,Other,Travel,IN,Android
TXN04618,2026-07-12 10:00:00,322.25,Other,Bills,IN,iOS
TXN04619,2026-07-12 11:00:00,80.16,Reliance,Shopping,IN,iOS
TXN04620,2026-07-12 12:00:00,26.61,Myntra,Bills,IN,Android
TXN04621,2026-07-12 13:00:00,53.13,Myntra,Bills,IN,iOS
TXN04622,2026-07-12 14:00:00,57.05,Reliance,Travel,IN,Android
TXN04623,2026-07-12 15:00:00,94.63,Reliance,Travel,IN,Web
TXN04624,2026-07-12 16:00:00,180.49,Myntra,Shopping,IN,iOS
TXN04625,2026-07-12 17:00:00,70.29,Amazon,Food,IN,Android
TXN04626,2026-07-12 18:00:00,38.44,Other,Food,IN,Android
TXN04627,2026-07-12 19:00:00,91.07,Amazon,Entertainment,IN,Web
TXN04628,2026-07-12 20:00:00,34.68,Swiggy,Shopping,IN,Web
TXN04629,2026-07-12 21:00:00,27.89,Uber,Food,IN,Android
TXN04630,2026-07-12 22:00:00,17.39,Other,Shopping,IN,Android
TXN04631,2026-07-12 23:00:00,19.74,Amazon,Food,IN,Android
TXN04632,2026-07-13 18:00:00,216.65266298784584,Uber,Shopping,IN,Web
TXN04633,2026-07-13 01:00:00,25.39,Swiggy,Food,IN,Web
TXN04634,2026-07-13 02:00:00,66.93,Amazon,Bills,IN,iOS
TXN04635,2026-07-13 03:00:00,25.04,Flipkart,Bills,IN,Android
TXN04636,2026-07-13 04:00:00,7.08,Swiggy,Food,IN,Web
TXN04637,2026-07-13 05:00:00,27.7,Other,Bills,IN,Android
TXN04638,2026-07-13 06:00:00,40.18,Swiggy,Bills,IN,Android
TXN04639,2026-07-13 07:00:00,36.84,Other,Entertainment,IN,Android
TXN04640,2026-07-13 08:00:00,146.6,Reliance,Entertainment,IN,Android
TXN04641,2026-07-13 09:00:00,36.64,Reliance,Food,IN,iOS
TXN04642,2026-07-13 10:00:00,96.8,Reliance,Travel,IN,Android
TXN04643,2026-07-13 11:00:00,53.93,Myntra,Bills,IN,Android
TXN04644,2026-07-13 12:00:00,53.12,Reliance,Food,IN,iOS
TXN04645,2026-07-13 13:00:00,31.72,Flipkart,Travel,IN,Android
TXN04646,2026-07-13 14:00:00,52.55,Reliance,Travel,IN,Android
TXN04647,2026-07-13 15:00:00,33.2,Amazon,Food,IN,Android
TXN04648,2026-07-13 16:00:00,60.98,Reliance,Shopping,IN,Android
TXN04649,2026-07-13 17:00:00,46.83,Myntra,Shopping,IN,Android
TXN04650,2026-07-13 18:00:00,29.55,Reliance,Bills,IN,iOS
TXN04651,2026-07-13 19:00:00,104.04,Myntra,Entertainment,IN,Android
TXN04652,2026-07-13 20:00:00,72.06,Swiggy,Bills,IN,Android
TXN04653,2026-07-13 21:00:00,40.8,Swiggy,Food,IN,iOS
TXN04654,2026-07-13 22:00:00,60.01,Myntra,Shopping,IN,Android
TXN04655,2026-07-13 23:00:00,51.7,Uber,Bills,IN,iOS
TXN04656,2026-07-14 00:00:00,31.06,Swiggy,Shopping,IN,Android
TXN04657,2026-07-14 01:00:00,57.16,Uber,Travel,IN,Web
TXN04658,2026-07-14 02:00:00,36.46,Uber,Entertainment,IN,Android
TXN04659,2026-07-14 03:00:00,29.54,Flipkart,Shopping,IN,iOS
TXN04660,2026-07-14 04:00:00,19.01,Myntra,Travel,IN,iOS
TXN04661,2026-07-14 05:00:00,284.70326911926395,Swiggy,Entertainment,IN,iOS
TXN04662,2026-07-14 06:00:00,78.93,Flipkart,Food,IN,iOS
TXN04663,2026-07-14 07:00:00,34.76,Swiggy,Entertainment,IN,Android
TXN04664,2026-07-14 08:00:00,281.03,Amazon,Entertainment,IN,Android
TXN04665,2026-07-14 09:00:00,97.1,Myntra,Travel,IN,Web
TXN04666,2026-07-14 10:00:00,127.46,Reliance,Food,IN,Web
TXN04667,2026-07-14 11:00:00,91.55,Other,Bills,IN,Android
TXN04668,2026-07-14 12:00:00,182.06,Flipkart,Bills,IN,iOS
TXN04669,2026-07-14 13:00:00,32.74,Uber,Travel,IN,iOS
TXN04670,2026-07-14 14:00:00,10.33,Uber,Shopping,IN,iOS
TXN04671,2026-07-14 15:00:00,40.85,Reliance,Bills,IN,Web
TXN04672,2026-07-14 16:00:00,78.48,Myntra,Food,IN,iOS
TXN04673,2026-07-14 17:00:00,60.25,Reliance,Shopping,IN,Android
TXN04674,2026-07-14 18:00:00,65.3,Reliance,Shopping,IN,iOS
TXN04675,2026-07-14 19:00:00,128.84,Amazon,Travel,IN,Android
TXN04676,2026-07-14 20:00:00,69.99,Swiggy,Shopping,IN,Android
TXN04677,2026-07-14 21:00:00,91.77,Myntra,Food,IN,iOS
TXN04678,2026-07-14 22:00:00,29.64,Uber,Food,IN,iOS
TXN04679,2026-07-14 23:00:00,26.79,Uber,Travel,IN,Android
TXN04680,2026-07-15 00:00:00,155.89,Flipkart,Bills,IN,iOS
TXN04681,2026-07-15 01:00:00,58.3,Myntra,Travel,IN,Android
TXN04682,2026-07-15 02:00:00,36.41,Reliance,Travel,IN,Android
TXN04683,2026-07-15 03:00:00,36.46,Amazon,Shopping,IN,iOS
TXN04684,2026-07-15 04:00:00,35.8,Myntra,Shopping,IN,iOS
TXN04685,2026-07-15 05:00:00,34.44,Other,Entertainment,IN,Android
TXN04686,2026-07-15 06:00:00,23.71,Myntra,Bills,IN,Android
TXN04687,2026-07-15 07:00:00,20.59,Other,Shopping,IN,iOS
TXN04688,2026-07-15 08:00:00,48.1,Swiggy,Travel,IN,Android
TXN04689,2026-07-15 09:00:00,37.14,Amazon,Shopping,IN,Web
TXN04690,2026-07-15 10:00:00,112.13,Myntra,Shopping,IN,Android
TXN04691,2026-07-15 11:00:00,66.06,Flipkart,Food,IN,Web
TXN04692,2026-07-15 12:00:00,64.87,Amazon,Bills,IN,Android
TXN04693,2026-07-15 13:00:00,33.68,Flipkart,Bills,IN,Android
TXN04694,2026-07-15 14:00:00,50.47,Other,Bills,IN,Android
TXN04695,2026-07-15 15:00:00,69.04,Reliance,Shopping,IN,iOS
TXN04696,2026-07-15 16:00:00,86.97,Flipkart,Shopping,IN,Web
TXN04697,2026-07-15 17:00:00,51.37,Myntra,Travel,IN,Android
TXN04698,2026-07-15 18:00:00,110.1,Swiggy,Entertainment,IN,Android
TXN04699,2026-07-15 19:00:00,54.88,Flipkart,Bills,IN,Android
TXN04700,2026-07-15 20:00:00,91.41,Other,Bills,IN,iOS
TXN04701,2026-07-15 21:00:00,39.71,Reliance,Shopping,IN,Android
TXN04702,2026-07-15 22:00:00,16.81,Swiggy,Entertainment,IN,Web
TXN04703,2026-07-15 23:00:00,65.0,Swiggy,Entertainment,IN,Android
TXN04704,2026-07-16 00:00:00,87.48,Reliance,Travel,IN,iOS
TXN04705,2026-07-16 01:00:00,79.36,Uber,Food,IN,iOS
TXN04706,2026-07-16 02:00:00,71.84,Swiggy,Bills,IN,Android
TXN04707,2026-07-16 03:00:00,43.53,Swiggy,Bills,IN,Android
TXN04708,2026-07-16 04:00:00,32.32,Uber,Entertainment,IN,Web
TXN04709,2026-07-16 05:00:00,78.15,Uber,Shopping,IN,Android
TXN04710,2026-07-16 06:00:00,72.04,Amazon,Travel,IN,iOS
TXN04711,2026-07-16 07:00:00,37.92,Uber,Bills,IN,Web
TXN04712,2026-07-16 08:00:00,112.29,Uber,Food,IN,Android
TXN04713,2026-07-16 09:00:00,388.20084564647243,Flipkart,Entertainment,IN,Web
TXN04714,2026-07-16 10:00:00,37.36,Swiggy,Shopping,IN,Android
TXN04715,2026-07-16 11:00:00,158.17,Swiggy,Shopping,IN,iOS
TXN04716,2026-07-16 12:00:00,96.02,Swiggy,Bills,IN,Android
TXN04717,2026-07-16 13:00:00,43.26,Other,Shopping,IN,Android
TXN04718,2026-07-16 14:00:00,65.81,Uber,Travel,IN,Android
TXN04719,2026-07-16 15:00:00,60.38,Uber,Food,IN,Android
TXN04720,2026-07-16 16:00:00,9.16,Flipkart,Bills,IN,Android
TXN04721,2026-07-16 17:00:00,30.29,Other,Shopping,IN,Android
TXN04722,2026-07-16 18:00:00,52.82,Amazon,Food,IN,iOS
TXN04723,2026-07-16 19:00:00,43.3,Uber,Entertainment,IN,Android
TXN04724,2026-07-16 20:00:00,64.11,Flipkart,Food,IN,Android
TXN04725,2026-07-16 21:00:00,113.77,Reliance,Travel,IN,Android
TXN04726,2026-07-16 22:00:00,44.3,Swiggy,Entertainment,IN,Android
TXN04727,2026-07-16 23:00:00,27.45,Swiggy,Bills,IN,Android
TXN04728,2026-07-17 00:00:00,67.43,Amazon,Bills,IN,Android
TXN04729,2026-07-17 01:00:00,44.15,Reliance,Entertainment,IN,iOS
TXN04730,2026-07-17 02:00:00,49.33,Swiggy,Bills,IN,iOS
TXN04731,2026-07-17 03:00:00,45.17,Flipkart,Entertainment,IN,iOS
TXN04732,2026-07-17 04:00:00,234.44,Reliance,Travel,IN,Android
TXN04733,2026-07-17 05:00:00,12.72,Amazon,Entertainment,IN,Web
TXN04734,2026-07-17 06:00:00,42.42,Uber,Bills,IN,iOS
TXN04735,2026-07-17 07:00:00,54.47,Flipkart,Food,IN,iOS
TXN04736,2026-07-17 08:00:00,32.86,Amazon,Travel,IN,Android
TXN04737,2026-07-17 09:00:00,97.99,Amazon,Food,IN,Android
TXN04738,2026-07-17 10:00:00,92.63,Flipkart,Food,IN,Android
TXN04739,2026-07-17 11:00:00,52.93,Other,Food,IN,Android
TXN04740,2026-07-17 12:00:00,45.79,Uber,Travel,IN,iOS
TXN04741,2026-07-17 13:00:00,50.77,Other,Food,IN,Android
TXN04742,2026-07-17 14:00:00,51.0,Flipkart,Bills,IN,Android
TXN04743,2026-07-17 15:00:00,51.89,Reliance,Food,IN,Android
TXN04744,2026-07-17 16:00:00,48.32,Amazon,Travel,IN,Android
TXN04745,2026-07-17 17:00:00,64.33,Amazon,Shopping,IN,Android
TXN04746,2026-07-17 18:00:00,89.08,Amazon,Food,IN,Android
TXN04747,2026-07-17 19:00:00,24.54,Other,Food,IN,Android
TXN04748,2026-07-17 20:00:00,27.58,Myntra,Entertainment,IN,Android
TXN04749,2026-07-17 21:00:00,17.52,Reliance,Travel,IN,iOS
TXN04750,2026-07-17 22:00:00,95.89,Other,Shopping,IN,Web
TXN04751,2026-07-17 23:00:00,64.25,Swiggy,Food,IN,Web
TXN04752,2026-07-18 00:00:00,75.82,Reliance,Bills,IN,iOS
TXN04753,2026-07-18 01:00:00,21.56,Uber,Shopping,IN,Android
TXN04754,2026-07-18 02:00:00,174.2,Uber,Shopping,IN,iOS
TXN04755,2026-07-18 03:00:00,36.75,Myntra,Food,IN,Web
TXN04756,2026-07-18 04:00:00,60.91,Uber,Food,IN,Android
TXN04757,2026-07-18 05:00:00,95.14,Amazon,Travel,IN,Android
TXN04758,2026-07-18 06:00:00,28.74,Amazon,Shopping,IN,iOS
TXN04759,2026-07-18 07:00:00,38.28,Uber,Bills,IN,Android
TXN04760,2026-07-18 08:00:00,61.34,Uber,Food,IN,iOS
TXN04761,2026-07-18 09:00:00,349.8,Reliance,Bills,IN,Android
TXN04762,2026-07-18 10:00:00,66.4,Myntra,Travel,IN,Android
TXN04763,2026-07-18 11:00:00,155.11,Flipkart,Food,IN,iOS
TXN04764,2026-07-18 12:00:00,119.54,Swiggy,Travel,IN,iOS
TXN04765,2026-07-18 13:00:00,69.35,Uber,Shopping,IN,iOS
TXN04766,2026-07-18 14:00:00,28.7,Other,Bills,IN,iOS
TXN04767,2026-07-18 15:00:00,108.73,Uber,Food,IN,Web
TXN04768,2026-07-18 16:00:00,20.62,Myntra,Food,IN,Android
TXN04769,2026-07-18 17:00:00,154.56,Reliance,Shopping,IN,Web
TXN04770,2026-07-18 18:00:00,62.18,Swiggy,Food,IN,Android
TXN04771,2026-07-18 19:00:00,9.75,Other,Food,IN,Android
TXN04772,2026-07-18 20:00:00,43.76,Myntra,Food,IN,iOS
TXN04773,2026-07-18 21:00:00,83.52,Reliance,Entertainment,IN,Android
TXN04774,2026-07-18 22:00:00,46.8,Reliance,Food,IN,Web
TXN04775,2026-07-18 23:00:00,86.9,Myntra,Shopping,IN,Android
TXN04776,2026-07-19 00:00:00,31.42,Amazon,Travel,IN,Android
TXN04777,2026-07-19 01:00:00,23.36,Myntra,Food,IN,Android
TXN04778,2026-07-19 02:00:00,52.12,Amazon,Travel,IN,iOS
TXN04779,2026-07-19 03:00:00,55.73,Myntra,Bills,IN,iOS
TXN04780,2026-07-19 04:00:00,43.53,Myntra,Shopping,IN,Android
TXN04781,2026-07-19 05:00:00,121.24,Uber,Travel,IN,Android
TXN04782,2026-07-19 06:00:00,31.42,Swiggy,Shopping,IN,Android
TXN04783,2026-07-19 07:00:00,66.92,Amazon,Shopping,IN,Android
TXN04784,2026-07-19 08:00:00,57.06,Myntra,Shopping,IN,iOS
TXN04785,2026-07-19 09:00:00,19.85,Myntra,Shopping,IN,iOS
TXN04786,2026-07-19 10:00:00,23.16,Uber,Food,IN,Android
TXN04787,2026-07-19 11:00:00,55.02,Reliance,Entertainment,IN,Android
TXN04788,2026-07-19 12:00:00,197.9,Reliance,Entertainment,IN,iOS
TXN04789,2026-07-19 13:00:00,79.56,Uber,Shopping,IN,Android
TXN04790,2026-07-19 14:00:00,17.78,Amazon,Entertainment,IN,Android
TXN04791,2026-07-19 15:00:00,7.23,Other,Bills,IN,iOS
TXN04792,2026-07-19 16:00:00,87.93,Uber,Travel,IN,Android
TXN04793,2026-07-19 17:00:00,51.29,Myntra,Bills,IN,Android
TXN04794,2026-07-19 18:00:00,114.64,Other,Travel,IN,Android
TXN04795,2026-07-19 19:00:00,30.8,Swiggy,Food,IN,iOS
TXN04796,2026-07-19 20:00:00,68.56,Myntra,Travel,IN,Android
TXN04797,2026-07-19 21:00:00,94.63,Amazon,Bills,IN,iOS
TXN04798,2026-07-19 22:00:00,40.82,Other,Bills,IN,Android
TXN04799,2026-07-19 23:00:00,41.39,Amazon,Shopping,IN,Android
TXN04800,2026-07-20 00:00:00,55.5,Uber,Entertainment,IN,iOS
TXN04801,2026-07-20 01:00:00,77.69,Swiggy,Food,IN,Android
TXN04802,2026-07-20 02:00:00,54.09,Amazon,Entertainment,IN,Android
TXN04803,2026-07-20 03:00:00,102.83,Uber,Food,IN,Android
TXN04804,2026-07-20 04:00:00,40.44,Other,Shopping,IN,iOS
TXN04805,2026-07-20 05:00:00,23.02,Flipkart,Entertainment,IN,Android
TXN04806,2026-07-20 06:00:00,197.36,Swiggy,Travel,IN,iOS
TXN04807,2026-07-20 07:00:00,36.85,Flipkart,Food,IN,Android
TXN04808,2026-07-20 08:00:00,37.73,Amazon,Shopping,IN,Android
TXN04809,2026-07-20 09:00:00,52.31,Flipkart,Shopping,IN,Android
TXN04810,2026-07-20 10:00:00,57.04,Myntra,Shopping,IN,Android
TXN04811,2026-07-20 11:00:00,42.46,Reliance,Entertainment,IN,iOS
TXN04812,2026-07-20 12:00:00,53.98,Myntra,Shopping,IN,Android
TXN04813,2026-07-20 13:00:00,53.21,Reliance,Shopping,IN,Web
TXN04814,2026-07-20 14:00:00,61.17,Reliance,Entertainment,IN,Android
TXN04815,2026-07-20 15:00:00,11.79,Swiggy,Entertainment,IN,Android
TXN04816,2026-07-20 16:00:00,185.41,Other,Food,IN,Android
TXN04817,2026-07-20 17:00:00,49.61,Flipkart,Bills,IN,iOS
TXN04818,2026-07-20 18:00:00,79.63,Myntra,Travel,IN,Android
TXN04819,2026-07-20 19:00:00,22.29,Amazon,Travel,IN,iOS
TXN04820,2026-07-20 20:00:00,40.2,Reliance,Food,IN,Web
TXN04821,2026-07-20 21:00:00,35.27,Amazon,Bills,IN,iOS
TXN04822,2026-07-20 22:00:00,141.93,Flipkart,Entertainment,IN,Android
TXN04823,2026-07-20 23:00:00,37.31,Swiggy,Bills,IN,iOS
TXN04824,2026-07-21 00:00:00,89.37,Myntra,Entertainment,IN,Android
TXN04825,2026-07-21 01:00:00,35.77,Amazon,Shopping,IN,Android
TXN04826,2026-07-21 02:00:00,40.68,Flipkart,Bills,IN,Android
TXN04827,2026-07-21 03:00:00,46.54,Swiggy,Entertainment,IN,iOS
TXN04828,2026-07-21 04:00:00,125.78,Reliance,Travel,IN,Android
TXN04829,2026-07-21 05:00:00,15.98,Other,Entertainment,IN,iOS
TXN04830,2026-07-21 06:00:00,23.22,Myntra,Food,IN,iOS
TXN04831,2026-07-21 07:00:00,15.4,Uber,Entertainment,IN,Android
TXN04832,2026-07-21 08:00:00,26.93,Swiggy,Entertainment,IN,Android
TXN04833,2026-07-21 09:00:00,32.22,Reliance,Bills,IN,iOS
TXN04834,2026-07-21 10:00:00,19.12,Amazon,Bills,IN,Android
TXN04835,2026-07-21 11:00:00,33.88,Amazon,Travel,IN,Android
TXN04836,2026-07-21 12:00:00,14.74,Flipkart,Food,IN,Android
TXN04837,2026-07-21 13:00:00,28.17,Flipkart,Travel,IN,Web
TXN04838,2026-07-21 14:00:00,119.14,Uber,Entertainment,IN,Android
TXN04839,2026-07-21 15:00:00,70.98,Other,Shopping,IN,Android
TXN04840,2026-07-21 16:00:00,61.67,Myntra,Food,IN,Android
TXN04841,2026-07-21 17:00:00,28.45,Swiggy,Travel,IN,Android
TXN04842,2026-07-21 18:00:00,20.12,Flipkart,Food,IN,Web
TXN04843,2026-07-21 19:00:00,26.04,Myntra,Bills,IN,Android
TXN04844,2026-07-21 20:00:00,53.09,Flipkart,Food,IN,iOS
TXN04845,2026-07-21 21:00:00,96.0,Other,Bills,IN,iOS
TXN04846,2026-07-21 22:00:00,98.15,Uber,Shopping,IN,Android
TXN04847,2026-07-21 23:00:00,82.26,Uber,Food,IN,iOS
TXN04848,2026-07-22 00:00:00,33.8,Other,Bills,IN,Web
TXN04849,2026-07-22 01:00:00,55.48,Swiggy,Travel,IN,iOS
TXN04850,2026-07-22 02:00:00,44.31,Uber,Bills,IN,iOS
TXN04851,2026-07-22 03:00:00,535.3211599526938,Uber,Bills,IN,Android
TXN04852,2026-07-22 04:00:00,205.23,Flipkart,Food,IN,iOS
TXN04853,2026-07-22 05:00:00,17.37,Amazon,Travel,IN,Android
TXN04854,2026-07-22 06:00:00,46.87,Flipkart,Entertainment,IN,iOS
TXN04855,2026-07-22 07:00:00,120.02,Amazon,Entertainment,IN,Android
TXN04856,2026-07-22 08:00:00,21.06,Myntra,Shopping,IN,iOS
TXN04857,2026-07-22 09:00:00,35.93,Amazon,Bills,IN,Web
TXN04858,2026-07-22 10:00:00,38.71,Swiggy,Travel,IN,iOS
TXN04859,2026-07-22 11:00:00,47.22,Other,Shopping,IN,Android
TXN04860,2026-07-22 12:00:00,19.35,Uber,Bills,IN,iOS
TXN04861,2026-07-22 13:00:00,80.39,Myntra,Shopping,IN,Web
TXN04862,2026-07-22 14:00:00,84.19,Myntra,Food,IN,iOS
TXN04863,2026-07-22 15:00:00,75.98,Swiggy,Bills,IN,Web
TXN04864,2026-07-22 16:00:00,31.01,Myntra,Entertainment,IN,iOS
TXN04865,2026-07-22 17:00:00,57.76,Flipkart,Travel,IN,Web
TXN04866,2026-07-22 18:00:00,30.43,Myntra,Entertainment,IN,Android
TXN04867,2026-07-22 19:00:00,43.98,Myntra,Entertainment,IN,Android
TXN04868,2026-07-22 20:00:00,221.35,Other,Travel,IN,iOS
TXN04869,2026-07-22 21:00:00,58.1,Other,Shopping,IN,Web
TXN04870,2026-07-22 22:00:00,25.23,Amazon,Bills,IN,Android
TXN04871,2026-07-22 23:00:00,61.39,Swiggy,Shopping,IN,Android
TXN04872,2026-07-23 00:00:00,22.68,Uber,Entertainment,IN,Android
TXN04873,2026-07-23 01:00:00,25.04,Swiggy,Food,IN,iOS
TXN04874,2026-07-23 02:00:00,27.75,Myntra,Bills,IN,Web
TXN04875,2026-07-23 03:00:00,40.9,Reliance,Bills,IN,iOS
TXN04876,2026-07-23 04:00:00,100.39,Flipkart,Travel,IN,Android
TXN04877,2026-07-23 05:00:00,79.52,Other,Entertainment,IN,Android
TXN04878,2026-07-23 06:00:00,76.7,Other,Bills,IN,Web
TXN04879,2026-07-23 07:00:00,26.73,Other,Entertainment,IN,Android
TXN04880,2026-07-23 08:00:00,38.4,Amazon,Shopping,IN,Android
TXN04881,2026-07-23 09:00:00,65.16,Swiggy,Travel,IN,Android
TXN04882,2026-07-23 10:00:00,36.29,Amazon,Entertainment,IN,iOS
TXN04883,2026-07-23 11:00:00,45.56,Amazon,Entertainment,IN,Android
TXN04884,2026-07-23 12:00:00,72.74,Amazon,Travel,IN,Android
TXN04885,2026-07-23 13:00:00,43.52,Uber,Shopping,IN,Android
TXN04886,2026-07-23 14:00:00,63.24,Amazon,Food,IN,Web
TXN04887,2026-07-23 15:00:00,153.74,Swiggy,Travel,IN,Android
TXN04888,2026-07-23 16:00:00,48.83,Other,Bills,IN,Android
TXN04889,2026-07-23 17:00:00,117.52,Other,Entertainment,IN,Android
TXN04890,2026-07-23 18:00:00,78.54,Other,Shopping,IN,Android
TXN04891,2026-07-23 19:00:00,21.04,Amazon,Food,IN,iOS
TXN04892,2026-07-23 20:00:00,26.67,Myntra,Food,IN,iOS
TXN04893,2026-07-23 21:00:00,31.76,Myntra,Entertainment,IN,Android
TXN04894,2026-07-23 22:00:00,31.32,Amazon,Shopping,IN,Web
TXN04895,2026-07-23 23:00:00,51.49,Other,Food,IN,Android
TXN04896,2026-07-24 00:00:00,81.41,Swiggy,Food,IN,Web
TXN04897,2026-07-24 01:00:00,123.45,Other,Shopping,IN,Android
TXN04898,2026-07-24 02:00:00,66.71,Amazon,Bills,IN,Android
TXN04899,2026-07-24 03:00:00,40.87,Myntra,Travel,IN,Web
TXN04900,2026-07-24 04:00:00,14.11,Amazon,Travel,IN,Web
TXN04901,2026-07-24 05:00:00,57.16,Other,Entertainment,IN,iOS
TXN04902,2026-07-24 06:00:00,55.52,Myntra,Travel,IN,iOS
TXN04903,2026-07-24 07:00:00,61.49,Amazon,Food,IN,iOS
TXN04904,2026-07-24 08:00:00,214.66,Flipkart,Food,IN,iOS
TXN04905,2026-07-24 09:00:00,122.29,Swiggy,Entertainment,IN,Android
TXN04906,2026-07-24 10:00:00,90.95,Amazon,Travel,IN,Android
TXN04907,2026-07-24 11:00:00,29.21,Amazon,Shopping,IN,iOS
TXN04908,2026-07-24 12:00:00,39.12,Other,Bills,IN,iOS
TXN04909,2026-07-24 13:00:00,51.33,Other,Bills,IN,Web
TXN04910,2026-07-24 14:00:00,32.98,Uber,Food,IN,Android
TXN04911,2026-07-24 15:00:00,75.59,Other,Travel,IN,Android
TXN04912,2026-07-24 16:00:00,68.85,Myntra,Travel,IN,Android
TXN04913,2026-07-24 17:00:00,26.91,Amazon,Shopping,IN,iOS
TXN04914,2026-07-24 18:00:00,118.86,Reliance,Shopping,IN,Android
TXN04915,2026-07-24 19:00:00,58.35,Amazon,Bills,IN,Web
TXN04916,2026-07-24 20:00:00,17.74,Reliance,Bills,IN,Android
TXN04917,2026-07-24 21:00:00,52.81,Swiggy,Bills,IN,Android
TXN04918,2026-07-24 22:00:00,65.55,Amazon,Food,IN,iOS
TXN04919,2026-07-24 23:00:00,102.75,Flipkart,Travel,IN,Android
TXN04920,2026-07-25 00:00:00,43.84,Myntra,Entertainment,IN,iOS
TXN04921,2026-07-25 01:00:00,93.52,Reliance,Food,IN,Android
TXN04922,2026-07-25 02:00:00,61.66,Uber,Bills,IN,Android
TXN04923,2026-07-25 03:00:00,23.22,Flipkart,Shopping,IN,iOS
TXN04924,2026-07-25 04:00:00,21.76,Other,Shopping,IN,Web
TXN04925,2026-07-25 05:00:00,113.26,Reliance,Entertainment,IN,Android
TXN04926,2026-07-25 06:00:00,118.79,Swiggy,Shopping,IN,Android
TXN04927,2026-07-25 07:00:00,67.35,Uber,Bills,IN,iOS
TXN04928,2026-07-25 08:00:00,144.35,Other,Travel,IN,Web
TXN04929,2026-07-25 09:00:00,108.51,Swiggy,Entertainment,IN,iOS
TXN04930,2026-07-25 10:00:00,85.15,Amazon,Travel,IN,iOS
TXN04931,2026-07-25 11:00:00,30.19,Flipkart,Bills,IN,Android
TXN04932,2026-07-25 12:00:00,168.25,Myntra,Entertainment,IN,iOS
TXN04933,2026-07-25 13:00:00,77.37,Other,Entertainment,IN,Web
TXN04934,2026-07-25 14:00:00,42.49,Reliance,Bills,IN,Web
TXN04935,2026-07-25 15:00:00,35.36,Myntra,Shopping,IN,iOS
TXN04936,2026-07-25 16:00:00,64.52,Swiggy,Shopping,IN,iOS
TXN04937,2026-07-25 17:00:00,18.43,Uber,Travel,IN,Web
TXN04938,2026-07-25 18:00:00,86.04,Amazon,Bills,IN,Android
TXN04939,2026-07-25 19:00:00,29.38,Swiggy,Bills,IN,Android
TXN04940,2026-07-25 20:00:00,69.47,Myntra,Bills,IN,Web
TXN04941,2026-07-25 21:00:00,38.9,Other,Shopping,IN,Android
TXN04942,2026-07-25 22:00:00,45.98,Other,Shopping,IN,Android
TXN04943,2026-07-25 23:00:00,33.38,Reliance,Shopping,IN,Android
TXN04944,2026-07-26 00:00:00,49.17,Amazon,Travel,IN,iOS
TXN04945,2026-07-26 01:00:00,186.44,Reliance,Bills,IN,iOS
TXN04946,2026-07-26 02:00:00,134.33,Flipkart,Shopping,IN,iOS
TXN04947,2026-07-26 03:00:00,68.75,Myntra,Entertainment,IN,Android
TXN04948,2026-07-26 04:00:00,53.71,Other,Food,IN,Android
TXN04949,2026-07-26 05:00:00,94.51,Other,Bills,IN,Android
TXN04950,2026-07-26 06:00:00,113.8,Myntra,Bills,IN,Web
TXN04951,2026-07-26 07:00:00,31.84,Swiggy,Shopping,IN,Android
TXN04952,2026-07-26 08:00:00,51.92,Uber,Entertainment,IN,iOS
TXN04953,2026-07-26 09:00:00,16.71,Myntra,Entertainment,IN,iOS
TXN04954,2026-07-26 10:00:00,113.3,Uber,Entertainment,IN,iOS
TXN04955,2026-07-26 11:00:00,208.99,Swiggy,Shopping,IN,iOS
TXN04956,2026-07-26 12:00:00,57.52,Swiggy,Food,IN,iOS
TXN04957,2026-07-26 13:00:00,13.72,Myntra,Food,IN,iOS
TXN04958,2026-07-26 14:00:00,81.11,Amazon,Travel,IN,Android
TXN04959,2026-07-26 15:00:00,30.34,Other,Entertainment,IN,Android
TXN04960,2026-07-26 16:00:00,35.47,Amazon,Bills,IN,Android
TXN04961,2026-07-26 17:00:00,82.05,Other,Bills,IN,Android
TXN04962,2026-07-26 18:00:00,64.42,Amazon,Travel,IN,iOS
TXN04963,2026-07-26 19:00:00,39.75,Uber,Entertainment,IN,Android
TXN04964,2026-07-26 20:00:00,35.79,Swiggy,Entertainment,IN,iOS
TXN04965,2026-07-26 21:00:00,59.25,Myntra,Entertainment,IN,Android
TXN04966,2026-07-26 22:00:00,41.84,Uber,Entertainment,IN,iOS
TXN04967,2026-07-26 23:00:00,26.55,Other,Bills,IN,Android
TXN04968,2026-07-27 00:00:00,43.98,Amazon,Shopping,IN,Android
TXN04969,2026-07-27 01:00:00,68.08,Other,Food,IN,Android
TXN04970,2026-07-27 02:00:00,48.63,Myntra,Bills,IN,iOS
TXN04971,2026-07-27 03:00:00,21.78,Reliance,Food,IN,Android
TXN04972,2026-07-27 04:00:00,103.84,Amazon,Shopping,IN,iOS
TXN04973,2026-07-27 05:00:00,9.21,Amazon,Entertainment,IN,iOS
TXN04974,2026-07-27 06:00:00,40.85,Swiggy,Travel,IN,Web
TXN04975,2026-07-27 07:00:00,36.48,Swiggy,Entertainment,IN,iOS
TXN04976,2026-07-27 08:00:00,60.12,Reliance,Food,IN,iOS
TXN04977,2026-07-27 09:00:00,78.66,Other,Food,IN,iOS
TXN04978,2026-07-27 10:00:00,113.57,Swiggy,Food,IN,Android
TXN04979,2026-07-27 11:00:00,34.36,Reliance,Food,IN,iOS
TXN04980,2026-07-27 12:00:00,79.94,Amazon,Travel,IN,Android
TXN04981,2026-07-27 13:00:00,62.01,Reliance,Food,IN,iOS
TXN04982,2026-07-27 14:00:00,17.95,Amazon,Entertainment,IN,Android
TXN04983,2026-07-27 15:00:00,187.8,Myntra,Food,IN,Android
TXN04984,2026-07-27 16:00:00,21.43,Swiggy,Travel,IN,iOS
TXN04985,2026-07-27 17:00:00,71.71,Swiggy,Entertainment,IN,Android
TXN04986,2026-07-27 18:00:00,70.35,Flipkart,Travel,IN,Android
TXN04987,2026-07-27 19:00:00,65.31,Swiggy,Shopping,IN,Android
TXN04988,2026-07-27 20:00:00,39.59,Other,Shopping,IN,iOS
TXN04989,2026-07-27 21:00:00,93.48,Reliance,Travel,IN,Android
TXN04990,2026-07-27 22:00:00,19.8,Swiggy,Bills,IN,Android
TXN04991,2026-07-27 23:00:00,52.31,Swiggy,Entertainment,IN,Web
TXN04992,2026-07-28 00:00:00,37.84,Uber,Shopping,IN,Web
TXN04993,2026-07-28 01:00:00,35.15,Myntra,Travel,IN,Android
TXN04994,2026-07-28 02:00:00,72.15,Flipkart,Food,IN,Android
TXN04995,2026-07-28 03:00:00,1007.4586338102024,Reliance,Travel,IN,Android
TXN04996,2026-07-28 04:00:00,43.68,Other,Travel,IN,Web
TXN04997,2026-07-28 05:00:00,90.69,Reliance,Food,IN,Android
TXN04998,2026-07-28 06:00:00,56.39,Uber,Shopping,IN,Android
TXN04999,2026-07-28 07:00:00,30.56,Swiggy,Shopping,IN,Android
